0.00500326,0.01265963,0.83205646,-0.00169461,0.71345776,0.70000595,0.03109416,-0.08842792,0.03132892,0.34265026,0.85701877,-0.45315173,0.00000000,-0.68202239,-0.25578609,-0.27218750,0.97360963,-0.22639014,-0.00000000,-0.36025926,0.10430794,0.50572163,-0.27076828,0.81621110,0.20932963,0.03990954,-0.00855996,-0.01767807,-0.00000000,0.25662869,-0.73395056,-0.27065581,0.17515837,0.01946274,-0.00400568,0.00000000
0.00148722,0.00775519,0.84295058,-0.00483825,0.70727682,0.70642132,0.02655224,-0.09003850,0.03503826,0.34187254,0.84942150,-0.44866091,0.00000000,-0.67599410,-0.25108099,-0.27508333,0.96838963,-0.22356185,-0.00000000,-0.36518699,0.09756309,0.49413806,-0.26935920,0.82311749,0.21536593,0.03932438,-0.00867014,-0.01840838,-0.00000000,0.26499102,-0.73729736,-0.27491724,0.17266248,0.01938423,-0.00516117,0.00000000
-0.00118129,0.00440778,0.85473281,-0.00835983,0.70096767,0.71278375,0.02266524,-0.09187707,0.03977871,0.34026960,0.84171224,-0.44280887,0.00000000,-0.66875249,-0.24571572,-0.27819461,0.96323061,-0.22033270,-0.00000000,-0.37010252,0.09021828,0.48017928,-0.26739365,0.83244121,0.22315669,0.03857037,-0.00883013,-0.01929339,-0.00000000,0.27444336,-0.74222106,-0.28033623,0.16923499,0.01929243,-0.00651694,0.00000000
-0.00215472,0.00417441,0.86829126,-0.01263743,0.69448191,0.71911860,0.02009144,-0.09417166,0.04658137,0.33701611,0.83377886,-0.43423432,0.00000000,-0.65908432,-0.23903035,-0.28173700,0.95819330,-0.21630186,-0.00000000,-0.37499371,0.08167353,0.46147019,-0.26431516,0.84660017,0.23445648,0.03747871,-0.00908973,-0.02048780,-0.00000000,0.28607577,-0.75029904,-0.28807035,0.16394427,0.01917410,-0.00827328,0.00000000
-0.00301617,0.00495397,0.88220567,-0.01554865,0.68748248,0.72586638,0.01562466,-0.09799930,0.05523199,0.33214325,0.82877260,-0.42450109,0.00000000,-0.64536554,-0.23198040,-0.28451985,0.95633197,-0.21243277,-0.00000000,-0.37789679,0.07244907,0.43790919,-0.26100820,0.86467636,0.24895063,0.03685019,-0.00938714,-0.02188514,-0.00000000,0.29673773,-0.76227438,-0.29837811,0.15699007,0.01898935,-0.01046848,0.00000000
-0.00382163,0.00623999,0.89629799,-0.01777531,0.68017381,0.73276424,0.01021043,-0.10259347,0.06480660,0.32646066,0.82523000,-0.41418853,0.00000000,-0.62962133,-0.22474808,-0.28692281,0.95605868,-0.20864458,0.00000000,-0.37980574,0.06288476,0.41192237,-0.25758702,0.88471127,0.26504198,0.03645325,-0.00970345,-0.02338394,-0.00000000,0.30691442,-0.77619880,-0.30997282,0.14920413,0.01877139,-0.01288309,0.00000000
-0.00386625,0.01219534,0.90632421,-0.02098583,0.66961545,0.74240130,0.00388464,-0.10832599,0.07634715,0.31818640,0.82994634,-0.40389785,0.00000000,-0.61175078,-0.21892859,-0.28753901,0.96028817,-0.20679514,-0.00000000,-0.37827790,0.05377822,0.38070449,-0.25550002,0.90972710,0.28440955,0.03761258,-0.00995244,-0.02496142,-0.00000000,0.31136248,-0.79705137,-0.32519427,0.13988282,0.01839621,-0.01562974,0.00000000
-0.00331821,0.01866984,0.91455829,-0.02393031,0.65842968,0.75225884,-0.00210061,-0.11412206,0.08795661,0.30922017,0.83796006,-0.39383003,0.00000000,-0.59510708,-0.21380316,-0.28789338,0.96510351,-0.20599979,-0.00000000,-0.37556678,0.04514603,0.34892356,-0.25420490,0.93574250,0.30405194,0.03970730,-0.01014922,-0.02645862,-0.00000000,0.31263524,-0.82003659,-0.34111413,0.13048209,0.01795712,-0.01837664,0.00000000
-0.00158484,0.02618261,0.91920811,-0.02634669,0.64614540,0.76272357,-0.00740217,-0.12004520,0.09970388,0.29887018,0.85256857,-0.38420767,0.00000000,-0.58091736,-0.21006577,-0.28772432,0.97109067,-0.20731266,0.00000000,-0.37048921,0.03746250,0.31601638,-0.25449368,0.96375710,0.32424414,0.04367277,-0.01024156,-0.02779527,-0.00000000,0.30755728,-0.84728706,-0.35843068,0.12092256,0.01739026,-0.02112405,0.00000000
0.00146722,0.02758412,0.92170262,-0.02636119,0.63305157,0.77356768,-0.01199219,-0.12696806,0.11180907,0.28693622,0.87413186,-0.37511379,0.00000000,-0.57246971,-0.20903060,-0.28719309,0.97653145,-0.21121097,0.00000000,-0.36247140,0.03057245,0.28563187,-0.25547996,0.99099797,0.34264958,0.05145857,-0.01016596,-0.02846228,-0.00000000,0.29432523,-0.87711000,-0.37511891,0.11221454,0.01666028,-0.02360678,0.00000000
0.00517864,0.02592998,0.92311960,-0.02517022,0.61944658,0.78446740,-0.01622371,-0.13439080,0.12409320,0.27421036,0.89917254,-0.36628413,0.00000000,-0.56689334,-0.20934652,-0.28648084,0.98169911,-0.21640189,0.00000000,-0.35298353,0.02407914,0.25650877,-0.25681517,1.01785183,0.36016169,0.06115454,-0.01000639,-0.02879447,-0.00000000,0.27701613,-0.90821892,-0.39149290,0.10393228,0.01584872,-0.02595717,0.00000000
0.01182983,0.02944318,0.91988820,-0.02147796,0.60758197,0.79371947,-0.01980672,-0.15155789,0.13640225,0.25993818,0.93178850,-0.35859120,0.00000000,-0.57028794,-0.21352899,-0.28536308,0.98770487,-0.22563718,0.00000000,-0.33644259,0.01765067,0.23907238,-0.25531480,1.03676915,0.37074184,0.08060062,-0.00953660,-0.02708632,0.00000000,0.24655916,-0.93792170,-0.40246570,0.09843723,0.01474620,-0.02760587,0.00000000
0.01941433,0.03320317,0.91706306,-0.01680162,0.59688950,0.80180222,-0.02353363,-0.17366412,0.14880162,0.24509224,0.96610272,-0.35140815,0.00000000,-0.57627660,-0.21871389,-0.28423053,0.99464667,-0.23603065,0.00000000,-0.31700361,0.01053611,0.22663343,-0.25206965,1.05155671,0.37832513,0.10372218,-0.00894650,-0.02458752,0.00000000,0.21213494,-0.96581608,-0.41104084,0.09408718,0.01355388,-0.02900344,0.00000000
0.02886544,0.03745675,0.91505021,-0.01016467,0.58873355,0.80779344,-0.02755392,-0.20564850,0.16138151,0.22909889,1.00381362,-0.34524491,0.00000000,-0.58745348,-0.22590366,-0.28306851,1.00346041,-0.24874058,0.00000000,-0.29176825,0.00204935,0.22418934,-0.24533498,1.05808473,0.37991473,0.13419476,-0.00811581,-0.02050738,0.00000000,0.16977620,-0.99009395,-0.41482037,0.09202719,0.01218192,-0.02989870,0.00000000
0.04149548,0.04799042,0.91201252,-0.00317846,0.58122277,0.81330079,-0.02668062,-0.25568673,0.17488483,0.21252167,1.03914618,-0.34120837,0.00000000,-0.60025102,-0.23405620,-0.28131220,1.01718998,-0.26296830,0.00000000,-0.25991046,-0.00975361,0.23558359,-0.23351221,1.05204105,0.37350169,0.17147589,-0.00699482,-0.01495712,0.00000000,0.12192417,-1.00630772,-0.41198337,0.09309751,0.01064782,-0.03016455,0.00000000
0.05571497,0.06166413,0.90846241,0.00398203,0.57399803,0.81851381,-0.02335888,-0.31475186,0.18884984,0.19565251,1.07328987,-0.33823520,0.00000000,-0.61385912,-0.24269021,-0.27925876,1.03337753,-0.27795488,0.00000000,-0.22474138,-0.02321468,0.25389704,-0.21914539,1.03971195,0.36308727,0.21216118,-0.00572869,-0.00867179,0.00000000,0.07132546,-1.01848912,-0.40583792,0.09573298,0.00903265,-0.03011568,0.00000000
0.06303470,0.06376518,0.90596032,0.00929771,0.56810355,0.82262623,-0.02139994,-0.39207837,0.20328367,0.17834286,1.09761870,-0.33893129,0.00000000,-0.63224280,-0.25080743,-0.27711481,1.05576754,-0.29483920,0.00000000,-0.18775299,-0.03708436,0.28693476,-0.20234716,1.01004446,0.34247440,0.25528353,-0.00416791,-0.00210695,0.00000000,0.01947950,-1.01312244,-0.38970056,0.10488622,0.00719896,-0.02884181,0.00000000
0.07036904,0.06532025,0.90236008,0.01499097,0.56361222,0.82566816,-0.01971538,-0.47632945,0.21796380,0.16099422,1.11654556,-0.34079775,0.00000000,-0.65144837,-0.25835764,-0.27504089,1.08041966,-0.31235465,0.00000000,-0.15027328,-0.05149114,0.32491109,-0.18511988,0.97428876,0.31831670,0.29847798,-0.00253381,0.00445155,0.00000000,-0.03201700,-1.00161433,-0.37032533,0.11646362,0.00531051,-0.02709890,0.00000000
0.07773260,0.06578337,0.89656377,0.02144008,0.56198913,0.82665789,-0.01858201,-0.57442963,0.23313655,0.14356774,1.12466896,-0.34500498,0.00000000,-0.67229789,-0.26477396,-0.27310690,1.10959637,-0.33113229,0.00000000,-0.11181101,-0.06697214,0.37276456,-0.16703427,0.92635679,0.28706929,0.34181654,-0.00075304,0.01099734,0.00000000,-0.08281457,-0.97782344,-0.34447461,0.13288935,0.00331253,-0.02441789,0.00000000
0.08502431,0.06655557,0.88696295,0.02568494,0.55778056,0.82946700,-0.01433874,-0.68061113,0.24675228,0.12734993,1.12083185,-0.35029647,0.00000000,-0.69263649,-0.26893672,-0.27182758,1.14321625,-0.35086381,0.00000000,-0.07516665,-0.07905702,0.42190364,-0.15325895,0.87324327,0.25253609,0.38103327,0.00102982,0.01662200,0.00000000,-0.13151462,-0.94386441,-0.31362683,0.15354463,0.00125197,-0.02093232,0.00000000
0.09228010,0.06748230,0.87545991,0.02882609,0.55224729,0.83313811,-0.00853983,-0.79083294,0.25958946,0.11173649,1.11101449,-0.35613000,0.00000000,-0.71271962,-0.27197275,-0.27087551,1.17905784,-0.37107223,0.00000000,-0.03943124,-0.08944381,0.47168580,-0.14163879,0.81753904,0.21635993,0.41818905,0.00281372,0.02178610,0.00000000,-0.17916594,-0.90482122,-0.28028071,0.17631470,-0.00083988,-0.01704448,0.00000000
0.09563091,0.06812678,0.86562914,0.03436928,0.55040765,0.83409977,-0.01215527,-0.88973749,0.26642367,0.09876998,1.09493554,-0.35984093,0.00000000,-0.73152846,-0.26810560,-0.27325562,1.21822870,-0.39125472,0.00000000,-0.01076611,-0.09187604,0.49628562,-0.14186338,0.76704615,0.18346064,0.44439030,0.00433644,0.02452820,0.00000000,-0.22299357,-0.85877812,-0.24527229,0.20192766,-0.00284746,-0.01287352,0.00000000
0.09897207,0.07016782,0.85419369,0.04041554,0.54939723,0.83440727,-0.01713969,-0.98600394,0.27074537,0.08699530,1.07741690,-0.36306965,0.00000000,-0.74918050,-0.26206857,-0.27659738,1.25831676,-0.41119006,0.00000000,0.01695439,-0.09217540,0.51415676,-0.14478663,0.71804088,0.15162531,0.46767539,0.00576911,0.02668047,0.00000000,-0.26507726,-0.81050223,-0.20961370,0.22830766,-0.00482208,-0.00860151,0.00000000
0.10229392,0.07500200,0.83954871,0.04746752,0.55004883,0.83341169,-0.02486160,-1.07699442,0.27004206,0.07760422,1.05701911,-0.36533394,0.00000000,-0.76451910,-0.25169176,-0.28186223,1.30023956,-0.43063095,0.00000000,0.04278563,-0.08820895,0.51857042,-0.15310711,0.67201084,0.12191775,0.48512822,0.00702172,0.02765308,0.00000000,-0.30367312,-0.75776094,-0.17265458,0.25622177,-0.00673076,-0.00412743,0.00000000
0.10520224,0.08380839,0.82123637,0.05332146,0.55244118,0.83106583,-0.03598846,-1.16443253,0.26349232,0.07108573,1.03615665,-0.36755225,0.00000000,-0.77660084,-0.23770803,-0.28834027,1.34294474,-0.44898880,0.00000000,0.06897529,-0.08154874,0.52006090,-0.16423237,0.62773472,0.09366078,0.49846441,0.00810031,0.02790130,0.00000000,-0.33775535,-0.70023799,-0.13392703,0.28554106,-0.00856985,0.00062941,0.00000000
0.10790379,0.09460088,0.80109036,0.05856856,0.55562657,0.82792896,-0.04881205,-1.25009418,0.25401923,0.06600351,1.01506209,-0.36974752,0.00000000,-0.78705394,-0.22192076,-0.29542479,1.38604116,-0.46680519,0.00000000,0.09534417,-0.07354163,0.52008986,-0.17675996,0.58433557,0.06612903,0.50974214,0.00909189,0.02778732,0.00000000,-0.36958072,-0.64032423,-0.09431520,0.31556287,-0.01037415,0.00552762,0.00000000
0.10896422,0.10569040,0.78322184,0.06603006,0.56148827,0.82218260,-0.06623225,-1.31668687,0.24080031,0.06048567,1.00285351,-0.37115893,0.00000000,-0.79082841,-0.20512420,-0.30190608,1.42373931,-0.48023552,0.00000000,0.11956313,-0.06515706,0.52009612,-0.19158001,0.55153602,0.04617251,0.51615149,0.00967790,0.02687486,0.00000000,-0.39590281,-0.58393931,-0.05937363,0.34359196,-0.01183321,0.00979457,0.00000000
0.11064446,0.11647778,0.76679307,0.07340635,0.56673634,0.81629723,-0.08414429,-1.37599969,0.22695450,0.05435991,0.99467182,-0.37233466,0.00000000,-0.79219109,-0.18873987,-0.30794519,1.45805454,-0.49161485,0.00000000,0.14289154,-0.05817349,0.52009708,-0.20562777,0.52309203,0.02924907,0.52185082,0.01010841,0.02589830,0.00000000,-0.42068890,-0.53091145,-0.02731963,0.36994493,-0.01312209,0.01360308,0.00000000
0.11356431,0.12666085,0.75324380,0.08063546,0.57098085,0.81046760,-0.10305850,-1.42075312,0.21185501,0.04701828,0.99454445,-0.37303895,0.00000000,-0.78873080,-0.17318018,-0.31309974,1.48560309,-0.49889216,0.00000000,0.16443884,-0.05399198,0.52008706,-0.21813092,0.50335932,0.01839180,0.52613050,0.01022794,0.02479351,0.00000000,-0.44240284,-0.48459736,-0.00104080,0.39294574,-0.01407060,0.01649471,0.00000000
0.11646305,0.13591114,0.74251801,0.08751047,0.57634622,0.80350679,-0.12059742,-1.45537519,0.19470939,0.03960648,1.00012922,-0.37393314,0.00000000,-0.78013039,-0.15839578,-0.31706750,1.50632191,-0.50173074,0.00000000,0.18628390,-0.05271684,0.52007627,-0.22668301,0.49225727,0.01345108,0.53058219,0.01003005,0.02390460,0.00000000,-0.45995304,-0.44440207,0.02049786,0.41271934,-0.01470499,0.01855678,0.00000000
0.11935124,0.14469500,0.73320389,0.09418967,0.58215773,0.79582417,-0.13742098,-1.48493195,0.17654070,0.03215959,1.00857008,-0.37492236,0.00000000,-0.76895988,-0.14399904,-0.32044196,1.52362585,-0.50234991,0.00000000,0.20827785,-0.05289488,0.52006507,-0.23325960,0.48547062,0.01146864,0.53512001,0.00967345,0.02312362,0.00000000,-0.47542137,-0.40726611,0.03966644,0.43087932,-0.01518233,0.02020408,0.00000000
0.11943410,0.15064269,0.72926956,0.09901974,0.59302735,0.78389323,-0.15499996,-1.50615871,0.15480086,0.02653359,1.01993012,-0.37652528,0.00000000,-0.75034529,-0.13043961,-0.32107866,1.53258717,-0.49661961,0.00000000,0.23316386,-0.05532973,0.52006346,-0.23277418,0.49153954,0.01815603,0.54092813,0.00884455,0.02284897,0.00000000,-0.48267582,-0.37722439,0.05385032,0.44564414,-0.01525490,0.02102906,0.00000000
0.11816333,0.15505357,0.72575212,0.10133263,0.60453552,0.77118790,-0.17186534,-1.52239203,0.13265015,0.02185214,1.03069925,-0.37784201,0.00000000,-0.73137218,-0.11689349,-0.32161501,1.53822923,-0.48938820,0.00000000,0.25844917,-0.05807616,0.52006143,-0.22970444,0.50209558,0.02773426,0.54739857,0.00789479,0.02277648,0.00000000,-0.48712036,-0.35078412,0.06577659,0.45953849,-0.01519241,0.02164405,0.00000000
0.11418529,0.15639079,0.72306859,0.09866762,0.61765897,0.75739652,-0.18738359,-1.52863812,0.10967768,0.01905976,1.04028571,-0.37858620,0.00000000,-0.71168166,-0.10337408,-0.32195076,1.53723288,-0.47915429,0.00000000,0.28453308,-0.06144578,0.52005887,-0.22146593,0.52162570,0.04309415,0.55519354,0.00670329,0.02310829,0.00000000,-0.48594508,-0.33154684,0.07318764,0.47169194,-0.01485976,0.02183904,0.00000000
0.11133765,0.15621328,0.72315717,0.09822698,0.62786627,0.74677306,-0.19612592,-1.52995884,0.08967905,0.01764168,1.04707491,-0.37813097,0.00000000,-0.69285208,-0.09118428,-0.32126254,1.52996063,-0.46697232,0.00000000,0.30748841,-0.06354178,0.52005625,-0.21067952,0.54894501,0.06316108,0.56319791,0.00541104,0.02355717,0.00000000,-0.47941640,-0.32134333,0.07518090,0.48289126,-0.01427107,0.02184262,0.00000000
0.10905521,0.15527841,0.72463191,0.09890348,0.63664281,0.73777163,-0.20148709,-1.52881682,0.07116732,0.01691074,1.05246484,-0.37707606,0.00000000,-0.67445284,-0.07965928,-0.32006240,1.51955080,-0.45381632,0.00000000,0.32887936,-0.06500097,0.52005339,-0.19861911,0.58015907,0.08558150,0.57130700,0.00406843,0.02406460,0.00000000,-0.47021118,-0.31565675,0.07446525,0.49361357,-0.01355436,0.02175049,0.00000000
0.10390277,0.15098356,0.73149914,0.09784815,0.64760697,0.72702050,-0.20608762,-1.51188934,0.05793094,0.01870541,1.05295873,-0.37431765,0.00000000,-0.66175842,-0.07031293,-0.31784177,1.50154054,-0.43899897,0.00000000,0.34458032,-0.06420124,0.52004576,-0.18521957,0.62174910,0.11400501,0.57934958,0.00269442,0.02466597,0.00000000,-0.45361349,-0.32383037,0.06564114,0.50386590,-0.01253798,0.02157542,0.00000000
0.09877057,0.14663421,0.74024415,0.09772533,0.65756226,0.71716237,-0.20914024,-1.49110615,0.04676080,0.02108137,1.05237949,-0.37116528,0.00000000,-0.65193200,-0.06160914,-0.31549045,1.48217392,-0.42425776,-0.00000000,0.35729340,-0.06256011,0.52003741,-0.17247750,0.66512448,0.14323932,0.58700156,0.00138039,0.02524568,0.00000000,-0.43482363,-0.33557969,0.05476324,0.51423419,-0.01145588,0.02145226,0.00000000
0.09367888,0.14217591,0.75274497,0.09950118,0.66572064,0.70934087,-0.20916723,-1.46261156,0.03972311,0.02461990,1.04965436,-0.36722511,0.00000000,-0.64784139,-0.05419046,-0.31287763,1.46009445,-0.40966874,-0.00000000,0.36403075,-0.05923619,0.52002746,-0.16105039,0.71207076,0.17409526,0.59387213,0.00018630,0.02578210,0.00000000,-0.41164958,-0.35448050,0.03977771,0.52483386,-0.01024237,0.02143290,0.00000000
0.08886082,0.13691898,0.76828146,0.10049213,0.67522699,0.70155650,-0.20442194,-1.42976820,0.03725053,0.02828971,1.04645061,-0.36339861,0.00000000,-0.65031397,-0.04901906,-0.30938160,1.43738222,-0.39633071,-0.00000000,0.36396319,-0.05440166,0.52002031,-0.15195298,0.75962389,0.20464645,0.59990019,-0.00079789,0.02629074,0.00000000,-0.38403669,-0.37789178,0.02216939,0.53651279,-0.00894285,0.02171988,0.00000000
0.08417957,0.13126275,0.78533578,0.10107692,0.68531495,0.69369602,-0.19726309,-1.39475012,0.03706052,0.03202516,1.04300761,-0.35962892,0.00000000,-0.65606791,-0.04497130,-0.30544400,1.41435361,-0.38361821,-0.00000000,0.36049318,-0.04881182,0.52001458,-0.14402047,0.80748039,0.23504527,0.60550708,-0.00167715,0.02678548,0.00000000,-0.35420439,-0.40355825,0.00324965,0.54873133,-0.00760033,0.02216002,0.00000000
0.08041419,0.12021229,0.80511338,0.09644756,0.69536698,0.68690151,-0.18795997,-1.35703874,0.04235769,0.03525930,1.04251325,-0.35824472,0.00000000,-0.67088926,-0.04532691,-0.29896796,1.39143014,-0.37322649,-0.00000000,0.34644306,-0.04296390,0.52001518,-0.14081673,0.85236621,0.26244238,0.60934252,-0.00218583,0.02717134,0.00000000,-0.31957230,-0.43260550,-0.01775242,0.56237066,-0.00618065,0.02306007,0.00000000
0.07667542,0.10770181,0.82442671,0.09154875,0.70639604,0.67872548,-0.17876010,-1.31735194,0.04930208,0.03807138,1.04438746,-0.35780963,0.00000000,-0.68937397,-0.04756038,-0.29124483,1.36818576,-0.36359850,-0.00000000,0.32902116,-0.03702394,0.52001566,-0.13924403,0.89627308,0.28881472,0.61258060,-0.00258103,0.02751230,0.00000000,-0.28373826,-0.46264768,-0.03940562,0.57648087,-0.00473838,0.02412719,0.00000000
0.07298988,0.09227129,0.84281170,0.08612835,0.71948618,0.66789925,-0.16980018,-1.27371418,0.05954090,0.04003935,1.05099893,-0.35927287,0.00000000,-0.71518511,-0.05354953,-0.28102726,1.34429944,-0.35549811,-0.00000000,0.30485576,-0.03089986,0.52001601,-0.14093322,0.93822217,0.31313741,0.61462361,-0.00274930,0.02776348,0.00000000,-0.24550016,-0.49467960,-0.06236109,0.59153235,-0.00325093,0.02552843,0.00000000
0.06995124,0.07546102,0.85896587,0.08106671,0.73381227,0.65490532,-0.16139005,-1.22698164,0.07329632,0.04052192,1.06320906,-0.36286563,0.00000000,-0.74688691,-0.06407458,-0.26676127,1.31970346,-0.34861079,-0.00000000,0.27431396,-0.02453688,0.52001518,-0.14610283,0.97749269,0.33490306,0.61505270,-0.00271890,0.02779656,0.00000000,-0.20625639,-0.52730203,-0.08578416,0.60695332,-0.00175881,0.02716132,0.00000000
0.06723607,0.05796088,0.87400460,0.07616173,0.74853820,0.64063787,-0.15320919,-1.17870200,0.08881008,0.04026178,1.07821858,-0.36752313,0.00000000,-0.78153384,-0.07686756,-0.25047094,1.29475212,-0.34232995,-0.00000000,0.24058379,-0.01805443,0.52001387,-0.15301272,1.01542389,0.35539019,0.61467481,-0.00258915,0.02772059,0.00000000,-0.16650982,-0.56022006,-0.10944105,0.62255889,-0.00026436,0.02891003,0.00000000
0.06591492,0.04093678,0.87929040,0.07369802,0.76117229,0.62712133,-0.14800087,-1.13456333,0.10602989,0.03921630,1.09558332,-0.37544006,0.00000000,-0.81526846,-0.09320921,-0.22967094,1.27428734,-0.33706653,-0.00000000,0.20467345,-0.01311321,0.52001441,-0.16270173,1.04462135,0.36996520,0.61273736,-0.00219980,0.02746839,0.00000000,-0.13047157,-0.59050047,-0.13148397,0.63605231,0.00117401,0.03042724,0.00000000
0.06505757,0.02494648,0.88297731,0.07128769,0.77397096,0.61280864,-0.14266245,-1.09101033,0.12466434,0.03742106,1.11353040,-0.38414001,0.00000000,-0.84939128,-0.11121249,-0.20704274,1.25530171,-0.33222851,-0.00000000,0.16813274,-0.00802909,0.52001321,-0.17316467,1.07113659,0.38273361,0.61026704,-0.00175048,0.02713544,0.00000000,-0.09571368,-0.61986738,-0.15291899,0.64887112,0.00258729,0.03189988,0.00000000
0.06512780,0.01102377,0.88346648,0.06900869,0.78733581,0.59710974,-0.13711336,-1.04862857,0.14612815,0.03412630,1.13264191,-0.39440596,0.00000000,-0.88429058,-0.13253908,-0.18075822,1.23927402,-0.32824129,-0.00000000,0.13033122,-0.00265917,0.52000886,-0.18517545,1.09228790,0.39188907,0.60673118,-0.00118120,0.02664096,0.00000000,-0.06351663,-0.64740741,-0.17313825,0.66034114,0.00395035,0.03328339,0.00000000
0.06504307,-0.00151304,0.88119704,0.06524973,0.79849124,0.58397365,-0.13087775,-1.01288879,0.16761447,0.03166775,1.14960217,-0.40605521,0.00000000,-0.91618645,-0.15399900,-0.15301310,1.22884536,-0.32460368,-0.00000000,0.09407031,0.00203773,0.52000475,-0.19773802,1.10596061,0.39652118,0.60242069,-0.00050534,0.02601078,-0.00000000,-0.03563369,-0.67171735,-0.19110222,0.66958302,0.00522470,0.03441082,0.00000000
0.06488085,-0.01335691,0.87754834,0.06074502,0.80845940,0.57206315,-0.12428706,-0.98047030,0.18911213,0.02962729,1.16548705,-0.41839626,0.00000000,-0.94658059,-0.17552558,-0.12453762,1.22121632,-0.32114094,0.00000000,0.05857973,0.00639811,0.52000082,-0.21057652,1.11589384,0.39889157,0.59772295,0.00022381,0.02531275,-0.00000000,-0.00990781,-0.69441253,-0.20793861,0.67771083,0.00645469,0.03541022,0.00000000
0.06418677,-0.02536294,0.87154931,0.05898179,0.81498009,0.56377101,-0.12037760,-0.95992494,0.20592166,0.03226473,1.17741263,-0.43187934,0.00000000,-0.97236991,-0.19288878,-0.09790440,1.22260618,-0.31778753,0.00000000,0.02805197,0.00925157,0.52000093,-0.22276355,1.11194682,0.39338362,0.59257561,0.00109469,0.02452609,-0.00000000,0.00773345,-0.71069127,-0.22014661,0.68162173,0.00749764,0.03586686,0.00000000
0.06340763,-0.03716917,0.86637884,0.05785810,0.82068634,0.55636328,-0.11656058,-0.94231188,0.22131526,0.03633525,1.18847084,-0.44535872,0.00000000,-0.99780685,-0.20891677,-0.07201966,1.22582555,-0.31448835,0.00000000,-0.00123364,0.01173287,0.52000070,-0.23467773,1.10343134,0.38528708,0.58735341,0.00200433,0.02372051,-0.00000000,0.02285287,-0.72473145,-0.23072158,0.68420070,0.00847593,0.03616834,0.00000000
0.06245833,-0.04857580,0.86286551,0.05802390,0.82490551,0.55082357,-0.11294978,-0.93056303,0.23387687,0.04327188,1.19779396,-0.45883074,0.00000000,-1.02253914,-0.22227429,-0.04763189,1.23270464,-0.31129804,0.00000000,-0.02803495,0.01346981,0.52000016,-0.24604605,1.08577895,0.37201342,0.58198172,0.00299152,0.02287713,-0.00000000,0.03292862,-0.73429394,-0.23803064,0.68411553,0.00932485,0.03615952,0.00000000
0.06048641,-0.05924018,0.86071658,0.05884964,0.82872283,0.54570508,-0.10936736,-0.92204291,0.24456812,0.05203407,1.20640445,-0.47171140,0.00000000,-1.04976368,-0.23348442,-0.02465685,1.23955917,-0.30845705,0.00000000,-0.05364946,0.01439939,0.52000713,-0.25675744,1.05861080,0.35337499,0.57671118,0.00406347,0.02205187,-0.00000000,0.03837656,-0.73837644,-0.24157752,0.68152678,0.01002260,0.03588504,0.00000000
0.05800319,-0.06953344,0.85924989,0.06000402,0.83232075,0.54078525,-0.10579681,-0.91513699,0.25432426,0.06170903,1.21465838,-0.48429659,0.00000000,-1.07823420,-0.24362084,-0.00238816,1.24640143,-0.30579081,0.00000000,-0.07867058,0.01492528,0.52001786,-0.26714030,1.02668536,0.33205408,0.57149136,0.00517779,0.02123568,-0.00000000,0.04151061,-0.73971891,-0.24324338,0.67768627,0.01064475,0.03547772,0.00000000
0.05639102,-0.07815465,0.85994244,0.06586018,0.83431160,0.53735942,-0.10407440,-0.90819931,0.25994918,0.07334347,1.22225499,-0.49561122,0.00000000,-1.10882473,-0.25092185,0.01714729,1.24906421,-0.30373034,0.00000000,-0.10067246,0.01529365,0.52002144,-0.27701867,0.98474908,0.30502594,0.56691998,0.00632109,0.02059005,-0.00000000,0.03797668,-0.73477745,-0.24024621,0.66991383,0.01109006,0.03458749,0.00000000
0.05471390,-0.08607642,0.86052090,0.07259293,0.83583021,0.53434336,-0.10293347,-0.89991987,0.26436341,0.08520550,1.23016691,-0.50647086,0.00000000,-1.14080703,-0.25746351,0.03588336,1.24918711,-0.30196682,0.00000000,-0.12221751,0.01586433,0.52002442,-0.28685018,0.93989700,0.27627236,0.56253606,0.00747517,0.01998998,-0.00000000,0.03245728,-0.72762430,-0.23567298,0.66089523,0.01147993,0.03353789,0.00000000
0.05290687,-0.09259937,0.86087126,0.08108080,0.83643508,0.53216690,-0.10295939,-0.88895714,0.26635632,0.09752271,1.23870885,-0.51642007,0.00000000,-1.17557383,-0.26248643,0.05302065,1.24423051,-0.30079708,0.00000000,-0.14284877,0.01683959,0.52002627,-0.29658777,0.88921344,0.24406782,0.55852741,0.00865081,0.01948106,-0.00000000,0.02296690,-0.71604711,-0.22794780,0.64938396,0.01175894,0.03216954,0.00000000
0.05171842,-0.09783855,0.85855711,0.08908029,0.83677119,0.53101379,-0.09951456,-0.87436235,0.26552406,0.11021359,1.24865746,-0.52555531,0.00000000,-1.21363926,-0.26543862,0.06841710,1.23409116,-0.30039841,0.00000000,-0.16337463,0.01878987,0.52002990,-0.30607656,0.83309633,0.20858194,0.55500555,0.00986203,0.01908705,-0.00000000,0.01003824,-0.69993591,-0.21711175,0.63563180,0.01193747,0.03050734,0.00000000
0.05083927,-0.10243585,0.85491067,0.09683105,0.83693331,0.53034729,-0.09432976,-0.85795158,0.26327917,0.12309131,1.25930929,-0.53428364,0.00000000,-1.25335431,-0.26735544,0.08294310,1.22136033,-0.30038524,0.00000000,-0.18384777,0.02122767,0.52003437,-0.31544095,0.77426267,0.17145540,0.55172747,0.01109103,0.01875050,-0.00000000,-0.00460955,-0.68155771,-0.20472024,0.62075919,0.01206576,0.02869821,0.00000000
0.05073173,-0.10404467,0.84540641,0.10565913,0.83579445,0.53193021,-0.08563901,-0.83763605,0.25607717,0.13652158,1.27210343,-0.54231733,0.00000000,-1.29334950,-0.26562110,0.09501402,1.20675373,-0.30157217,0.00000000,-0.20291828,0.02519066,0.52003932,-0.32412818,0.71074647,0.13139386,0.54944927,0.01236951,0.01864684,-0.00000000,-0.02379077,-0.65960014,-0.18958449,0.60297686,0.01210802,0.02648702,0.00000000
0.04996297,-0.10528377,0.83559674,0.11463130,0.83371824,0.53440809,-0.07862318,-0.81586635,0.24733014,0.14968573,1.28586948,-0.55028784,0.00000000,-1.33255517,-0.26246771,0.10609163,1.19410062,-0.30350134,0.00000000,-0.22132619,0.02962158,0.52004147,-0.33261424,0.64776385,0.09156071,0.54747421,0.01365793,0.01860744,-0.00000000,-0.04390029,-0.63820380,-0.17466104,0.58466053,0.01215972,0.02422033,0.00000000
0.04787173,-0.10578343,0.82517624,0.12390873,0.82991260,0.53876793,-0.07497291,-0.79118818,0.23549299,0.16231743,1.30157948,-0.55813241,0.00000000,-1.37018216,-0.25647655,0.11518266,1.18535388,-0.30691472,0.00000000,-0.23840891,0.03498834,0.52003759,-0.34069815,0.58584780,0.05218430,0.54610568,0.01496623,0.01869654,-0.00000000,-0.06586642,-0.61792958,-0.16016227,0.56527573,0.01223031,0.02184263,0.00000000
0.04960304,-0.10498293,0.81157869,0.13621576,0.82276851,0.54716682,-0.07145490,-0.76377392,0.22017728,0.17450821,1.32021666,-0.56610125,0.00000000,-1.40789211,-0.24614277,0.12141258,1.18108702,-0.31239170,0.00000000,-0.25591242,0.04143996,0.52003962,-0.34835789,0.52529871,0.01343368,0.54518181,0.01633332,0.01888658,-0.00000000,-0.08892810,-0.59932894,-0.14665984,0.54528624,0.01232520,0.01940600,0.00000000
0.05324562,-0.10353237,0.79639256,0.14999835,0.81372547,0.55743134,-0.06798339,-0.73499173,0.20312224,0.18647848,1.34031737,-0.57413250,0.00000000,-1.44564366,-0.23363765,0.12621197,1.17905974,-0.31890056,0.00000000,-0.27362624,0.04843401,0.52004451,-0.35580549,0.46543324,-0.02500404,0.54448044,0.01772982,0.01912709,-0.00000000,-0.11253757,-0.58156538,-0.13365556,0.52499413,0.01243224,0.01693989,0.00000000
0.05003949,-0.09471800,0.78106058,0.16103835,0.80579233,0.56566733,-0.06917999,-0.70840949,0.18635885,0.19787121,1.35883403,-0.58146638,0.00000000,-1.47519195,-0.22028700,0.13103528,1.18403482,-0.32587236,0.00000000,-0.28879046,0.05545474,0.52004403,-0.36128885,0.42136467,-0.05383834,0.54534703,0.01888285,0.01972403,-0.00000000,-0.13220258,-0.57422513,-0.12780474,0.50701445,0.01268534,0.01503081,0.00000000
0.04764668,-0.08621281,0.76644015,0.17159040,0.79728353,0.57431859,-0.07109037,-0.68207198,0.17006014,0.20888276,1.37652946,-0.58826846,-0.00000000,-1.50205016,-0.20653471,0.13569394,1.18965721,-0.33282989,0.00000000,-0.30410472,0.06223955,0.52004492,-0.36605597,0.38265789,-0.07941829,0.54656500,0.01993811,0.02041172,-0.00000000,-0.15027089,-0.57066214,-0.12465622,0.48983225,0.01299434,0.01327648,0.00000000
0.04688051,-0.07832596,0.75324279,0.18120107,0.78781354,0.58392990,-0.07444380,-0.65622377,0.15469074,0.21913187,1.39258099,-0.59400666,-0.00000000,-1.52352703,-0.19197905,0.14002328,1.19657445,-0.33975890,0.00000000,-0.31971902,0.06855254,0.52004898,-0.36939099,0.35467458,-0.09848950,0.54848588,0.02079786,0.02128091,-0.00000000,-0.16514590,-0.57465386,-0.12691228,0.47424537,0.01341515,0.01183165,0.00000000
0.04612736,-0.07872090,0.74199116,0.18843590,0.77915877,0.59307659,-0.07525773,-0.63213962,0.14104614,0.22899571,1.40452290,-0.59826005,-0.00000000,-1.53066730,-0.17765653,0.14351857,1.20104289,-0.34605345,0.00000000,-0.33533773,0.07326987,0.52005517,-0.37007090,0.33897078,-0.11022720,0.55132252,0.02140992,0.02240572,-0.00000000,-0.17626704,-0.58686882,-0.13498263,0.46008062,0.01392431,0.01056708,0.00000000
0.04538073,-0.08325671,0.73171240,0.19447079,0.77086741,0.60195518,-0.07479739,-0.60893750,0.12826391,0.23866686,1.41441011,-0.60177135,0.00000000,-1.53063941,-0.16345058,0.14659688,1.20428693,-0.35203087,0.00000000,-0.35095859,0.07718938,0.52006257,-0.36942333,0.32940668,-0.11829810,0.55461699,0.02189815,0.02365834,-0.00000000,-0.18551123,-0.60319555,-0.14596006,0.44662705,0.01447765,0.00939264,0.00000000
0.04593167,-0.08014311,0.72700733,0.19666767,0.76199949,0.61229461,-0.07598642,-0.58721077,0.11908729,0.24700414,1.41557050,-0.60180879,0.00000000,-1.53062212,-0.15160385,0.14738835,1.20530927,-0.35537496,0.00000000,-0.36751157,0.07797877,0.52005965,-0.36552465,0.33761364,-0.11586354,0.55829930,0.02201460,0.02510384,-0.00000000,-0.19056435,-0.63166785,-0.16548215,0.43423298,0.01512548,0.00814342,0.00000000
0.04308095,-0.07784408,0.72362936,0.19736642,0.75393981,0.62177515,-0.07756897,-0.56618398,0.11108075,0.25514880,1.41347516,-0.60068411,0.00000000,-1.53061819,-0.14154339,0.14774106,1.20464933,-0.35780191,0.00000000,-0.38322526,0.07838026,0.52005929,-0.36106065,0.35018641,-0.11083960,0.56156850,0.02201766,0.02649391,-0.00000000,-0.19479567,-0.66227311,-0.18636316,0.42213696,0.01572234,0.00688369,0.00000000
0.03342688,-0.07717420,0.72290540,0.19511695,0.74768388,0.62968647,-0.07995698,-0.54655695,0.10541434,0.26290825,1.40486825,-0.59723502,0.00000000,-1.53064048,-0.13505554,0.14721636,1.20062375,-0.35839471,0.00000000,-0.39726010,0.07800601,0.52006441,-0.35546592,0.37149084,-0.10063695,0.56401175,0.02179394,0.02777307,-0.00000000,-0.19738334,-0.69714403,-0.20996204,0.41063738,0.01621726,0.00560296,0.00000000
0.02563125,-0.07622030,0.72622526,0.19177707,0.74219155,0.63688868,-0.08213390,-0.52765685,0.10239349,0.26995289,1.38974631,-0.59116733,0.00000000,-1.53076899,-0.13138345,0.14465705,1.19325209,-0.35717839,0.00000000,-0.41085869,0.07651341,0.52006459,-0.35084698,0.40067619,-0.08564182,0.56442767,0.02133827,0.02869389,-0.00000000,-0.19922666,-0.73628688,-0.23623881,0.39980105,0.01661569,0.00431123,0.00000000
0.01876485,-0.07512441,0.73156703,0.18788457,0.73705208,0.64371085,-0.08420192,-0.50912035,0.10069548,0.27664024,1.37136662,-0.58379018,0.00000000,-1.53095007,-0.12911929,0.14108041,1.18420732,-0.35505739,0.00000000,-0.42423910,0.07446162,0.52006221,-0.34671581,0.43380201,-0.06825042,0.56383008,0.02076662,0.02943554,-0.00000000,-0.20069773,-0.77756578,-0.26385459,0.38929641,0.01696587,0.00301400,0.00000000
0.01433955,-0.07371673,0.74134445,0.18492471,0.73169678,0.65056908,-0.08474998,-0.49158543,0.10223775,0.28257093,1.34586608,-0.57213223,0.00000000,-1.50636232,-0.12971890,0.13452443,1.16706407,-0.35159820,0.00000000,-0.43654177,0.07165842,0.52005863,-0.34725970,0.47508210,-0.04561092,0.55831558,0.01988006,0.02921391,-0.00000000,-0.20222738,-0.82261688,-0.29337129,0.38106802,0.01712666,0.00212029,0.00000000
0.01103878,-0.07154027,0.75218564,0.18269251,0.72592854,0.65765166,-0.08453032,-0.47419146,0.10447398,0.28822783,1.31927145,-0.55910957,0.00000000,-1.47936153,-0.13114958,0.12694789,1.14891636,-0.34763145,0.00000000,-0.44813478,0.06910592,0.52005321,-0.34997743,0.51816338,-0.02176862,0.55085534,0.01890764,0.02859204,-0.00000000,-0.20419767,-0.86809075,-0.32282689,0.37383267,0.01722719,0.00144517,0.00000000
0.00998706,-0.06782626,0.76515436,0.18192913,0.71938789,0.66522938,-0.08278143,-0.45707935,0.10809819,0.29333693,1.29048860,-0.54335678,0.00000000,-1.44753480,-0.13424230,0.11733020,1.12876093,-0.34264943,0.00000000,-0.45830819,0.06705488,0.52004486,-0.35704291,0.56484717,0.00447926,0.53950351,0.01776350,0.02716969,-0.00000000,-0.20704906,-0.91440982,-0.35216042,0.36858326,0.01720716,0.00120726,0.00000000
0.00932190,-0.06952200,0.77953184,0.18043701,0.71311998,0.67276335,-0.07932135,-0.44076517,0.11203256,0.29798907,1.26253390,-0.52570587,0.00000000,-1.41255331,-0.13859351,0.10586456,1.10864377,-0.33713114,0.00000000,-0.46572715,0.06550354,0.52003539,-0.36718139,0.61300689,0.03176242,0.52523166,0.01648968,0.02514908,-0.00000000,-0.21144755,-0.96025294,-0.38015199,0.36489645,0.01705202,0.00131607,0.00000000
0.00885002,-0.07392263,0.79461360,0.17856935,0.70694470,0.68023312,-0.07500090,-0.42484993,0.11612201,0.30241263,1.23499358,-0.50710601,0.00000000,-1.37599409,-0.14357401,0.09347495,1.08854580,-0.33134472,0.00000000,-0.47176892,0.06420206,0.52002543,-0.37885636,0.66190463,0.05956324,0.50949985,0.01515102,0.02282936,-0.00000000,-0.21661966,-1.00585806,-0.40747246,0.36199087,0.01682931,0.00159824,0.00000000
0.00869268,-0.06612237,0.81098402,0.17553422,0.70114148,0.68736291,-0.07155823,-0.41171381,0.11847764,0.30707407,1.21240437,-0.48695904,0.00000000,-1.33659935,-0.14870836,0.07838244,1.07251215,-0.32653448,0.00000000,-0.47270048,0.06393747,0.52001941,-0.39240998,0.71027225,0.08711241,0.49141446,0.01370372,0.02002137,-0.00000000,-0.22427289,-1.04891181,-0.43157873,0.36063707,0.01643639,0.00220524,0.00000000
0.00894952,-0.06141979,0.82816505,0.17298432,0.69444817,0.69521010,-0.06709041,-0.39994243,0.12020651,0.31172088,1.19167554,-0.46671659,0.00000000,-1.29566562,-0.15341426,0.06248519,1.05896413,-0.32233819,0.00000000,-0.47196192,0.06418277,0.51754129,-0.40620351,0.75861102,0.11465362,0.47285026,0.01223394,0.01707092,-0.00000000,-0.23285723,-1.09134948,-0.45474195,0.35943550,0.01599992,0.00281904,0.00000000
0.01003475,-0.06291258,0.84696734,0.17141247,0.68600440,0.70451844,-0.06057616,-0.39090058,0.12068186,0.31633839,1.17466819,-0.44628295,0.00000000,-1.25165391,-0.15726337,0.04497843,1.05038762,-0.31936988,0.00000000,-0.46788317,0.06544781,0.51011896,-0.42047688,0.80689210,0.14217874,0.45332864,0.01071922,0.01383557,-0.00000000,-0.24330364,-1.13255417,-0.47601944,0.35853827,0.01547629,0.00344646,-0.00000000
0.01105709,-0.05818887,0.86209029,0.16945434,0.67800146,0.71296829,-0.05723206,-0.38615361,0.11957785,0.32096925,1.16120338,-0.42714047,0.00000000,-1.20681667,-0.16049895,0.02746548,1.04781628,-0.31784353,0.00000000,-0.45994487,0.06759073,0.50085866,-0.43240547,0.85276222,0.16841793,0.43472791,0.00922003,0.01069345,-0.00000000,-0.25449365,-1.17044318,-0.49447548,0.35785627,0.01488430,0.00403250,-0.00000000
0.01204798,-0.05035691,0.87537360,0.16729599,0.67019045,0.72095752,-0.05547095,-0.38355410,0.11768418,0.32560679,1.14951003,-0.40864363,0.00000000,-1.16156638,-0.16342780,0.00994943,1.04824746,-0.31703815,0.00000000,-0.45007673,0.07017262,0.49067912,-0.44316185,0.89742702,0.19401409,0.41658768,0.00772859,0.00759795,-0.00000000,-0.26605532,-1.20667481,-0.51152098,0.35728183,0.01425812,0.00459784,-0.00000000
0.01380699,-0.04310459,0.88733548,0.16762958,0.66003209,0.73029256,-0.05413663,-0.38871968,0.11366003,0.33028695,1.14235854,-0.39280182,0.00000000,-1.11040390,-0.16526045,-0.00745457,1.05931747,-0.31781521,0.00000000,-0.43430731,0.07473505,0.46936956,-0.44958150,0.93915218,0.21848494,0.40072921,0.00626332,0.00469289,-0.00000000,-0.27833095,-1.23814416,-0.52471721,0.35666123,0.01351490,0.00497552,-0.00000000
0.01535836,-0.03588928,0.89803493,0.16743605,0.64972299,0.73962647,-0.05270499,-0.39641583,0.10933858,0.33453012,1.13668084,-0.37809241,0.00000000,-1.05825901,-0.16721253,-0.02438893,1.07261360,-0.31909886,0.00000000,-0.41644007,0.07931927,0.44752315,-0.45370343,0.97922605,0.24243379,0.38642624,0.00482268,0.00200640,-0.00000000,-0.29050601,-1.26777458,-0.53666204,0.35597458,0.01273220,0.00525134,-0.00000000
0.01649444,-0.02874799,0.90620959,0.16621913,0.63923568,0.74909204,-0.05108903,-0.40917316,0.10442253,0.33789942,1.13395047,-0.36564770,0.00000000,-1.00414896,-0.16940343,-0.04038404,1.09036148,-0.32139546,0.00000000,-0.39437732,0.08394703,0.42460313,-0.45323014,1.01599741,0.26533854,0.37523445,0.00343131,-0.00024292,-0.00000000,-0.30248013,-1.29372692,-0.54610407,0.35515597,0.01187053,0.00532341,-0.00000000
0.01681798,-0.02913908,0.91249061,0.16335404,0.62960148,0.75803655,-0.04793836,-0.42318255,0.09931469,0.33886129,1.13644719,-0.35521325,0.00000000,-0.95423770,-0.17226137,-0.05521849,1.10780990,-0.32500055,0.00000000,-0.36956370,0.08774375,0.40262306,-0.44709638,1.04765177,0.28642061,0.36844736,0.00213971,-0.00178434,-0.00000000,-0.31348139,-1.31498861,-0.55308205,0.35473004,0.01093615,0.00528929,-0.00000000
0.01673525,-0.03329635,0.91782475,0.15965046,0.62033826,0.76665163,-0.04401634,-0.43781790,0.09411097,0.33861944,1.14155710,-0.34578410,0.00000000,-0.90642536,-0.17545284,-0.06947261,1.12510896,-0.32925996,0.00000000,-0.34337464,0.09112499,0.38111290,-0.43813249,1.07674766,0.30659130,0.36386266,0.00089797,-0.00297182,-0.00000000,-0.32399637,-1.33390474,-0.55882794,0.35450053,0.00996541,0.00520207,-0.00000000
0.01642878,-0.02493614,0.91694403,0.15554327,0.61306709,0.77351487,-0.04036941,-0.45172232,0.08953138,0.33333421,1.15660417,-0.33867285,0.00000000,-0.87382984,-0.18060389,-0.08181898,1.13683176,-0.33592886,-0.00000000,-0.31499776,0.09125721,0.36717054,-0.41909078,1.09378970,0.32144344,0.36769709,-0.00006982,-0.00264876,-0.00000000,-0.33199421,-1.34376776,-0.56028134,0.35560700,0.00887428,0.00509519,-0.00000000
0.01604209,-0.02104726,0.91665202,0.15049095,0.60626876,0.78000879,-0.03710708,-0.46657771,0.08489177,0.32670718,1.17418540,-0.33229437,0.00000000,-0.84513921,-0.18620490,-0.09377030,1.14749944,-0.34314081,-0.00000000,-0.28574333,0.09037256,0.35559249,-0.39686576,1.10659385,0.33441073,0.37439653,-0.00093915,-0.00179802,-0.00000000,-0.33910841,-1.35040140,-0.56029582,0.35730889,0.00774130,0.00501226,-0.00000000
0.01549495,-0.02610101,0.91753745,0.14357018,0.60050011,0.78586811,-0.03461986,-0.48333502,0.08013216,0.31739643,1.19683444,-0.32738164,0.00000000,-0.82425821,-0.19270585,-0.10493147,1.15605640,-0.35143903,-0.00000000,-0.25473380,0.08745418,0.34874290,-0.36827376,1.11092198,0.34360853,0.38682586,-0.00161154,0.00010807,-0.00000000,-0.34445539,-1.35057557,-0.55743212,0.36020157,0.00652463,0.00497723,-0.00000000
0.01449123,-0.02331343,0.91812378,0.13771757,0.59469146,0.79146487,-0.03097416,-0.50938839,0.07876737,0.30618408,1.21774840,-0.32486147,0.00000000,-0.80806679,-0.20097291,-0.11457146,1.16510165,-0.35992253,-0.00000000,-0.22272322,0.08102395,0.35053748,-0.33376843,1.10355079,0.34639481,0.40392402,-0.00200738,0.00287143,-0.00000000,-0.34757209,-1.34252822,-0.55049247,0.36460716,0.00521182,0.00507489,-0.00000000
0.01325921,-0.01660520,0.91856056,0.13239239,0.58883268,0.79688948,-0.02674786,-0.54008967,0.07909999,0.29402104,1.23779476,-0.32353783,0.00000000,-0.79422027,-0.21012296,-0.12345083,1.17439032,-0.36849871,-0.00000000,-0.19021213,0.07283778,0.35665417,-0.29630622,1.09032977,0.34597534,0.42335665,-0.00226494,0.00606342,-0.00000000,-0.34957361,-1.33036971,-0.54151469,0.36976919,0.00385095,0.00523889,-0.00000000
0.01184678,-0.02158830,0.92119664,0.12565996,0.58746850,0.79916245,-0.02073156,-0.58763677,0.08561412,0.27953175,1.24843574,-0.32575244,0.00000000,-0.78581309,-0.22085212,-0.13068926,1.18611324,-0.37724918,-0.00000000,-0.15708499,0.06005627,0.37595516,-0.25290868,1.05904758,0.33504108,0.44807538,-0.00211560,0.01033084,-0.00000000,-0.34815544,-1.30457747,-0.52552909,0.37800589,0.00236253,0.00585463,-0.00000000
0.01052897,-0.02235243,0.92359173,0.11925391,0.58662009,0.80087370,-0.01602478,-0.64058262,0.09499829,0.26414630,1.25356662,-0.32898402,0.00000000,-0.77870560,-0.23182005,-0.13737535,1.19945753,-0.38614351,-0.00000000,-0.12508997,0.04628022,0.39869303,-0.21023515,1.02242136,0.32053992,0.47264647,-0.00184309,0.01455214,-0.00000000,-0.34604934,-1.27418506,-0.50685585,0.38699123,0.00084181,0.00657984,-0.00000000
0.00940043,-0.01467864,0.92550498,0.11351634,0.58687520,0.80155927,-0.01393982,-0.70432580,0.11012249,0.24696866,1.24767745,-0.33424941,0.00000000,-0.77419758,-0.24326557,-0.14295697,1.21604419,-0.39532533,-0.00000000,-0.09535898,0.03051516,0.42830446,-0.16900972,0.97510785,0.29890504,0.49692214,-0.00132425,0.01868118,-0.00000000,-0.34256718,-1.23459136,-0.48280722,0.39747414,-0.00074351,0.00752396,-0.00000000
0.00779742,-0.01188373,0.92457962,0.10512330,0.58826077,0.80175662,-0.00919873,-0.77544212,0.12947865,0.22801819,1.23033965,-0.34062681,0.00000000,-0.77092791,-0.25460368,-0.14744273,1.23644650,-0.40559277,-0.00000000,-0.06800701,0.01609361,0.45899677,-0.13420883,0.92223525,0.27274013,0.51798058,-0.00065197,0.02211945,-0.00000000,-0.33899298,-1.18693423,-0.45351726,0.40903631,-0.00239946,0.00866075,-0.00000000
0.00595719,-0.01152825,0.92223507,0.09539222,0.59015262,0.80162990,-0.00312879,-0.85024500,0.15095080,0.20818144,1.20727742,-0.34756017,0.00000000,-0.76827729,-0.26588815,-0.15138070,1.25875700,-0.41640308,-0.00000000,-0.04184458,0.00234382,0.49022961,-0.10262026,0.86658347,0.24431014,0.53743035,0.00009704,0.02521232,-0.00000000,-0.33537251,-1.13524473,-0.42160663,0.42113814,-0.00409071,0.00989389,-0.00000000
0.00411318,-0.01096280,0.92000645,0.08762894,0.59036213,0.80236340,-0.00255992,-0.91933721,0.16934024,0.18839073,1.18013740,-0.35377201,0.00000000,-0.76766568,-0.27258039,-0.15544486,1.28406978,-0.42874297,-0.00000000,-0.02117739,-0.00542156,0.50601000,-0.08415243,0.81288129,0.21504819,0.55039161,0.00088903,0.02702702,-0.00000000,-0.33390507,-1.07715487,-0.38535881,0.43388620,-0.00580164,0.01123208,-0.00000000
0.00221790,-0.00907791,0.91495442,0.07936418,0.59184986,0.80213058,-0.00127455,-0.98734182,0.18646348,0.16853003,1.15253401,-0.35985163,0.00000000,-0.76685899,-0.27816701,-0.15907076,1.31030989,-0.44141293,-0.00000000,-0.00128480,-0.01164705,0.51723474,-0.06930756,0.75938010,0.18553479,0.56163990,0.00169231,0.02856424,-0.00000000,-0.33306277,-1.01673305,-0.34773317,0.44708356,-0.00750986,0.01269113,-0.00000000
0.00022005,-0.00455415,0.90425539,0.07009965,0.59590894,0.79998529,0.00144360,-1.05317056,0.20105432,0.14852931,1.12400341,-0.36566672,0.00000000,-0.76566273,-0.28154230,-0.16182013,1.33840454,-0.45474312,-0.00000000,0.01705863,-0.01479279,0.51934797,-0.06170857,0.70628130,0.15551847,0.56946242,0.00251817,0.02954652,-0.00000000,-0.33347091,-0.95164746,-0.30735183,0.46117941,-0.00921270,0.01439190,-0.00000000
-0.00189392,0.00229115,0.89009351,0.06369309,0.60128039,0.79649538,0.00032468,-1.11188269,0.21010958,0.12955946,1.10068691,-0.37126994,0.00000000,-0.76350075,-0.28127620,-0.16476807,1.36708152,-0.46798313,-0.00000000,0.03435991,-0.01587554,0.52005756,-0.06089066,0.65588307,0.12656201,0.57417637,0.00333310,0.03009470,-0.00000000,-0.33596364,-0.88456094,-0.26588786,0.47539610,-0.01089629,0.01617316,-0.00000000
-0.00406596,0.01029722,0.87420011,0.05871366,0.60728675,0.79230559,-0.00271274,-1.16703665,0.21639703,0.11110502,1.07997787,-0.37676725,0.00000000,-0.76085597,-0.27918926,-0.16781525,1.39604998,-0.48117813,-0.00000000,0.05114010,-0.01592681,0.52006519,-0.06346329,0.60683519,0.09813543,0.57733607,0.00414256,0.03042583,-0.00000000,-0.33949855,-0.81647384,-0.22388245,0.48967317,-0.01257026,0.01799466,-0.00000000
-0.00619542,0.02055997,0.85692495,0.05556111,0.61264163,0.78834456,-0.00980479,-1.21200132,0.21425591,0.09440801,1.06989777,-0.38271013,0.00000000,-0.75385487,-0.27231508,-0.17070878,1.42566717,-0.49297720,-0.00000000,0.06757075,-0.01524384,0.52005845,-0.07496733,0.56440592,0.07322530,0.57625180,0.00487767,0.03021321,-0.00000000,-0.34676439,-0.74884719,-0.18218735,0.50292355,-0.01425076,0.01966744,-0.00000000
-0.00821631,0.03196687,0.83941621,0.05117513,0.61837673,0.78401256,-0.01776566,-1.25544548,0.20916380,0.07863247,1.06316161,-0.38929245,0.00000000,-0.74531662,-0.26400259,-0.17338271,1.45558405,-0.50410801,-0.00000000,0.08436756,-0.01473339,0.52005547,-0.08895950,0.52356446,0.04923562,0.57393903,0.00558740,0.02986551,-0.00000000,-0.35464764,-0.68075222,-0.14027885,0.51603097,-0.01595996,0.02136202,-0.00000000
-0.01002007,0.04566205,0.82144034,0.04432507,0.62489247,0.77896762,-0.02746296,-1.29584754,0.19816966,0.06469999,1.06311238,-0.39715379,0.00000000,-0.73370421,-0.25281364,-0.17561753,1.48610103,-0.51390195,-0.00000000,0.10189670,-0.01456799,0.52006054,-0.10792792,0.48589864,0.02708691,0.56916887,0.00624640,0.02924762,-0.00000000,-0.36376569,-0.61172062,-0.09794355,0.52885187,-0.01772655,0.02310017,-0.00000000
-0.01223662,0.06023358,0.80679131,0.04109442,0.63183963,0.77300799,-0.03935159,-1.33314884,0.18295226,0.05195690,1.06956792,-0.40653187,0.00000000,-0.71768540,-0.24031150,-0.17682962,1.51550651,-0.52136588,-0.00000000,0.12008434,-0.01572482,0.52006453,-0.13075134,0.45411384,0.00871145,0.56213540,0.00674514,0.02835651,-0.00000000,-0.37397194,-0.54528445,-0.05733912,0.54074478,-0.01950770,0.02471718,-0.00000000
-0.01465957,0.07524329,0.79380566,0.03966768,0.63890713,0.76647621,-0.05232869,-1.36889994,0.16562320,0.03980853,1.07927620,-0.41666827,0.00000000,-0.69946343,-0.22715291,-0.17753032,1.54435623,-0.52766490,-0.00000000,0.13860123,-0.01754278,0.52006823,-0.15550222,0.42526957,-0.00777737,0.55397016,0.00716375,0.02732877,-0.00000000,-0.38472238,-0.48014587,-0.01760012,0.55217367,-0.02129613,0.02627362,-0.00000000
-0.01638603,0.08745679,0.78694648,0.04852749,0.64767408,0.75702232,-0.07127818,-1.39678752,0.14402813,0.02857494,1.09809864,-0.42839327,0.00000000,-0.67662078,-0.21464653,-0.17726271,1.56636000,-0.52921134,-0.00000000,0.15864009,-0.02207303,0.52006334,-0.18293637,0.40950090,-0.01548179,0.54341745,0.00716537,0.02606858,-0.00000000,-0.39718965,-0.42504507,0.01561963,0.56095082,-0.02291988,0.02731227,-0.00000000
-0.01851936,0.09844284,0.78123456,0.05629301,0.65533572,0.74787611,-0.08970783,-1.42156816,0.12152328,0.01806617,1.11787522,-0.44007945,0.00000000,-0.65426153,-0.20240360,-0.17738232,1.58464706,-0.52938080,-0.00000000,0.17897087,-0.02695753,0.52005994,-0.20982434,0.39854932,-0.01998002,0.53252578,0.00700649,0.02480885,-0.00000000,-0.40921187,-0.37434450,0.04601019,0.56896269,-0.02442136,0.02821189,-0.00000000
-0.02146644,0.10697397,0.77781695,0.06190123,0.66124755,0.73989248,-0.10714034,-1.44013441,0.09719888,0.00900704,1.13955963,-0.45168796,0.00000000,-0.63286924,-0.19068785,-0.17827633,1.59550130,-0.52679586,-0.00000000,0.19988558,-0.03255055,0.52005965,-0.23561998,0.39723185,-0.01806588,0.52095628,0.00652663,0.02355004,-0.00000000,-0.42034397,-0.33244416,0.07074238,0.57544404,-0.02567830,0.02883345,-0.00000000
-0.02425601,0.11350197,0.77521008,0.06765698,0.66593981,0.73316848,-0.12004492,-1.45203018,0.07405044,0.00151240,1.15789449,-0.46167347,0.00000000,-0.61297596,-0.17978439,-0.17956796,1.59813762,-0.52209306,-0.00000000,0.22022168,-0.03728148,0.52005804,-0.25962856,0.40524265,-0.00998426,0.50844103,0.00578845,0.02212795,-0.00000000,-0.42955226,-0.30113930,0.08895304,0.58052635,-0.02665380,0.02921849,-0.00000000
-0.02696684,0.11902841,0.77300858,0.07348383,0.67000592,0.72705907,-0.13068014,-1.46059060,0.05148997,-0.00520000,1.17455471,-0.47084740,0.00000000,-0.59383202,-0.16928706,-0.18105836,1.59666479,-0.51633137,-0.00000000,0.24026847,-0.04158137,0.52005583,-0.28274363,0.41791761,0.00118109,0.49545297,0.00492111,0.02062424,-0.00000000,-0.43779868,-0.27513221,0.10390291,0.58490920,-0.02748858,0.02948529,0.00000000
-0.03076458,0.12034471,0.77427763,0.07350775,0.67481017,0.72096735,-0.13940528,-1.45799339,0.03151924,-0.00879372,1.18255496,-0.47630334,0.00000000,-0.57900119,-0.15976813,-0.18380192,1.58392656,-0.50805813,-0.00000000,0.25976881,-0.04436700,0.52005446,-0.30245525,0.44250298,0.02021890,0.48159117,0.00374530,0.01893964,-0.00000000,-0.44318372,-0.26529646,0.10906259,0.58710700,-0.02786271,0.02939039,0.00000000
-0.03520354,0.12020364,0.77681971,0.07376357,0.67998105,0.71462613,-0.14660877,-1.45136678,0.01277350,-0.01121134,1.18719697,-0.48034766,0.00000000,-0.56608886,-0.15066729,-0.18668085,1.56811655,-0.49934328,-0.00000000,0.27864951,-0.04595647,0.52004832,-0.32171124,0.47002506,0.04116532,0.46720260,0.00251983,0.01711013,-0.00000000,-0.44757190,-0.26029909,0.11134623,0.58872318,-0.02809916,0.02920987,0.00000000
-0.04092491,0.11714783,0.78190786,0.07449505,0.68599296,0.70790279,-0.15079059,-1.43668127,-0.00352225,-0.01127674,1.18512261,-0.48156872,0.00000000,-0.55701345,-0.14240254,-0.18983056,1.54616272,-0.48974568,-0.00000000,0.29629111,-0.04515358,0.52003312,-0.34005594,0.50342083,0.06592900,0.45176032,0.00119508,0.01499080,-0.00000000,-0.44996673,-0.26497841,0.10787776,0.58917612,-0.02806026,0.02885811,0.00000000
-0.04418786,0.11356340,0.79073215,0.07623458,0.69064116,0.70281184,-0.15250771,-1.41714394,-0.01531026,-0.01000786,1.17699516,-0.48002866,0.00000000,-0.55307263,-0.13465974,-0.19337100,1.52060461,-0.47990116,-0.00000000,0.30867234,-0.04395203,0.52002561,-0.35720003,0.53552711,0.08970118,0.43661031,-0.00003963,0.01298933,-0.00000000,-0.45020336,-0.27560142,0.10073926,0.58889818,-0.02778864,0.02842388,0.00000000
-0.04622159,0.10971467,0.80142450,0.07847811,0.69460762,0.69853759,-0.15299241,-1.39518070,-0.02484441,-0.00807186,1.16584086,-0.47710806,0.00000000,-0.55169910,-0.12717777,-0.19710681,1.49324429,-0.46993339,-0.00000000,0.31842354,-0.04255115,0.52002203,-0.37374371,0.56698877,0.11297759,0.42160645,-0.00122932,0.01104678,-0.00000000,-0.44936094,-0.28919628,0.09176571,0.58825487,-0.02740068,0.02794843,0.00000000
-0.04768028,0.10389599,0.81695861,0.08070509,0.69876981,0.69406295,-0.15324521,-1.36646736,-0.02824655,-0.00416053,1.14734077,-0.47099537,0.00000000,-0.55969769,-0.12127068,-0.19988494,1.46151578,-0.46106145,-0.00000000,0.31946495,-0.03906191,0.52001917,-0.39061332,0.59492117,0.13335566,0.40638575,-0.00220372,0.00906913,-0.00000000,-0.44507840,-0.30872312,0.07908827,0.58714753,-0.02675627,0.02748461,0.00000000
-0.04909843,0.09775068,0.83268285,0.08249183,0.70395851,0.68863440,-0.15303662,-1.33545899,-0.02983842,0.00034308,1.12715280,-0.46417093,0.00000000,-0.57142740,-0.11616281,-0.20189975,1.42836368,-0.45275018,-0.00000000,0.31737858,-0.03453337,0.52001387,-0.40789461,0.62146264,0.15253451,0.39105135,-0.00309098,0.00704798,-0.00000000,-0.43952119,-0.32963553,0.06554540,0.58609807,-0.02604817,0.02707064,0.00000000
-0.05043547,0.09095210,0.84878725,0.08339775,0.71119881,0.68129724,-0.15190499,-1.29986167,-0.02780976,0.00603125,1.10358930,-0.45592275,0.00000000,-0.59061885,-0.11265340,-0.20238803,1.39236391,-0.44556001,-0.00000000,0.30903697,-0.02792619,0.52000356,-0.42599940,0.64522260,0.16931489,0.37548926,-0.00380397,0.00493981,-0.00000000,-0.43141487,-0.35331932,0.05027168,0.58516479,-0.02521265,0.02675641,0.00000000
-0.05091947,0.08232483,0.86792058,0.08321299,0.71853286,0.67438740,-0.14828266,-1.26591825,-0.02335983,0.01276375,1.07776558,-0.44726804,0.00000000,-0.61350793,-0.10970812,-0.20053920,1.35651445,-0.43932217,-0.00000000,0.29508770,-0.02080750,0.51999998,-0.44312817,0.66248065,0.18122634,0.36110690,-0.00429029,0.00306613,-0.00000000,-0.42153385,-0.37644407,0.03512549,0.58431226,-0.02432778,0.02652519,0.00000000
-0.05097694,0.07278322,0.88856834,0.08247735,0.72586548,0.66764641,-0.14340529,-1.23280191,-0.01769926,0.02001843,1.05081153,-0.43841007,0.00000000,-0.63824606,-0.10704491,-0.19752181,1.32074010,-0.43356046,-0.00000000,0.27833456,-0.01343305,0.51999980,-0.45976901,0.67648745,0.19070326,0.34731436,-0.00466327,0.00130971,-0.00000000,-0.41076553,-0.39928937,0.02004308,0.58350027,-0.02341823,0.02633547,0.00000000
-0.05021810,0.05943311,0.90831894,0.08032026,0.73406327,0.66070431,-0.13479479,-1.19961500,-0.01054555,0.02916904,1.02564895,-0.43062997,0.00000000,-0.66997790,-0.10554209,-0.19050270,1.28471613,-0.42907077,-0.00000000,0.25372171,-0.00522220,0.51973361,-0.47515157,0.68092108,0.19283117,0.33525988,-0.00468758,-0.00018945,-0.00000000,-0.39731675,-0.42027274,0.00576500,0.58310175,-0.02246142,0.02634596,0.00000000
-0.04865431,0.04485708,0.92744452,0.07957590,0.74237460,0.65317827,-0.12611827,-1.16786242,-0.00327181,0.03887906,1.00236666,-0.42385903,0.00000000,-0.70203114,-0.10454556,-0.18183295,1.24966037,-0.42476985,-0.00000000,0.22726670,0.00260503,0.51956433,-0.48945075,0.68144268,0.19202614,0.32416433,-0.00457764,-0.00153240,-0.00000000,-0.38382533,-0.44003528,-0.00792560,0.58245248,-0.02149916,0.02633211,0.00000000
-0.04548062,0.02782920,0.94532019,0.08167078,0.75103605,0.64459854,-0.11733470,-1.13897836,0.00424201,0.04970791,0.98284537,-0.41910627,0.00000000,-0.73472708,-0.10456166,-0.16986178,1.21654093,-0.42084622,-0.00000000,0.19712763,0.00966504,0.51958883,-0.50158370,0.67414075,0.18535526,0.31498656,-0.00419921,-0.00256292,-0.00000000,-0.37024850,-0.45735636,-0.02044122,0.58130187,-0.02052604,0.02626953,0.00000000
-0.04251174,0.00771551,0.96237904,0.08451859,0.76034462,0.63391465,-0.11351144,-1.11200154,0.00972867,0.06169190,0.97032398,-0.41706985,0.00000000,-0.76716506,-0.10484450,-0.15624782,1.18838906,-0.41739890,-0.00000000,0.16649488,0.01499735,0.51956731,-0.51019502,0.65954196,0.17340691,0.30864847,-0.00358840,-0.00308387,-0.00000000,-0.35753232,-0.47164312,-0.03149517,0.57924193,-0.01955268,0.02606999,0.00000000
-0.03964528,-0.01394110,0.97902948,0.08773191,0.76988024,0.62210041,-0.11215451,-1.08597839,0.01420176,0.07425348,0.96130258,-0.41639146,0.00000000,-0.79947418,-0.10526072,-0.14181247,1.16272116,-0.41418958,-0.00000000,0.13561526,0.01946582,0.51952267,-0.51704556,0.64129460,0.15881988,0.30373016,-0.00286141,-0.00335004,-0.00000000,-0.34524667,-0.48441270,-0.04181827,0.57672751,-0.01857919,0.02580196,0.00000000
-0.03635434,-0.03497927,0.98871702,0.09577043,0.78143835,0.60578370,-0.11492728,-1.05987895,0.01798987,0.08667386,0.96394497,-0.41953814,0.00000000,-0.83392507,-0.10701100,-0.12489574,1.14393187,-0.41227463,-0.00000000,0.10298160,0.02195818,0.51933342,-0.51851451,0.61290216,0.13676132,0.30302334,-0.00180498,-0.00286830,-0.00000000,-0.33399087,-0.49300048,-0.05023674,0.57307214,-0.01759364,0.02539175,0.00000000
-0.03319764,-0.05143776,0.99601454,0.10364456,0.79292804,0.58874196,-0.11792267,-1.03468513,0.02163883,0.09895144,0.96906024,-0.42385274,0.00000000,-0.86858946,-0.10912587,-0.10752200,1.12808442,-0.41098627,-0.00000000,0.07048969,0.02414229,0.51926041,-0.51806349,0.58195543,0.11282267,0.30374247,-0.00066061,-0.00212272,-0.00000000,-0.32311490,-0.50037754,-0.05816763,0.56911552,-0.01659877,0.02496405,0.00000000
-0.03030939,-0.05873692,0.99853188,0.11122681,0.80460972,0.57051831,-0.12141090,-1.01130223,0.02500951,0.11094349,0.97912127,-0.43050334,0.00000000,-0.90368092,-0.11196996,-0.08923421,1.11812019,-0.41095120,-0.00000000,0.03828127,0.02570987,0.51941991,-0.51377225,0.54589999,0.08512381,0.30731335,0.00065965,-0.00084945,-0.00000000,-0.31299847,-0.50533289,-0.06512328,0.56455612,-0.01558524,0.02450137,0.00000000
-0.02875089,-0.06474735,0.99697882,0.11663838,0.81412441,0.55500656,-0.12475850,-0.99051470,0.02864035,0.12212817,0.99130088,-0.43896219,0.00000000,-0.93932503,-0.11553951,-0.07060523,1.11423039,-0.41254973,-0.00000000,0.00701450,0.02748700,0.51957399,-0.50644314,0.50738472,0.05550591,0.31296691,0.00211921,0.00078311,-0.00000000,-0.30321613,-0.50915313,-0.07198717,0.55978411,-0.01452380,0.02411950,0.00000000
-0.02785726,-0.07011341,0.99339050,0.12095490,0.82249522,0.54081506,-0.12802604,-0.97102469,0.03240128,0.13290913,1.00454009,-0.44832528,0.00000000,-0.97524554,-0.11947177,-0.05180563,1.11337781,-0.41496515,-0.00000000,-0.02378145,0.02936891,0.51972526,-0.49759516,0.46763933,0.02492847,0.31966189,0.00364842,0.00259530,-0.00000000,-0.29360080,-0.51240605,-0.07880518,0.55490583,-0.01343841,0.02377803,0.00000000
-0.02718309,-0.07518716,0.98232466,0.12467746,0.83062869,0.52656984,-0.13128464,-0.95322829,0.03756585,0.14170961,1.02088451,-0.45980683,0.00000000,-1.01442516,-0.12398189,-0.03280906,1.11953044,-0.41975427,-0.00000000,-0.05391144,0.03091260,0.51990449,-0.48417726,0.42545900,-0.00777266,0.32883313,0.00534298,0.00486611,-0.00000000,-0.28428662,-0.51556373,-0.08668017,0.54978275,-0.01222324,0.02359477,0.00000000
-0.02753731,-0.08010229,0.96992999,0.12805443,0.83709162,0.51435137,-0.13536000,-0.93550694,0.04265538,0.14997755,1.03769612,-0.47162721,0.00000000,-1.05281663,-0.12827292,-0.01410631,1.12825787,-0.42505899,-0.00000000,-0.08333353,0.03268729,0.52002448,-0.47126633,0.38515800,-0.03905917,0.33715612,0.00699741,0.00686094,-0.00000000,-0.27473950,-0.52038467,-0.09607074,0.54479134,-0.01092495,0.02353728,0.00000000
-0.02994833,-0.08470014,0.95487779,0.13079111,0.84055465,0.50640500,-0.14112245,-0.91793573,0.04759483,0.15718044,1.05544174,-0.48412535,0.00000000,-1.08963192,-0.13212569,0.00400883,1.14213359,-0.43139485,-0.00000000,-0.11133989,0.03492400,0.52002633,-0.45936948,0.34861580,-0.06751645,0.34378260,0.00857163,0.00830379,-0.00000000,-0.26472661,-0.52853239,-0.10849241,0.54006332,-0.00946042,0.02373135,0.00000000
-0.03059368,-0.08804410,0.93952459,0.13307500,0.84111625,0.50423414,-0.14339611,-0.90036994,0.05192197,0.16374217,1.07399833,-0.49674168,0.00000000,-1.12515473,-0.13403653,0.02026332,1.15926659,-0.43814376,-0.00000000,-0.13912614,0.03651640,0.52003390,-0.44802696,0.31676784,-0.09235313,0.34824374,0.00998787,0.00910624,-0.00000000,-0.25305754,-0.54128331,-0.12502199,0.53594160,-0.00778565,0.02428674,0.00000000
-0.03035619,-0.09076111,0.92402089,0.13513684,0.84025550,0.50496817,-0.14393009,-0.88280678,0.05594296,0.16998328,1.09296048,-0.50941736,0.00000000,-1.16003132,-0.13497639,0.03558748,1.17802846,-0.44509917,-0.00000000,-0.16680236,0.03778666,0.52004439,-0.43696138,0.28726682,-0.11537950,0.35162216,0.01132513,0.00958849,-0.00000000,-0.24056034,-0.55633587,-0.14360547,0.53212285,-0.00600578,0.02502281,0.00000000
-0.03134498,-0.09250795,0.91035110,0.13662466,0.83991635,0.50611246,-0.14044370,-0.86325914,0.05988600,0.17504576,1.11108220,-0.52004862,0.00000000,-1.18943083,-0.13427551,0.04793687,1.19681394,-0.45077568,-0.00000000,-0.19230704,0.03836301,0.52004772,-0.42844215,0.27159083,-0.12703562,0.34876484,0.01215506,0.00832760,-0.00000000,-0.22237334,-0.57983112,-0.16958529,0.52969402,-0.00389590,0.02641897,0.00000000
-0.03157183,-0.09352858,0.89855701,0.13727446,0.83941412,0.50861621,-0.13360108,-0.84260517,0.06430288,0.17944193,1.12843502,-0.52958488,0.00000000,-1.21716309,-0.13308981,0.05898567,1.21460569,-0.45583910,-0.00000000,-0.21755546,0.03832955,0.52004987,-0.41990122,0.26073655,-0.13489963,0.34438097,0.01282348,0.00660339,-0.00000000,-0.20260708,-0.60616803,-0.19808836,0.52724767,-0.00168662,0.02792465,0.00000000
-0.03027478,-0.09309682,0.89051431,0.13623227,0.83848882,0.51377994,-0.12003123,-0.81973797,0.06966743,0.18250558,1.14424968,-0.53693140,0.00000000,-1.24156058,-0.13093451,0.06743328,1.23041165,-0.45967650,-0.00000000,-0.24229136,0.03707645,0.52004975,-0.41131693,0.25952607,-0.13517961,0.33694389,0.01316889,0.00395254,-0.00000000,-0.17968227,-0.63818818,-0.23163798,0.52476615,0.00072147,0.02964938,0.00000000
-0.02836420,-0.09124722,0.88564843,0.13526283,0.83778948,0.51754409,-0.10936585,-0.79572487,0.07530448,0.18458684,1.15714109,-0.54192084,0.00000000,-1.26043236,-0.12840615,0.07266601,1.24464715,-0.46196151,-0.00000000,-0.26419842,0.03422653,0.52004910,-0.39921600,0.26620200,-0.13011321,0.33020857,0.01331611,0.00132226,-0.00000000,-0.15801656,-0.67279249,-0.26758575,0.51888740,0.00322963,0.03074810,0.00000000
-0.02614684,-0.08868869,0.88237101,0.13432868,0.83719605,0.52060360,-0.10015284,-0.77113861,0.08107777,0.18617697,1.16857088,-0.54573166,0.00000000,-1.27654123,-0.12569132,0.07629130,1.25809729,-0.46347037,-0.00000000,-0.28469101,0.03057819,0.52004796,-0.38535678,0.27682117,-0.12237360,0.32382405,0.01336424,-0.00129773,-0.00000000,-0.13698043,-0.70868886,-0.30473247,0.51131016,0.00578782,0.03153380,0.00000000
-0.02524685,-0.08430595,0.88310951,0.13389942,0.83712161,0.52227706,-0.09233147,-0.74341893,0.08810539,0.18622409,1.17541873,-0.54592294,0.00000000,-1.28637409,-0.12301744,0.07526857,1.26846647,-0.46301514,-0.00000000,-0.30189005,0.02521196,0.52004796,-0.36502123,0.29533592,-0.11000607,0.32137355,0.01328929,-0.00317359,-0.00000000,-0.12110104,-0.74508023,-0.34258592,0.49609771,0.00838504,0.03078569,0.00000000
-0.02446030,-0.07894647,0.88412076,0.13438696,0.83662355,0.52405602,-0.08582880,-0.71392757,0.09560914,0.18579642,1.18108654,-0.54502696,0.00000000,-1.29463708,-0.12063838,0.07302713,1.27769935,-0.46207279,-0.00000000,-0.31833619,0.01973424,0.52004796,-0.34308791,0.31521004,-0.09708676,0.32057828,0.01321869,-0.00470885,-0.00000000,-0.10775489,-0.78089058,-0.37985066,0.47780931,0.01095592,0.02939720,0.00000000
-0.02390064,-0.07163353,0.88567746,0.13672006,0.83535302,0.52609271,-0.08197206,-0.68089288,0.10406522,0.18441924,1.18439400,-0.54195637,0.00000000,-1.29976010,-0.11884898,0.06834829,1.28465974,-0.46015650,-0.00000000,-0.33327648,0.01403357,0.52004808,-0.31795922,0.33780307,-0.08306389,0.32309327,0.01315678,-0.00556291,-0.00000000,-0.09947513,-0.81553835,-0.41593793,0.45336902,0.01347415,0.02672796,0.00000000
-0.02347387,-0.07079288,0.88727796,0.13816099,0.83355099,0.52910495,-0.07843630,-0.64228565,0.11302792,0.18222591,1.18721008,-0.53681868,0.00000000,-1.30360913,-0.11745022,0.06149124,1.28881323,-0.45740455,-0.00000000,-0.34819764,0.00865360,0.52004701,-0.29062566,0.36237752,-0.06865297,0.32922882,0.01314845,-0.00564795,-0.00000000,-0.09620990,-0.84911388,-0.45069221,0.42292184,0.01592728,0.02275639,0.00000000
-0.02311354,-0.07318838,0.88890034,0.13915367,0.83147043,0.53259671,-0.07505991,-0.60089207,0.12224398,0.17962448,1.18978012,-0.53064746,0.00000000,-1.30682170,-0.11624678,0.05354512,1.29156351,-0.45423493,-0.00000000,-0.36310929,0.00343398,0.52004534,-0.26218969,0.38794282,-0.05404801,0.33717462,0.01316692,-0.00534849,-0.00000000,-0.09545192,-0.88215327,-0.48477986,0.38947114,0.01834785,0.01813365,0.00000000
-0.02160937,-0.07777604,0.89198130,0.13592115,0.82827204,0.53831506,-0.07554966,-0.54988229,0.13126661,0.17623116,1.19396281,-0.52221411,0.00000000,-1.30960917,-0.11500752,0.04262969,1.29008734,-0.44993252,-0.00000000,-0.38034523,-0.00151305,0.52003449,-0.23181592,0.41570801,-0.03959925,0.35079744,0.01329756,-0.00377195,-0.00000000,-0.10143486,-0.91383171,-0.51699334,0.34798118,0.02066147,0.01161112,0.00000000
-0.02094642,-0.08146717,0.89376646,0.13312812,0.82487220,0.54411227,-0.07618836,-0.49850547,0.13946363,0.17347619,1.19864714,-0.51374209,0.00000000,-1.31127906,-0.11370978,0.03163162,1.28842306,-0.44546419,-0.00000000,-0.39760533,-0.00557940,0.52002555,-0.20205650,0.44316673,-0.02587226,0.36589330,0.01348733,-0.00182849,-0.00000000,-0.10945115,-0.94377667,-0.54739285,0.30476567,0.02287947,0.00465148,-0.00000000
-0.02196589,-0.08336523,0.89295989,0.13122152,0.82111335,0.55009544,-0.07712894,-0.44639489,0.14600946,0.17199795,1.20433414,-0.50519305,0.00000000,-1.31071472,-0.11229506,0.02046827,1.28638184,-0.44066411,-0.00000000,-0.41491365,-0.00788436,0.52002054,-0.17352572,0.47001219,-0.01358880,0.38393551,0.01379539,0.00084881,-0.00000000,-0.12153411,-0.97025490,-0.57416439,0.25809935,0.02490622,-0.00318238,-0.00000000
-0.02280743,-0.08879858,0.89207643,0.12964828,0.81680745,0.55570000,-0.08493847,-0.39294133,0.15112925,0.17141481,1.21251547,-0.49728489,0.00000000,-1.30933750,-0.11126492,0.01015460,1.28364682,-0.43559390,-0.00000000,-0.43276048,-0.00903893,0.51939023,-0.14667772,0.49630097,-0.00254431,0.40445372,0.01421198,0.00422680,-0.00000000,-0.13626292,-0.99345219,-0.59735394,0.20936075,0.02671888,-0.01176852,-0.00000000
-0.02355999,-0.09599955,0.89115453,0.12822482,0.81212133,0.56104231,-0.09617106,-0.33881623,0.15553598,0.17127924,1.22194397,-0.48969698,0.00000000,-1.30755389,-0.11042708,0.00026576,1.28056479,-0.43038857,-0.00000000,-0.45087641,-0.00961829,0.51844734,-0.12067111,0.52231133,0.00788070,0.42620990,0.01468284,0.00795516,-0.00000000,-0.15231466,-1.01500893,-0.61875236,0.15958604,0.02842451,-0.02073079,-0.00000000
-0.02490547,-0.10438487,0.88662958,0.12165927,0.81017727,0.56484157,-0.09882236,-0.29605123,0.15550853,0.17544501,1.23153722,-0.48490053,0.00000000,-1.30260885,-0.11011553,-0.00756043,1.27990508,-0.42513981,-0.00000000,-0.46498498,-0.00786946,0.51661104,-0.09861635,0.54478562,0.01582593,0.44811055,0.01522445,0.01186638,-0.00000000,-0.16732167,-1.02816880,-0.63137716,0.11426249,0.02977098,-0.02900277,-0.00000000
-0.02649082,-0.11342265,0.88204181,0.11535146,0.80831456,0.56876892,-0.09911424,-0.25811005,0.15429243,0.18076260,1.24037552,-0.48115450,0.00000000,-1.29709375,-0.11043515,-0.01436672,1.28005409,-0.41991618,-0.00000000,-0.47704458,-0.00510850,0.51549417,-0.07871923,0.56667942,0.02372579,0.46910998,0.01572971,0.01563675,-0.00000000,-0.18019800,-1.03802371,-0.64035577,0.07267223,0.03098155,-0.03654499,-0.00000000
-0.02855596,-0.12376532,0.87732816,0.10956740,0.80666727,0.57298875,-0.09469366,-0.22981656,0.15069896,0.18838395,1.24770308,-0.47950986,0.00000000,-1.29043949,-0.11201698,-0.01913320,1.28181982,-0.41474313,-0.00000000,-0.48500600,-0.00032328,0.51581585,-0.06313740,0.58741170,0.03153487,0.48830691,0.01616228,0.01912544,-0.00000000,-0.18881299,-1.04126787,-0.64204204,0.03854850,0.03192035,-0.04262767,-0.00000000
-0.03174897,-0.13015646,0.87406731,0.10429027,0.80550230,0.57645828,-0.08936122,-0.21049632,0.14470464,0.19804753,1.25327182,-0.47973263,0.00000000,-1.28277206,-0.11504360,-0.02203560,1.28505087,-0.40952367,-0.00000000,-0.48894262,0.00710203,0.51613063,-0.05312509,0.60829365,0.04045084,0.50423509,0.01645559,0.02207934,-0.00000000,-0.19142795,-1.03782368,-0.63633603,0.01415697,0.03257590,-0.04683628,-0.00000000
-0.03550591,-0.13457182,0.87153286,0.09926333,0.80455184,0.57953358,-0.08357009,-0.19566268,0.13750988,0.20873220,1.25796068,-0.48088923,0.00000000,-1.27459836,-0.11879262,-0.02400596,1.28901505,-0.40428129,-0.00000000,-0.49086675,0.01584739,0.51644200,-0.04589757,0.62925023,0.04992025,0.51852876,0.01667926,0.02476586,-0.00000000,-0.19104284,-1.03103495,-0.62693369,-0.00536845,0.03308985,-0.05010787,-0.00000000
-0.03667193,-0.13634926,0.87086606,0.09722723,0.80281693,0.58320540,-0.07683261,-0.19161792,0.12762196,0.22125961,1.25922322,-0.48403475,0.00000000,-1.26793587,-0.12401611,-0.02430700,1.29368806,-0.39906070,-0.00000000,-0.48879352,0.02843785,0.51789010,-0.04968540,0.65150559,0.06219940,0.52538317,0.01662735,0.02615972,-0.00000000,-0.17975545,-1.01422751,-0.60703081,-0.00700697,0.03317017,-0.04982585,-0.00000000
-0.03787456,-0.13873604,0.87009543,0.09555136,0.80061531,0.58746952,-0.06902642,-0.19035715,0.11737969,0.23396361,1.25933266,-0.48763788,0.00000000,-1.26192594,-0.12976505,-0.02415043,1.29829943,-0.39388150,-0.00000000,-0.48560253,0.04214356,0.51908761,-0.05690555,0.67436421,0.07546866,0.52986258,0.01647620,0.02717680,-0.00000000,-0.16561872,-0.99489725,-0.58476585,-0.00315137,0.03312664,-0.04847524,-0.00000000
-0.03915044,-0.14234143,0.86911714,0.09459790,0.79749441,0.59292734,-0.05908515,-0.19466452,0.10642884,0.24702078,1.25713599,-0.49215621,0.00000000,-1.25722146,-0.13656482,-0.02307864,1.30278742,-0.38878518,-0.00000000,-0.48017645,0.05807978,0.51978379,-0.07099031,0.69842929,0.09071814,0.52959245,0.01612654,0.02744032,-0.00000000,-0.14578354,-0.97052121,-0.55777669,0.01169247,0.03283544,-0.04498740,-0.00000000
-0.04030355,-0.14579245,0.86927772,0.09392422,0.79582793,0.59587592,-0.05261221,-0.19996373,0.09715643,0.25792331,1.25402582,-0.49678954,0.00000000,-1.25434744,-0.14406392,-0.02190337,1.30638897,-0.38392746,-0.00000000,-0.47295457,0.07287733,0.52001756,-0.09048448,0.72294074,0.10713967,0.52571809,0.01560238,0.02725005,-0.00000000,-0.12515230,-0.94567251,-0.53068858,0.03275457,0.03242645,-0.04054923,-0.00000000
-0.04139528,-0.14916627,0.87000775,0.09339278,0.79490817,0.59758413,-0.04787512,-0.20575890,0.08872325,0.26774845,1.25045872,-0.50148052,0.00000000,-1.25238895,-0.15191264,-0.02067637,1.30954754,-0.37918907,-0.00000000,-0.46483490,0.08710556,0.52002013,-0.11268337,0.74767512,0.12414725,0.52004158,0.01499098,0.02683290,-0.00000000,-0.10412305,-0.92058754,-0.50355089,0.05692581,0.03195857,-0.03563591,-0.00000000
-0.04078459,-0.15069206,0.87107718,0.09549703,0.79489982,0.59752655,-0.04445922,-0.21168332,0.08262270,0.27468228,1.24589801,-0.50570756,0.00000000,-1.25260091,-0.16109073,-0.01951523,1.31150007,-0.37501213,-0.00000000,-0.45423543,0.10169060,0.52002144,-0.14081033,0.77370113,0.14303620,0.51018864,0.01414314,0.02598183,-0.00000000,-0.08283528,-0.89576101,-0.47780806,0.08859529,0.03140527,-0.02953459,-0.00000000
-0.03839673,-0.15124150,0.87182671,0.09923771,0.79500341,0.59711534,-0.03968356,-0.21758056,0.07704330,0.28094664,1.24108207,-0.50968117,0.00000000,-1.25309873,-0.17077555,-0.01843443,1.31312871,-0.37101981,-0.00000000,-0.44273317,0.11715169,0.52002525,-0.17013641,0.80040199,0.16261443,0.49933684,0.01323180,0.02504962,-0.00000000,-0.06144655,-0.87115347,-0.45276064,0.12217053,0.03083902,-0.02309722,-0.00000000
-0.03245454,-0.14983824,0.87193662,0.10624660,0.79529572,0.59597009,-0.03218693,-0.22342341,0.07250614,0.28587195,1.23575687,-0.51314849,0.00000000,-1.25416815,-0.18147399,-0.01751431,1.31410897,-0.36739707,-0.00000000,-0.42942533,0.13436495,0.52003390,-0.20186077,0.82845235,0.18357107,0.48648766,0.01219345,0.02395517,-0.00000000,-0.03985590,-0.84698439,-0.42910376,0.15955727,0.03024686,-0.01598772,-0.00000000
-0.03301585,-0.14730018,0.87289137,0.10952070,0.79529756,0.59556067,-0.02853925,-0.22916427,0.06990828,0.28882673,1.23017979,-0.51610279,0.00000000,-1.25360703,-0.19131413,-0.01779998,1.31413102,-0.36371285,-0.00000000,-0.41651535,0.14781336,0.52003771,-0.23299523,0.85561264,0.20413932,0.47281769,0.01114332,0.02291547,-0.00000000,-0.01971443,-0.82662922,-0.40965265,0.19588283,0.02978192,-0.00941745,0.00000000
-0.03682890,-0.14419475,0.87426865,0.11093068,0.79517913,0.59553790,-0.02681714,-0.23485416,0.06828006,0.29079610,1.22447705,-0.51880080,0.00000000,-1.25223112,-0.20072523,-0.01868853,1.31367385,-0.35999811,-0.00000000,-0.40380439,0.15937939,0.52003920,-0.26383469,0.88232774,0.22451329,0.45873731,0.01008730,0.02190315,-0.00000000,-0.00029755,-0.80818111,-0.39230436,0.23167765,0.02938058,-0.00311680,0.00000000
-0.04028498,-0.14118418,0.87640536,0.11042561,0.79497647,0.59597510,-0.02514400,-0.23916148,0.06839770,0.29085764,1.21866548,-0.52095938,0.00000000,-1.24806356,-0.20823863,-0.02211172,1.31105912,-0.35585725,-0.00000000,-0.39276353,0.16693589,0.52003968,-0.29294711,0.90829456,0.24455641,0.44329771,0.00903504,0.02082391,-0.00000000,0.01836585,-0.79483348,-0.38056955,0.26455769,0.02917311,0.00227780,0.00000000
-0.04384721,-0.13809367,0.87891960,0.10950347,0.79500353,0.59620649,-0.02272045,-0.24289009,0.06891327,0.29053336,1.21269286,-0.52303809,0.00000000,-1.24275863,-0.21522158,-0.02634308,1.30759323,-0.35149875,-0.00000000,-0.38227800,0.17355397,0.52003956,-0.32128406,0.93415630,0.26458359,0.42733616,0.00798131,0.01967055,-0.00000000,0.03718555,-0.78286910,-0.37036273,0.29621053,0.02901954,0.00737540,0.00000000
-0.04762171,-0.13484327,0.88218892,0.10774635,0.79548436,0.59602189,-0.01879597,-0.24546129,0.07022469,0.28943750,1.20639801,-0.52495718,0.00000000,-1.23517847,-0.22114353,-0.03219078,1.30242467,-0.34670511,-0.00000000,-0.37290341,0.17829537,0.52003825,-0.34807006,0.95980752,0.28457880,0.41033062,0.00692466,0.01836894,-0.00000000,0.05631783,-0.77367175,-0.36321193,0.32540920,0.02897380,0.01187899,0.00000000
-0.05111182,-0.13240151,0.88626653,0.10386581,0.79570103,0.59651965,-0.01536462,-0.24719946,0.07224228,0.28792718,1.19921064,-0.52707541,0.00000000,-1.22576249,-0.22494960,-0.04043794,1.29504514,-0.34146592,-0.00000000,-0.36631048,0.17916307,0.52003610,-0.37214348,0.98387510,0.30361491,0.39247179,0.00589929,0.01689077,-0.00000000,0.07659051,-0.76705712,-0.35904622,0.35131365,0.02903845,0.01562178,0.00000000
-0.05445972,-0.13036408,0.89074820,0.09892119,0.79576731,0.59734470,-0.01217952,-0.24852122,0.07461295,0.28620967,1.19157672,-0.52929330,0.00000000,-1.21542883,-0.22769774,-0.04988483,1.28656006,-0.33600402,-0.00000000,-0.36110845,0.17809397,0.52003354,-0.39486068,1.00715113,0.32217148,0.37418610,0.00488957,0.01532431,-0.00000000,0.09743339,-0.76173401,-0.35637301,0.37557101,0.02915831,0.01898418,0.00000000
-0.05672536,-0.12973589,0.89489299,0.09305915,0.79542339,0.59879857,-0.00905175,-0.24802797,0.07840541,0.28384376,1.18225586,-0.53143626,0.00000000,-1.20366549,-0.22796476,-0.06240211,1.27447414,-0.33005866,-0.00000000,-0.35971144,0.17148021,0.52003485,-0.41209227,1.02683604,0.33859652,0.35517362,0.00394085,0.01353692,-0.00000000,0.12039139,-0.75924283,-0.35715526,0.39469093,0.02938498,0.02130152,0.00000000
-0.05900959,-0.12965271,0.89921480,0.08656885,0.79472619,0.60072869,-0.00641387,-0.24654035,0.08269625,0.28124914,1.17242873,-0.53339607,0.00000000,-1.19137502,-0.22754081,-0.07579438,1.26134336,-0.32392579,-0.00000000,-0.35966945,0.16325113,0.52003574,-0.42764339,1.04567134,0.35452589,0.33579424,0.00300429,0.01160661,-0.00000000,0.14414161,-0.75766772,-0.35904962,0.41221169,0.02962818,0.02334243,0.00000000
-0.06133104,-0.13065960,0.90389061,0.07882513,0.79334539,0.60362828,-0.00475623,-0.24306397,0.08798389,0.27819714,1.16158926,-0.53498960,0.00000000,-1.17802930,-0.22573502,-0.09093662,1.24612272,-0.31741804,-0.00000000,-0.36233774,0.15179139,0.52003580,-0.43983376,1.06280744,0.36946371,0.31568107,0.00209206,0.00939048,-0.00000000,0.16947623,-0.75792468,-0.36316809,0.42653406,0.02990443,0.02483051,0.00000000
-0.06364955,-0.13218907,0.90915436,0.06989987,0.79157823,0.60704815,-0.00323145,-0.23711877,0.09440905,0.27460894,1.15026605,-0.53589129,0.00000000,-1.16343057,-0.22317676,-0.10697141,1.22998619,-0.31059921,-0.00000000,-0.36708876,0.13812825,0.52003676,-0.44896990,1.07834995,0.38329852,0.29471272,0.00121266,0.00680447,-0.00000000,0.19534378,-0.75999290,-0.36906952,0.43744141,0.03016908,0.02580079,0.00000000
-0.06596659,-0.13397986,0.91471201,0.06037949,0.78956467,0.61068720,-0.00177293,-0.22993918,0.10140295,0.27075264,1.13870168,-0.53644705,0.00000000,-1.14820552,-0.22024220,-0.12345247,1.21339178,-0.30362490,-0.00000000,-0.37288114,0.12336328,0.52003801,-0.45657882,1.09309614,0.39658183,0.27331680,0.00034968,0.00403351,-0.00000000,0.22147776,-0.76296681,-0.37586236,0.44664112,0.03042792,0.02651218,0.00000000
-0.06992357,-0.13891986,0.92156661,0.04466012,0.78445309,0.61857218,-0.00270453,-0.22010869,0.10981464,0.26615834,1.12683153,-0.53587741,0.00000000,-1.12861788,-0.21655004,-0.13984179,1.19809985,-0.29639894,-0.00000000,-0.38130334,0.10633503,0.52003169,-0.46060631,1.10621977,0.40837008,0.25047082,-0.00044578,0.00055527,-0.00000000,0.24644725,-0.76919878,-0.38523221,0.45016083,0.03063274,0.02638077,0.00000000
-0.07362887,-0.14356354,0.92855233,0.03013421,0.77913249,0.62612581,-0.00329568,-0.21001913,0.11802706,0.26166382,1.11534929,-0.53468859,0.00000000,-1.10721791,-0.21307828,-0.15547952,1.18483281,-0.28948352,-0.00000000,-0.38924798,0.09064504,0.51943827,-0.46371132,1.11884260,0.41944605,0.22754605,-0.00120586,-0.00305996,-0.00000000,0.26903892,-0.77652037,-0.39480025,0.45106488,0.03079754,0.02583801,0.00000000
-0.07683078,-0.14761454,0.93580043,0.01801706,0.77371603,0.63326818,-0.00320688,-0.19941133,0.12584099,0.25736910,1.10464227,-0.53226173,0.00000000,-1.08219254,-0.21004744,-0.16961403,1.17561591,-0.28318924,-0.00000000,-0.39623740,0.07763159,0.51767075,-0.46497145,1.13046336,0.42909756,0.20446354,-0.00189515,-0.00694916,-0.00000000,0.28687504,-0.78602153,-0.40476438,0.44673765,0.03088233,0.02447257,0.00000000
-0.07990818,-0.15139870,0.94315195,0.00877522,0.76754314,0.64091229,-0.00564101,-0.18981786,0.13274691,0.25323418,1.09541357,-0.52845556,0.00000000,-1.05321181,-0.20703878,-0.18187028,1.17202222,-0.27809232,-0.00000000,-0.40140840,0.06770985,0.50972897,-0.46453652,1.14139366,0.43736950,0.18254277,-0.00248661,-0.01083867,-0.00000000,0.29849765,-0.79835224,-0.41514081,0.43713203,0.03088639,0.02226324,0.00000000
-0.08292331,-0.15504943,0.95055515,0.00097140,0.76093596,0.64875907,-0.00933593,-0.18073153,0.13919885,0.24917921,1.08692384,-0.52395976,0.00000000,-1.02225351,-0.20404114,-0.19318739,1.17124033,-0.27359411,-0.00000000,-0.40567032,0.05933397,0.49869993,-0.46325403,1.15197909,0.44495165,0.16120282,-0.00302914,-0.01472834,-0.00000000,0.30701345,-0.81209779,-0.42572346,0.42488721,0.03085009,0.01963195,0.00000000
-0.08508682,-0.15722246,0.95864451,-0.00113916,0.75206500,0.65886444,-0.01716680,-0.17400789,0.14505883,0.24474208,1.08183479,-0.51710200,0.00000000,-0.98505193,-0.20118031,-0.20124006,1.17823410,-0.27096775,-0.00000000,-0.40654075,0.05450761,0.47716856,-0.46009630,1.16250539,0.45086205,0.14258061,-0.00340756,-0.01849858,-0.00000000,0.30498907,-0.83174592,-0.43760955,0.40493608,0.03070217,0.01567091,0.00000000
-0.08674812,-0.15890045,0.96678358,-0.00126178,0.74225456,0.66962528,-0.02566178,-0.16826051,0.15064901,0.24025153,1.07850111,-0.50940180,0.00000000,-0.94611728,-0.19846058,-0.20809643,1.18683302,-0.26889220,-0.00000000,-0.40626809,0.05079113,0.45302722,-0.45642143,1.17336977,0.45636350,0.12542106,-0.00373055,-0.02213257,-0.00000000,0.29938039,-0.85354608,-0.44995603,0.38290575,0.03051028,0.01133885,0.00000000
-0.08740500,-0.15958835,0.97502202,0.00259123,0.73068112,0.68179119,-0.03548440,-0.16446558,0.15569961,0.23565416,1.07867789,-0.50001669,0.00000000,-0.90371591,-0.19602302,-0.21256012,1.19864321,-0.26791838,-0.00000000,-0.40370935,0.04929435,0.42366579,-0.45171252,1.18490982,0.46104684,0.11118687,-0.00394268,-0.02549409,-0.00000000,0.28660330,-0.87965065,-0.46322343,0.35671756,0.03023047,0.00626474,0.00000000
-0.08800248,-0.15389259,0.97981066,0.00621053,0.71960849,0.69300711,-0.04319967,-0.16033207,0.15941773,0.23117836,1.08484173,-0.48918250,0.00000000,-0.86669874,-0.19428830,-0.21634758,1.20699060,-0.26849365,-0.00000000,-0.40029517,0.04856173,0.39433786,-0.44478887,1.19633293,0.46417329,0.10265265,-0.00402393,-0.02792174,-0.00000000,0.26804930,-0.90834308,-0.47659662,0.32929122,0.02981371,0.00110957,0.00000000
-0.08857027,-0.14500499,0.98287433,0.00971161,0.70870942,0.70366979,-0.04985506,-0.15602927,0.16246963,0.22676337,1.09399915,-0.47762364,0.00000000,-0.83237344,-0.19290508,-0.21979690,1.21360683,-0.26984349,-0.00000000,-0.39645332,0.04821121,0.36502680,-0.43675786,1.20769739,0.46652120,0.09696844,-0.00403974,-0.02988245,-0.00000000,0.24660677,-0.93832922,-0.49002272,0.30124587,0.02932847,-0.00408614,0.00000000
-0.08764226,-0.13437442,0.98361915,0.01458011,0.69538671,0.71646982,-0.05381316,-0.15440626,0.16224967,0.22319436,1.11228621,-0.46481395,0.00000000,-0.80554265,-0.19244310,-0.22324826,1.21524525,-0.27315316,-0.00000000,-0.39045596,0.04838583,0.33770832,-0.42501938,1.21886992,0.46689513,0.10115813,-0.00385756,-0.03021337,-0.00000000,0.21701421,-0.97164208,-0.50331849,0.27332982,0.02863099,-0.00913301,0.00000000
-0.08638230,-0.12251560,0.98377436,0.01875341,0.68187451,0.72905570,-0.05633266,-0.15528196,0.16113786,0.21996567,1.13344002,-0.45197615,0.00000000,-0.78178042,-0.19247146,-0.22688536,1.21618140,-0.27713633,-0.00000000,-0.38294286,0.04840958,0.31310236,-0.41130969,1.22890007,0.46633691,0.10962864,-0.00360496,-0.02975772,-0.00000000,0.18532656,-1.00487626,-0.51588720,0.24665810,0.02783795,-0.01387882,0.00000000
-0.08445844,-0.10820027,0.98275036,0.02154073,0.66826832,0.74149704,-0.05599576,-0.16115494,0.15824229,0.21741746,1.16032743,-0.43908224,0.00000000,-0.76415539,-0.19348031,-0.23089388,1.21571255,-0.28246626,-0.00000000,-0.37239826,0.04813164,0.29392144,-0.39365748,1.23664451,0.46391487,0.12666090,-0.00321154,-0.02772889,-0.00000000,0.14944893,-1.03795338,-0.52700120,0.22247486,0.02685375,-0.01802251,0.00000000
-0.08243698,-0.10008487,0.98123580,0.02367249,0.65575022,0.75253528,-0.05587460,-0.17571263,0.15497871,0.21528320,1.19101417,-0.42749032,0.00000000,-0.75167906,-0.19621208,-0.23440911,1.21604502,-0.28898081,-0.00000000,-0.35763535,0.04668073,0.28312725,-0.37123793,1.23966682,0.45900577,0.15270443,-0.00264115,-0.02398433,-0.00000000,0.11090608,-1.06815886,-0.53526199,0.20243742,0.02565127,-0.02126459,0.00000000
-0.08036672,-0.09506944,0.97947603,0.02547385,0.64371568,0.76279843,-0.05585598,-0.19461271,0.15153116,0.21335588,1.22360063,-0.41654953,0.00000000,-0.74177706,-0.19980530,-0.23767771,1.21677804,-0.29608768,-0.00000000,-0.34076330,0.04464335,0.27652636,-0.34643486,1.24032831,0.45285317,0.18325353,-0.00198228,-0.01938193,-0.00000000,0.07103061,-1.09692848,-0.54209626,0.18447290,0.02433963,-0.02405587,0.00000000
-0.07392220,-0.08681910,0.97989339,0.02651892,0.63403124,0.77079952,-0.05629602,-0.23112084,0.14775638,0.21221866,1.25931454,-0.40892357,0.00000000,-0.73665798,-0.20553222,-0.24037291,1.22071397,-0.30416754,-0.00000000,-0.31663853,0.03929444,0.28407270,-0.31439719,1.23111129,0.44231451,0.22631453,-0.00099647,-0.01227484,-0.00000000,0.03002401,-1.11799884,-0.54323775,0.17433876,0.02268730,-0.02526663,0.00000000
-0.06967969,-0.07758393,0.98074001,0.02709937,0.62410182,0.77888268,-0.05571628,-0.27342978,0.14573960,0.20998389,1.29345906,-0.40283230,0.00000000,-0.73236006,-0.21265204,-0.24197470,1.22574866,-0.31245032,-0.00000000,-0.29061741,0.03304610,0.29524106,-0.28135619,1.21791148,0.43010440,0.27061787,0.00007407,-0.00505685,-0.00000000,-0.01053523,-1.13488185,-0.54168427,0.16665043,0.02093378,-0.02605423,0.00000000
-0.06984118,-0.06637909,0.98244542,0.02675425,0.61377472,0.78723860,-0.05310510,-0.32734042,0.14723873,0.20555393,1.32446456,-0.39981034,0.00000000,-0.72970432,-0.22255765,-0.24138951,1.23298097,-0.32113922,-0.00000000,-0.26080379,0.02499885,0.31365323,-0.24630830,1.19674659,0.41455159,0.31740597,0.00131408,0.00238297,-0.00000000,-0.05019974,-1.14339125,-0.53474110,0.16385376,0.01897789,-0.02599551,-0.00000000
-0.07020527,-0.06278190,0.98420173,0.02627363,0.60725480,0.79255587,-0.04905595,-0.39488447,0.15338212,0.19816417,1.34792542,-0.40000242,0.00000000,-0.72860098,-0.23408218,-0.23921432,1.24258196,-0.33071107,-0.00000000,-0.22777531,0.01290862,0.34048593,-0.21017131,1.16489685,0.39404169,0.36525795,0.00270055,0.00994731,-0.00000000,-0.08850664,-1.14222300,-0.52200091,0.16615473,0.01684925,-0.02506223,-0.00000000
-0.07067067,-0.06298853,0.98598367,0.02572560,0.60264647,0.79636288,-0.04428871,-0.46924528,0.16184761,0.18929444,1.36761403,-0.40180147,0.00000000,-0.72827381,-0.24641621,-0.23624413,1.25336742,-0.34072462,-0.00000000,-0.19313939,-0.00120309,0.37152863,-0.17348973,1.12770474,0.37105313,0.41364193,0.00416025,0.01757393,-0.00000000,-0.12613477,-1.13621640,-0.50636220,0.17100449,0.01463424,-0.02369167,-0.00000000
-0.07185941,-0.05503784,0.98649341,0.02554532,0.59649873,0.80129522,-0.03824467,-0.55870581,0.17738049,0.17456529,1.37140453,-0.40721968,0.00000000,-0.72890687,-0.25978419,-0.23094976,1.26845396,-0.35197824,-0.00000000,-0.15907863,-0.01860761,0.40787020,-0.14350483,1.07849109,0.34196857,0.45584783,0.00564442,0.02380563,-0.00000000,-0.16229899,-1.11559796,-0.48211995,0.18164653,0.01223115,-0.02147807,-0.00000000
-0.06971683,-0.04670123,0.98591632,0.02539037,0.59006554,0.80635029,-0.03126056,-0.65027833,0.19360420,0.15860112,1.37032270,-0.41318843,0.00000000,-0.72968709,-0.27202955,-0.22573557,1.28538144,-0.36372408,-0.00000000,-0.12662633,-0.03575654,0.44292936,-0.11801001,1.02745044,0.31175101,0.49422678,0.00708915,0.02924936,-0.00000000,-0.19812045,-1.09046173,-0.45539391,0.19387703,0.00979423,-0.01904454,-0.00000000
-0.06091161,-0.03759277,0.98316604,0.02528764,0.58309871,0.81169862,-0.02239970,-0.74607486,0.21120963,0.14016700,1.35949647,-0.42025810,0.00000000,-0.73076135,-0.28202930,-0.22068168,1.30599093,-0.37645411,-0.00000000,-0.09739108,-0.05239428,0.47542375,-0.10149546,0.97275579,0.27926764,0.52495182,0.00845499,0.03311712,-0.00000000,-0.23325628,-1.05629051,-0.42369995,0.20928442,0.00728968,-0.01617113,-0.00000000
-0.05835318,-0.02779130,0.97949940,0.02589551,0.57883054,0.81480390,-0.01947730,-0.83988470,0.22602108,0.12173016,1.34293449,-0.42717031,0.00000000,-0.73127180,-0.28758010,-0.21723323,1.33085406,-0.39004448,-0.00000000,-0.07143021,-0.06617348,0.49724689,-0.09453550,0.91767383,0.24626130,0.54789525,0.00967907,0.03550007,-0.00000000,-0.26755112,-1.01428652,-0.38819849,0.22711541,0.00479098,-0.01300305,-0.00000000
-0.05891814,-0.01764333,0.97537476,0.02685969,0.57593560,0.81682038,-0.01952519,-0.93270153,0.23943551,0.10329204,1.32350469,-0.43400371,0.00000000,-0.73150045,-0.29090637,-0.21458752,1.35784435,-0.40406498,-0.00000000,-0.04710655,-0.07852338,0.51373434,-0.09235287,0.86239809,0.21299358,0.56694782,0.01083227,0.03714060,-0.00000000,-0.30142561,-0.96836627,-0.35079333,0.24615821,0.00229520,-0.00968764,-0.00000000
-0.05945777,-0.00772327,0.96136785,0.02515503,0.57506806,0.81759739,-0.01408775,-1.02936840,0.24638411,0.08624617,1.29540551,-0.44089267,0.00000000,-0.72460669,-0.28764901,-0.21319376,1.39339781,-0.41819727,-0.00000000,-0.02233913,-0.08856115,0.51753616,-0.10049783,0.80427569,0.17837712,0.57718927,0.01175827,0.03732049,-0.00000000,-0.33314013,-0.91043985,-0.30746356,0.26834580,-0.00013963,-0.00593551,-0.00000000
-0.06009488,0.00279349,0.94691449,0.02522441,0.57547641,0.81732929,-0.01278574,-1.11996043,0.25039962,0.06977282,1.27028906,-0.44729716,0.00000000,-0.71651113,-0.28263411,-0.21217713,1.42916584,-0.43165651,-0.00000000,0.00155982,-0.09673515,0.52007025,-0.11127558,0.74870878,0.14540140,0.58514345,0.01257355,0.03717272,-0.00000000,-0.36394536,-0.85125905,-0.26421437,0.29079172,-0.00250836,-0.00223595,-0.00000000
-0.06092692,0.01450364,0.93156832,0.02884199,0.57843965,0.81497574,-0.01975470,-1.19840252,0.24854890,0.05444453,1.25113738,-0.45273289,0.00000000,-0.70601219,-0.27410421,-0.21191476,1.46536243,-0.44376943,-0.00000000,0.02372187,-0.10118180,0.52006882,-0.12731880,0.69825304,0.11570702,0.58852339,0.01316744,0.03636967,-0.00000000,-0.39293188,-0.78956968,-0.22112656,0.31375423,-0.00474488,0.00135846,-0.00000000
-0.06197279,0.02835159,0.91539931,0.03292093,0.58453053,0.81014192,-0.03017148,-1.26780379,0.23952930,0.04143630,1.23940539,-0.45822513,0.00000000,-0.69259959,-0.26205862,-0.21165961,1.50088251,-0.45394543,-0.00000000,0.04607908,-0.10345582,0.52006906,-0.14632788,0.65228802,0.08901514,0.58861136,0.01355455,0.03517657,-0.00000000,-0.41882342,-0.72519869,-0.17770073,0.33703974,-0.00687857,0.00486992,-0.00000000
-0.06312558,0.04326844,0.89881885,0.03722399,0.59207231,0.80391234,-0.04230577,-1.33268416,0.22692518,0.02958811,1.23138356,-0.46374553,0.00000000,-0.67773032,-0.24825513,-0.21140806,1.53606391,-0.46315306,-0.00000000,0.06853387,-0.10464357,0.52007002,-0.16681990,0.60856861,0.06382448,0.58705366,0.01383828,0.03378846,-0.00000000,-0.44316730,-0.65948677,-0.13410582,0.36048678,-0.00896084,0.00833989,-0.00000000
-0.06284183,0.05636818,0.88418442,0.04178157,0.59908742,0.79755992,-0.05697999,-1.38317692,0.20578364,0.02051416,1.23572624,-0.47007969,0.00000000,-0.65984154,-0.23098932,-0.21088549,1.56650126,-0.46901846,-0.00000000,0.09047288,-0.10445372,0.52005988,-0.18775672,0.57496744,0.04522139,0.58320659,0.01376428,0.03239925,-0.00000000,-0.46103299,-0.59440708,-0.09287306,0.38388374,-0.01084839,0.01161950,-0.00000000
-0.06418072,0.06868599,0.87218392,0.04678979,0.60714829,0.78964353,-0.07513146,-1.43106866,0.18146603,0.01304297,1.24282634,-0.47698149,0.00000000,-0.64108920,-0.21269885,-0.21005145,1.59521484,-0.47377476,-0.00000000,0.11345378,-0.10388010,0.52005833,-0.20839056,0.54442573,0.02857580,0.57877839,0.01357421,0.03101920,0.00000000,-0.47625217,-0.52869087,-0.05159733,0.40732592,-0.01270049,0.01488421,-0.00000000
-0.06876490,0.07943993,0.86545134,0.05269319,0.61726421,0.77856565,-0.10021961,-1.47375822,0.15079637,0.00877729,1.25544131,-0.48501870,0.00000000,-0.62060982,-0.19235897,-0.20859432,1.62048101,-0.47631335,-0.00000000,0.13851850,-0.10253891,0.52007407,-0.22841850,0.52000308,0.01584522,0.57318825,0.01315203,0.02965746,0.00000000,-0.48617843,-0.46170208,-0.01023574,0.43085891,-0.01448167,0.01811916,-0.00000000
-0.07087378,0.08610669,0.85866761,0.06024482,0.62496668,0.76954377,-0.11657441,-1.50291049,0.12168159,0.00425059,1.26944876,-0.49165651,0.00000000,-0.60231864,-0.17299367,-0.20819557,1.63539994,-0.47720870,-0.00000000,0.16111648,-0.10118091,0.52007651,-0.24607249,0.50512934,0.00893274,0.56667542,0.01252297,0.02824692,0.00000000,-0.49271894,-0.40316775,0.02507690,0.45204115,-0.01597876,0.02072542,-0.00000000
-0.07174503,0.09072986,0.85185826,0.06861951,0.63147813,0.76157683,-0.12855919,-1.52529442,0.09334427,-0.00040662,1.28415251,-0.49759474,0.00000000,-0.58512145,-0.15411563,-0.20832597,1.64514494,-0.47728240,-0.00000000,0.18248112,-0.09981450,0.52007234,-0.26253948,0.49503019,0.00492932,0.55970150,0.01179047,0.02681199,0.00000000,-0.49756652,-0.34886053,0.05736505,0.47204790,-0.01733382,0.02301733,-0.00000000
-0.07522450,0.09074638,0.84845734,0.07020254,0.63793510,0.75417864,-0.13901405,-1.52855217,0.06986306,-0.00457652,1.29319048,-0.50039899,0.00000000,-0.57016027,-0.13792853,-0.21031426,1.64011765,-0.47533432,-0.00000000,0.20245156,-0.09880446,0.52006990,-0.27370980,0.49947548,0.00955734,0.55202967,0.01079355,0.02536038,0.00000000,-0.49795425,-0.30923837,0.07989750,0.48803139,-0.01829164,0.02430904,-0.00000000
-0.07821765,0.08952893,0.84653866,0.07076542,0.64347321,0.74782026,-0.14730693,-1.52894843,0.04852233,-0.00842270,1.29949498,-0.50178361,0.00000000,-0.55586028,-0.12275673,-0.21291080,1.63108373,-0.47276211,-0.00000000,0.22181675,-0.09737177,0.52006733,-0.28338656,0.50865424,0.01695223,0.54409093,0.00974438,0.02385073,0.00000000,-0.49703386,-0.27513757,0.09897064,0.50278175,-0.01912218,0.02531878,-0.00000000
-0.08023813,0.08584350,0.84758449,0.06931001,0.64737362,0.74377829,-0.15131880,-1.52362180,0.03146262,-0.01162143,1.30033207,-0.50032860,0.00000000,-0.54288244,-0.10961556,-0.21672376,1.61403656,-0.46894178,-0.00000000,0.23997152,-0.09509377,0.52006406,-0.29007599,0.52730042,0.02988083,0.53561807,0.00859072,0.02222501,0.00000000,-0.49349698,-0.25207952,0.11112516,0.51506585,-0.01969813,0.02576459,-0.00000000
-0.08342212,0.07965858,0.85169131,0.06611386,0.65175050,0.73976731,-0.15360513,-1.50819910,0.01873486,-0.01347919,1.29385400,-0.49605310,0.00000000,-0.53076363,-0.09889819,-0.22145049,1.59037793,-0.46376243,-0.00000000,0.25754327,-0.09121274,0.52005780,-0.29425579,0.55503953,0.04809773,0.52690238,0.00737901,0.02050994,-0.00000000,-0.48736015,-0.23977686,0.11675543,0.52537733,-0.02002611,0.02578064,-0.00000000
-0.08718786,0.07222392,0.85732865,0.06204544,0.65634596,0.73574984,-0.15502399,-1.48772788,0.00817308,-0.01466647,1.28371835,-0.49036726,0.00000000,-0.51907438,-0.08939271,-0.22663406,1.56341386,-0.45790359,-0.00000000,0.27482355,-0.08653022,0.52005005,-0.29718071,0.58732498,0.06895877,0.51806527,0.00613828,0.01875019,-0.00000000,-0.47992316,-0.23285195,0.11912359,0.53470272,-0.02023010,0.02558180,-0.00000000
-0.08888821,0.06299935,0.86745101,0.06058167,0.65906358,0.73373240,-0.15362871,-1.45721686,0.00315616,-0.01330451,1.26422155,-0.48067155,0.00000000,-0.50996226,-0.08234190,-0.23318504,1.52976942,-0.45008528,-0.00000000,0.28951553,-0.07974890,0.52004582,-0.29704398,0.62938339,0.09549099,0.50981271,0.00493266,0.01708180,0.00000000,-0.46796080,-0.23997287,0.11315974,0.54221004,-0.02009813,0.02500792,-0.00000000
-0.08785381,0.05238869,0.87812740,0.05941873,0.66270989,0.73080230,-0.15235831,-1.42290652,-0.00070666,-0.01084920,1.24256909,-0.46981013,0.00000000,-0.50265259,-0.07603731,-0.24018262,1.49453580,-0.44176972,-0.00000000,0.30362079,-0.07187572,0.52003741,-0.29622236,0.67467993,0.12391134,0.50195962,0.00375559,0.01547913,0.00000000,-0.45388222,-0.25131708,0.10478267,0.54964960,-0.01987536,0.02441820,-0.00000000
-0.08134992,0.03900588,0.88991195,0.05885687,0.66820598,0.72603995,-0.15133598,-1.38099778,-0.00226128,-0.00620721,1.21660519,-0.45661727,0.00000000,-0.49894801,-0.07122513,-0.24807337,1.45612431,-0.43245992,-0.00000000,0.31655252,-0.06181884,0.52002090,-0.29403120,0.72645247,0.15610798,0.49490526,0.00263564,0.01400792,-0.00000000,-0.43557143,-0.27110773,0.09157930,0.55695373,-0.01947097,0.02379682,-0.00000000
-0.08062767,0.02361527,0.90362948,0.05719905,0.67264390,0.72255504,-0.14897220,-1.33794558,-0.00125920,0.00002805,1.18833458,-0.44226697,0.00000000,-0.49767315,-0.06702603,-0.25610432,1.41835058,-0.42232639,-0.00000000,0.32524595,-0.05162755,0.52001005,-0.29076600,0.77884972,0.18835165,0.48952457,0.00171235,0.01295382,-0.00000000,-0.41238639,-0.29570192,0.07555810,0.56518394,-0.01891892,0.02339743,-0.00000000
-0.08279625,0.00722076,0.91831344,0.05499252,0.67654389,0.71969914,-0.14593583,-1.29432213,0.00102121,0.00705995,1.15891075,-0.42733791,0.00000000,-0.49761322,-0.06313343,-0.26420531,1.38089597,-0.41178116,-0.00000000,0.33182034,-0.04136907,0.52000207,-0.28696385,0.83155924,0.22061875,0.48498049,0.00088738,0.01210827,-0.00000000,-0.38676432,-0.32269791,0.05812800,0.57387704,-0.01829304,0.02310906,-0.00000000
-0.08456223,-0.01150532,0.93642002,0.05009074,0.68097442,0.71765763,-0.13686644,-1.25286651,0.00725375,0.01500106,1.12975836,-0.41302645,0.00000000,-0.50063771,-0.05930373,-0.27201152,1.34802163,-0.40066662,-0.00000000,0.33009738,-0.03354828,0.52000308,-0.28212795,0.88131571,0.25046623,0.48351732,0.00039753,0.01206169,0.00000000,-0.35383585,-0.35451844,0.03770264,0.58485311,-0.01749179,0.02333543,-0.00000000
-0.08615021,-0.02809682,0.95443434,0.04588294,0.68602896,0.71491277,-0.12711698,-1.21091354,0.01459477,0.02296490,1.10243833,-0.39941615,0.00000000,-0.50559759,-0.05621948,-0.27924091,1.31629384,-0.38946366,-0.00000000,0.32544500,-0.02611199,0.52000362,-0.27755901,0.93054473,0.27977401,0.48284975,0.00000485,0.01222050,0.00000000,-0.31846711,-0.38777491,0.01633994,0.59680641,-0.01663856,0.02379685,-0.00000000
-0.08738219,-0.04041920,0.97226417,0.04306841,0.69239318,0.71082753,-0.11602169,-1.16796672,0.02415273,0.03097421,1.07878268,-0.38720807,0.00000000,-0.51442802,-0.05462613,-0.28531668,1.28685868,-0.37808391,-0.00000000,0.31493375,-0.01944472,0.52000326,-0.27352390,0.97871894,0.30800256,0.48377350,-0.00019350,0.01279011,0.00000000,-0.27821797,-0.42390350,-0.00689745,0.61071438,-0.01568138,0.02472837,-0.00000000
-0.08834289,-0.05508785,0.98281819,0.04076654,0.70020902,0.70495796,-0.10526019,-1.12454104,0.03512231,0.03822845,1.06155252,-0.37719181,0.00000000,-0.52633995,-0.05534774,-0.28929451,1.26010692,-0.36671600,-0.00000000,0.29939324,-0.01420567,0.52000576,-0.27048185,1.02464926,0.33445376,0.48572040,-0.00022615,0.01364084,0.00000000,-0.23510601,-0.46116218,-0.03107986,0.62596989,-0.01467617,0.02600578,-0.00000000
-0.08916795,-0.07092962,0.98973447,0.03871579,0.70865655,0.69810301,-0.09465260,-1.08087599,0.04679770,0.04510517,1.04753566,-0.36827135,0.00000000,-0.53979266,-0.05722682,-0.29222348,1.23469663,-0.35535392,-0.00000000,0.28133813,-0.00968073,0.52000999,-0.26793632,1.06945765,0.36001632,0.48817888,-0.00017595,0.01463214,0.00000000,-0.19056261,-0.49898592,-0.05573478,0.64189929,-0.01364694,0.02745614,-0.00000000
-0.08875873,-0.08893041,1.00384080,0.03876678,0.71813852,0.68933392,-0.08713801,-1.03296888,0.05949883,0.05025898,1.04574502,-0.36261010,0.00000000,-0.55835056,-0.06256367,-0.29255834,1.21308184,-0.34460044,-0.00000000,0.25762755,-0.00783050,0.52001083,-0.26746562,1.11026704,0.38265744,0.49101341,0.00004106,0.01574910,0.00000000,-0.14491953,-0.53737140,-0.08110230,0.65824932,-0.01258010,0.02908788,-0.00000000
-0.08813255,-0.10601759,1.01606226,0.03928427,0.72765875,0.68010294,-0.08018440,-0.98406494,0.07287368,0.05445293,1.04675925,-0.35789388,0.00000000,-0.57809329,-0.06926554,-0.29199246,1.19275630,-0.33432016,-0.00000000,0.23273422,-0.00643418,0.52001047,-0.26776761,1.14951050,0.40419996,0.49359339,0.00028851,0.01681791,0.00000000,-0.09982757,-0.57516283,-0.10619051,0.67437673,-0.01152486,0.03071341,-0.00000000
-0.08707244,-0.12127753,1.02451384,0.04074310,0.73741025,0.67010057,-0.07437332,-0.93316692,0.08759597,0.05672713,1.05338347,-0.35506779,0.00000000,-0.60020590,-0.07869745,-0.28962532,1.17500961,-0.32498640,-0.00000000,0.20547509,-0.00594567,0.52000749,-0.26961502,1.18562222,0.42354533,0.49566397,0.00059685,0.01779043,0.00000000,-0.05583800,-0.61176616,-0.13072017,0.69005871,-0.01049282,0.03232650,-0.00000000
-0.08652695,-0.13403513,1.02783418,0.04081098,0.74581289,0.66138101,-0.06835802,-0.88580233,0.10332368,0.05765540,1.06028366,-0.35408014,0.00000000,-0.62107956,-0.08962065,-0.28542528,1.16139877,-0.31666824,-0.00000000,0.17777573,-0.00590004,0.52000254,-0.27263674,1.21737945,0.44002479,0.49673450,0.00093935,0.01853692,0.00000000,-0.01493669,-0.64581859,-0.15372396,0.70432848,-0.00950815,0.03375039,-0.00000000
-0.08623878,-0.14554155,1.02858889,0.04018098,0.75349653,0.65326494,-0.06223726,-0.84020442,0.11955408,0.05791072,1.06732249,-0.35401177,0.00000000,-0.64133364,-0.10128945,-0.28030875,1.14985597,-0.30885798,-0.00000000,0.14985622,-0.00607583,0.51999640,-0.27624556,1.24695897,0.45507124,0.49730501,0.00129893,0.01917039,0.00000000,0.02442048,-0.67859560,-0.17596479,0.71789235,-0.00854717,0.03507967,-0.00000000
-0.08510231,-0.15700813,1.02734566,0.03913251,0.75885922,0.64774305,-0.05504787,-0.79852802,0.13831149,0.05598182,1.07375360,-0.35599706,0.00000000,-0.66308522,-0.11508601,-0.27287087,1.14245617,-0.30278981,-0.00000000,0.12002540,-0.00651198,0.51469892,-0.28175879,1.26976538,0.46543309,0.49561158,0.00166638,0.01929998,0.00000000,0.05867156,-0.70743072,-0.19544716,0.72928697,-0.00768402,0.03616486,-0.00000000
-0.08496889,-0.16798943,1.02494454,0.03844883,0.76392829,0.64223480,-0.04969583,-0.76123089,0.15606274,0.05498897,1.07881951,-0.35860711,0.00000000,-0.68451971,-0.12793869,-0.26558641,1.13681543,-0.29697680,-0.00000000,0.09091422,-0.00687469,0.51072752,-0.28729013,1.28906024,0.47355178,0.49332884,0.00204836,0.01928658,0.00000000,0.09004355,-0.73372906,-0.21322723,0.73936516,-0.00686700,0.03704567,-0.00000000
-0.08684155,-0.17800018,1.02022755,0.03850072,0.76852447,0.63685262,-0.04802720,-0.73269254,0.17180155,0.05586819,1.08115435,-0.36246657,0.00000000,-0.70531970,-0.13890356,-0.25860861,1.13469326,-0.29167423,-0.00000000,0.06324219,-0.00709051,0.50940841,-0.29285794,1.30133104,0.47718444,0.48986751,0.00245943,0.01898720,0.00000000,0.11565733,-0.75495434,-0.22760297,0.74681056,-0.00614229,0.03751770,-0.00000000
-0.08878099,-0.18634370,1.01561010,0.03799719,0.77221614,0.63247818,-0.04700840,-0.71252948,0.18489957,0.05906243,1.08140504,-0.36703396,0.00000000,-0.72739655,-0.14815655,-0.25215173,1.13404584,-0.28675836,-0.00000000,0.03669676,-0.00665050,0.50905359,-0.29805911,1.30604684,0.47583789,0.48538274,0.00291997,0.01845018,0.00000000,0.13491736,-0.77020174,-0.23785210,0.75138283,-0.00555770,0.03752813,-0.00000000
-0.09075382,-0.19385359,1.01104248,0.03721580,0.77545196,0.62860495,-0.04631433,-0.69655412,0.19667718,0.06341416,1.08061337,-0.37195536,0.00000000,-0.75011170,-0.15655361,-0.24595524,1.13413584,-0.28203598,-0.00000000,0.01071463,-0.00588258,0.50918084,-0.30307704,1.30698490,0.47200164,0.48038614,0.00340524,0.01779435,0.00000000,0.15100056,-0.78246003,-0.24603800,0.75451839,-0.00504316,0.03730777,-0.00000000
-0.09262160,-0.20044217,1.00930500,0.03670624,0.77843976,0.62498933,-0.04552562,-0.68983901,0.20592394,0.07035642,1.07861722,-0.37698027,0.00000000,-0.77768201,-0.16341618,-0.24029897,1.13266742,-0.27821785,-0.00000000,-0.01450638,-0.00463447,0.51042110,-0.30723742,1.29721630,0.46090615,0.47422096,0.00397998,0.01686085,0.00000000,0.15813848,-0.78634882,-0.24825275,0.75355059,-0.00473485,0.03643529,-0.00000000
-0.09470749,-0.20574309,1.00777125,0.03723633,0.78134227,0.62137371,-0.04485930,-0.68493718,0.21474673,0.07771924,1.07679498,-0.38186306,0.00000000,-0.80767012,-0.16999754,-0.23480973,1.12945104,-0.27488250,-0.00000000,-0.03970850,-0.00335781,0.51299810,-0.31099197,1.28435707,0.44767052,0.46779779,0.00458057,0.01585495,0.00000000,0.16267353,-0.78771973,-0.24868523,0.75141239,-0.00449285,0.03536573,-0.00000000
-0.09722956,-0.20846872,1.00664532,0.03984641,0.78408998,0.61777049,-0.04443864,-0.68366265,0.22272153,0.08592317,1.07532024,-0.38646153,0.00000000,-0.84249383,-0.17601651,-0.22965445,1.12273884,-0.27251270,-0.00000000,-0.06487287,-0.00202404,0.51824892,-0.31393495,1.26531720,0.43015465,0.46085873,0.00523286,0.01470427,0.00000000,0.16200261,-0.78405517,-0.24555324,0.74693376,-0.00438348,0.03390203,-0.00000000
-0.09959084,-0.20954177,1.00596690,0.04496694,0.78534305,0.61565942,-0.04666606,-0.68321383,0.22895615,0.09404268,1.07507074,-0.39068380,0.00000000,-0.87922806,-0.18101192,-0.22522329,1.11246634,-0.27098781,-0.00000000,-0.08901875,-0.00120934,0.52000785,-0.31613675,1.24288809,0.41025478,0.45402399,0.00588916,0.01354733,-0.00000000,0.15780708,-0.77704704,-0.23998472,0.74098265,-0.00436902,0.03221205,-0.00000000
-0.10187171,-0.20978852,1.00551236,0.05134095,0.78581977,0.61427176,-0.05021575,-0.68317789,0.23432074,0.10212001,1.07543385,-0.39471778,0.00000000,-0.91691756,-0.18549556,-0.22115417,1.10041344,-0.26988524,-0.00000000,-0.11265542,-0.00065417,0.52002102,-0.31796786,1.21876419,0.38916299,0.44724157,0.00654747,0.01238727,-0.00000000,0.15184921,-0.76836705,-0.23319803,0.73429513,-0.00440200,0.03040891,-0.00000000
-0.10428185,-0.20811872,1.00000548,0.05791335,0.78581983,0.61338186,-0.05381402,-0.68092924,0.23762380,0.10868272,1.07869530,-0.39792338,0.00000000,-0.95467246,-0.18912444,-0.21812390,1.08368576,-0.26978892,-0.00000000,-0.13356918,-0.00020341,0.52003568,-0.31820196,1.19336390,0.36759001,0.44145140,0.00713492,0.01135199,-0.00000000,0.14364578,-0.75591117,-0.22412513,0.72718000,-0.00452922,0.02859618,-0.00000000
-0.10627092,-0.20518027,0.99247283,0.06476545,0.78533703,0.61320907,-0.05500787,-0.67833602,0.24043807,0.11407947,1.08246899,-0.40070343,0.00000000,-0.98960012,-0.19239043,-0.21556264,1.06758726,-0.26966694,-0.00000000,-0.15230954,0.00037667,0.52005297,-0.31805965,1.17033553,0.34774283,0.43608850,0.00767847,0.01028918,-0.00000000,0.13512754,-0.74368614,-0.21540350,0.72055626,-0.00467108,0.02679235,-0.00000000
-0.10741784,-0.19970451,0.98088866,0.07217920,0.78392559,0.61449939,-0.05139536,-0.67505372,0.24227487,0.11714423,1.08726716,-0.40263247,0.00000000,-1.01887286,-0.19493069,-0.21393968,1.05274701,-0.26949373,-0.00000000,-0.16670310,0.00121536,0.52007556,-0.31716445,1.15204990,0.33134755,0.43158022,0.00813423,0.00917134,-0.00000000,0.12597959,-0.73192281,-0.20738435,0.71491539,-0.00484220,0.02500630,-0.00000000
-0.11646691,-0.20113496,0.97026247,0.10950223,0.78911299,0.60277772,-0.04437360,-0.71390718,0.19490749,0.21300982,1.16776717,-0.49779862,0.00000000,-1.16856861,-0.18973617,-0.03345961,1.10644627,-0.28256923,-0.00000000,-0.22242682,0.01740002,0.51509160,-0.43262365,0.86648148,0.18877870,0.50511098,0.01314251,0.01257030,0.00000000,0.00177220,-0.66624153,-0.16234365,0.61514384,0.00369545,0.02314336,-0.00000000
-0.12946704,-0.20601851,0.96011513,0.16147289,0.79550356,0.58295631,-0.03553227,-0.77382886,0.12293798,0.35527590,1.28611851,-0.63958335,0.00000000,-1.37847590,-0.18067418,0.23644909,1.19441521,-0.30226892,-0.00000000,-0.29881561,0.04125768,0.50760424,-0.60625994,0.44727144,-0.01687685,0.61766124,0.02042704,0.01822766,0.00000000,-0.17996490,-0.57360131,-0.09879223,0.46830708,0.01658749,0.02124198,-0.00000000
-0.13039483,-0.19478709,0.94262141,0.16939977,0.79261750,0.58423179,-0.04164800,-0.76591736,0.11973141,0.35531086,1.29681396,-0.64232528,0.00000000,-1.39607918,-0.17521171,0.23850241,1.19657159,-0.30749884,-0.00000000,-0.30317640,0.04420489,0.51503342,-0.60196358,0.42762074,-0.02740812,0.61914045,0.02067311,0.01898475,0.00000000,-0.19079378,-0.56701863,-0.09465440,0.46092910,0.01664330,0.02021680,-0.00000000
-0.13203394,-0.18474849,0.92547637,0.17665882,0.78935426,0.58604318,-0.04759068,-0.75544041,0.11585325,0.35481739,1.30940115,-0.64525688,0.00000000,-1.41526222,-0.16881013,0.24055281,1.20028269,-0.31346095,-0.00000000,-0.30825004,0.04780138,0.51999110,-0.59686458,0.40567815,-0.03917897,0.62031132,0.02093502,0.01970953,0.00000000,-0.20276047,-0.56023777,-0.09066387,0.45216155,0.01678836,0.01906860,-0.00000000
-0.13509576,-0.17709549,0.90902865,0.18260236,0.78543508,0.58899808,-0.05319182,-0.73983246,0.11063192,0.35326713,1.32577252,-0.64856780,0.00000000,-1.43760419,-0.16053021,0.24259727,1.20710218,-0.32088748,-0.00000000,-0.31474951,0.05269637,0.52000552,-0.59016019,0.37915194,-0.05342898,0.62086570,0.02122861,0.02036968,0.00000000,-0.21700285,-0.55306065,-0.08696783,0.44061485,0.01711195,0.01767437,-0.00000000
-0.13449955,-0.16869776,0.89451349,0.18885547,0.78046179,0.59267676,-0.06282704,-0.72048050,0.10348601,0.35128954,1.34495068,-0.65261638,0.00000000,-1.46307945,-0.14821982,0.24343140,1.21666443,-0.32946947,-0.00000000,-0.32200104,0.05834262,0.52001798,-0.58316767,0.35150710,-0.06833535,0.62147152,0.02156895,0.02113558,0.00000000,-0.23371959,-0.54753393,-0.08469259,0.42685631,0.01759205,0.01615050,-0.00000000
-0.13207434,-0.15992767,0.88096452,0.19523349,0.77484018,0.59662467,-0.07446894,-0.69925678,0.09537783,0.34909832,1.36553240,-0.65703404,0.00000000,-1.49012125,-0.13389416,0.24366041,1.22759771,-0.33862928,-0.00000000,-0.32962859,0.06436449,0.52002943,-0.57603145,0.32330301,-0.08356989,0.62210298,0.02193265,0.02195434,0.00000000,-0.25167352,-0.54283255,-0.08312774,0.41199186,0.01815042,0.01456179,-0.00000000
-0.13343221,-0.15542106,0.86965531,0.19800843,0.76958096,0.60209942,-0.07755042,-0.67839879,0.08943699,0.34748930,1.38152230,-0.65948021,0.00000000,-1.50805056,-0.12079029,0.24219176,1.23720860,-0.34653920,-0.00000000,-0.33768395,0.06903355,0.52003145,-0.56646550,0.30497161,-0.09301781,0.62082660,0.02209491,0.02242573,0.00000000,-0.26382542,-0.54461765,-0.08674634,0.39615893,0.01885847,0.01299166,-0.00000000
-0.13474973,-0.15128569,0.85922265,0.20019904,0.76448387,0.60752451,-0.07999279,-0.65747613,0.08448426,0.34571841,1.39563596,-0.66142595,0.00000000,-1.52216387,-0.10802585,0.24008459,1.24572468,-0.35387558,-0.00000000,-0.34603468,0.07279872,0.52003402,-0.55598116,0.29085788,-0.10011952,0.61959088,0.02219869,0.02298965,0.00000000,-0.27436036,-0.54940587,-0.09264066,0.38001344,0.01962444,0.01140736,-0.00000000
-0.13598651,-0.14789279,0.85054326,0.20123838,0.75977927,0.61290371,-0.08116361,-0.63642406,0.08150775,0.34362382,1.40599656,-0.66237009,0.00000000,-1.52864528,-0.09594031,0.23670039,1.25205064,-0.36006454,-0.00000000,-0.35497639,0.07475612,0.52003759,-0.54365993,0.28517935,-0.10252882,0.61843646,0.02218550,0.02373867,0.00000000,-0.28166166,-0.56020039,-0.10308645,0.36324304,0.02050627,0.00979470,-0.00000000
-0.13629964,-0.14539094,0.84442073,0.20053916,0.75513923,0.61888587,-0.08080289,-0.61441326,0.08128953,0.34108368,1.41110206,-0.66158378,0.00000000,-1.53076804,-0.08487872,0.23131806,1.25451076,-0.36413804,-0.00000000,-0.36497706,0.07430191,0.52004176,-0.52870315,0.28806999,-0.10018261,0.61715716,0.02200611,0.02448544,0.00000000,-0.28492862,-0.57707584,-0.11830920,0.34612429,0.02148636,0.00804652,-0.00000000
-0.13615094,-0.14333463,0.83957660,0.19896346,0.75050431,0.62514716,-0.07967348,-0.59192330,0.08245050,0.33832070,1.41358006,-0.65993232,0.00000000,-1.53071153,-0.07432906,0.22493674,1.25503826,-0.36715388,-0.00000000,-0.37550709,0.07264192,0.52004623,-0.51242882,0.29524529,-0.09545862,0.61581534,0.02174361,0.02523108,0.00000000,-0.28617844,-0.59699160,-0.13592038,0.32883134,0.02251559,0.00623057,-0.00000000
-0.13596544,-0.14891812,0.83898556,0.19125046,0.74792743,0.63097191,-0.07682663,-0.56897509,0.08792486,0.33374417,1.40666735,-0.65526450,0.00000000,-1.51739740,-0.06733970,0.21516579,1.24836600,-0.36747009,-0.00000000,-0.38646472,0.06686001,0.52004653,-0.49212828,0.31582171,-0.08275698,0.61344808,0.02119339,0.02619653,0.00000000,-0.28308681,-0.62594163,-0.16071397,0.30987814,0.02361620,0.00403547,-0.00000000
-0.13695961,-0.15204547,0.83989602,0.18303935,0.74555123,0.63633567,-0.07567655,-0.54550397,0.09475975,0.32893521,1.39648724,-0.64946777,0.00000000,-1.49960589,-0.06141423,0.20435332,1.23935497,-0.36681151,-0.00000000,-0.39683735,0.06054301,0.52004427,-0.47185782,0.34025848,-0.06778987,0.61037624,0.02053194,0.02702794,0.00000000,-0.27898940,-0.65680480,-0.18700650,0.29117897,0.02469996,0.00187963,-0.00000000
-0.14031313,-0.15026048,0.84380931,0.17385313,0.74365479,0.64084309,-0.07792819,-0.52098680,0.10431570,0.32366109,1.37977231,-0.64141351,0.00000000,-1.47286057,-0.05761657,0.19145782,1.22566676,-0.36420339,-0.00000000,-0.40604046,0.05315584,0.52003640,-0.45164758,0.37241617,-0.04829181,0.60589516,0.01964808,0.02759126,0.00000000,-0.27288029,-0.69149429,-0.21629691,0.27298778,0.02575001,-0.00019767,-0.00000000
-0.13999933,-0.14970279,0.84862512,0.16592671,0.74174368,0.64528579,-0.07675183,-0.49585241,0.11459801,0.31804246,1.35770106,-0.63047153,0.00000000,-1.44171762,-0.05653130,0.17637996,1.20738542,-0.35976428,-0.00000000,-0.41379985,0.04671446,0.52003562,-0.43296537,0.40804607,-0.02614703,0.59839904,0.01861597,0.02782252,0.00000000,-0.26508349,-0.72613019,-0.24569258,0.25628021,0.02669195,-0.00172170,-0.00000000
-0.13785186,-0.14975873,0.85389215,0.15862522,0.73980105,0.64967477,-0.07385898,-0.47040933,0.12524353,0.31225142,1.33295178,-0.61808550,0.00000000,-1.40837610,-0.05680226,0.16021091,1.18680763,-0.35440975,-0.00000000,-0.42083752,0.04074594,0.52003837,-0.41504717,0.44541219,-0.00267889,0.58939534,0.01750972,0.02788775,0.00000000,-0.25644284,-0.76073915,-0.27514076,0.24031442,0.02757985,-0.00296911,-0.00000000
-0.13429573,-0.14575201,0.86349922,0.15217373,0.73759389,0.65408802,-0.07047883,-0.44318736,0.13876951,0.30527252,1.30126226,-0.60175824,0.00000000,-1.36633682,-0.06035868,0.14127438,1.16118717,-0.34560543,-0.00000000,-0.42498866,0.03554756,0.52003103,-0.40103063,0.48820639,0.02415872,0.57651937,0.01622313,0.02717425,0.00000000,-0.24724714,-0.79559374,-0.30459839,0.22656083,0.02833680,-0.00362436,-0.00000000
-0.13146828,-0.14188519,0.87383151,0.14466187,0.73516083,0.65890735,-0.06672783,-0.41600180,0.15292689,0.29782274,1.26824343,-0.58430791,0.00000000,-1.32258296,-0.06499837,0.12161563,1.13442481,-0.33578023,-0.00000000,-0.42808267,0.02998350,0.52002227,-0.38759425,0.53145045,0.05143259,0.56270367,0.01491206,0.02641542,0.00000000,-0.23817186,-0.83007228,-0.33362141,0.21318462,0.02904526,-0.00414022,-0.00000000
-0.13009819,-0.13829817,0.88561410,0.13503446,0.73229605,0.66455591,-0.06223762,-0.38888901,0.16834708,0.28943107,1.23256540,-0.56461191,0.00000000,-1.27540016,-0.07180463,0.10051248,1.10537815,-0.32391337,-0.00000000,-0.42906219,0.02368812,0.52001005,-0.37531820,0.57559419,0.07957897,0.54700828,0.01355201,0.02556594,0.00000000,-0.22933729,-0.86379880,-0.36177534,0.20056321,0.02965673,-0.00437728,-0.00000000
-0.12948532,-0.13586468,0.89969599,0.12363843,0.72934723,0.67069960,-0.05411325,-0.36208606,0.18555658,0.27969122,1.19516480,-0.54368997,0.00000000,-1.22473872,-0.07982512,0.07838345,1.07547319,-0.31065935,-0.00000000,-0.42685723,0.01681385,0.51383644,-0.36480477,0.62112188,0.10858975,0.52960479,0.01214943,0.02438860,0.00000000,-0.22185020,-0.89709246,-0.38897848,0.18802881,0.03019837,-0.00457195,-0.00000000
-0.12925106,-0.13400795,0.91492748,0.11133458,0.72621167,0.67695719,-0.04416180,-0.33543789,0.20366076,0.26927736,1.15690315,-0.52215517,0.00000000,-1.17233777,-0.08845271,0.05574146,1.04513907,-0.29671198,-0.00000000,-0.42306000,0.00965015,0.50458205,-0.35517260,0.66734147,0.13803275,0.51134723,0.01072559,0.02304735,0.00000000,-0.21503684,-0.93016964,-0.41570628,0.17553799,0.03070511,-0.00474543,-0.00000000
-0.12582904,-0.13046297,0.92970240,0.09928459,0.72224337,0.68338233,-0.03867254,-0.31195235,0.22062081,0.25876492,1.11983621,-0.50059104,0.00000000,-1.12191772,-0.09420600,0.03149696,1.01945603,-0.28396428,-0.00000000,-0.41672087,0.00153033,0.49558446,-0.34831804,0.70989269,0.16536477,0.49111310,0.00932075,0.02172990,0.00000000,-0.21031190,-0.95983547,-0.43834758,0.16309774,0.03109813,-0.00479567,-0.00000000
-0.12237657,-0.12776129,0.94455320,0.08790644,0.71777833,0.68987656,-0.03372054,-0.28956074,0.23754674,0.24790739,1.08305967,-0.47897160,0.00000000,-1.07098639,-0.09916186,0.00706597,0.99612963,-0.27172843,-0.00000000,-0.40907070,-0.00650806,0.48273990,-0.34249812,0.75159657,0.19213137,0.47007018,0.00791501,0.02027063,0.00000000,-0.20669815,-0.98866540,-0.45968434,0.15033937,0.03145432,-0.00488830,-0.00000000
-0.11886318,-0.12674618,0.95955580,0.07790012,0.71250921,0.69668567,-0.02985410,-0.26935694,0.25440449,0.23635961,1.04686284,-0.45724079,0.00000000,-1.01903260,-0.10252292,-0.01773801,0.97751635,-0.26051632,-0.00000000,-0.39879835,-0.01438359,0.46220130,-0.33874774,0.79160601,0.21776712,0.44740960,0.00650750,0.01852772,0.00000000,-0.20530675,-1.01582384,-0.47841167,0.13694473,0.03173686,-0.00506570,-0.00000000
-0.11649932,-0.12705900,0.97338533,0.06989666,0.70405799,0.70603192,-0.03058968,-0.25364760,0.27115974,0.22486702,1.01095796,-0.43592978,0.00000000,-0.96381855,-0.10456169,-0.04160539,0.96545804,-0.25042337,-0.00000000,-0.38506636,-0.02223192,0.43990174,-0.33676800,0.82929808,0.24208538,0.42257783,0.00510623,0.01654080,0.00000000,-0.20658000,-1.04161322,-0.49442837,0.12197832,0.03192965,-0.00556119,-0.00000000
-0.11471023,-0.12803578,0.98662823,0.06288403,0.69390160,0.71653044,-0.03362118,-0.24018544,0.28786373,0.21340199,0.97519898,-0.41482842,0.00000000,-0.90697420,-0.10593933,-0.06500446,0.95667714,-0.24088991,-0.00000000,-0.36960447,-0.03006666,0.41672164,-0.33567375,0.86583138,0.26574495,0.39666054,0.00370808,0.01443186,0.00000000,-0.20918557,-1.06671858,-0.50908971,0.10622601,0.03207754,-0.00621571,-0.00000000
-0.11185751,-0.12918782,0.99371690,0.05388039,0.68458045,0.72613746,-0.03421693,-0.23065393,0.30276975,0.20229544,0.94319624,-0.39675415,0.00000000,-0.85326815,-0.10649128,-0.08505815,0.95284325,-0.23404597,-0.00000000,-0.35264626,-0.03668327,0.39635804,-0.33646876,0.89501089,0.28437227,0.36930129,0.00243614,0.01212623,0.00000000,-0.21466728,-1.08671629,-0.51775604,0.08945376,0.03205786,-0.00706852,0.00000000
-0.10856513,-0.13026260,0.99912101,0.04514377,0.67585403,0.73486286,-0.03405785,-0.22185150,0.31664136,0.19176783,0.91261756,-0.37934324,0.00000000,-0.80090487,-0.10660067,-0.10400854,0.94939405,-0.22796109,-0.00000000,-0.33550355,-0.04275230,0.37667286,-0.33754998,0.92159927,0.30129725,0.34111884,0.00119386,0.00970556,0.00000000,-0.22056758,-1.10472178,-0.52430350,0.07223595,0.03196709,-0.00802491,0.00000000
-0.10439339,-0.13118286,1.00115573,0.03695997,0.66853583,0.74205393,-0.03239994,-0.21450724,0.32844424,0.18239830,0.88488746,-0.36325940,0.00000000,-0.75122702,-0.10582492,-0.12075235,0.94671381,-0.22339427,-0.00000000,-0.31799176,-0.04772618,0.35834441,-0.33920380,0.94300580,0.31481746,0.31129012,0.00001095,0.00705482,0.00000000,-0.22730516,-1.11874247,-0.52661294,0.05412692,0.03173417,-0.00918844,0.00000000
-0.10015092,-0.13247967,1.00135887,0.02970825,0.66035122,0.74967963,-0.03215915,-0.20976010,0.33889154,0.17335938,0.86010921,-0.34898549,0.00000000,-0.70223451,-0.10559575,-0.13466942,0.94481051,-0.22037639,-0.00000000,-0.29968733,-0.05211945,0.34022644,-0.34228322,0.96048164,0.32542992,0.28009191,-0.00113032,0.00414087,0.00000000,-0.23602647,-1.12985301,-0.52533209,0.03456138,0.03139664,-0.01074980,0.00000000
-0.09587310,-0.13396473,1.00064611,0.02292045,0.65167230,0.75745201,-0.03262392,-0.20631149,0.34866104,0.16448575,0.83680713,-0.33561656,0.00000000,-0.65358460,-0.10563987,-0.14717315,0.94329572,-0.21813303,-0.00000000,-0.28098649,-0.05622240,0.32221380,-0.34607553,0.97599226,0.33458847,0.24820891,-0.00225077,0.00109532,0.00000000,-0.24573967,-1.13950884,-0.52225602,0.01426758,0.03100681,-0.01251008,0.00000000
-0.09485747,-0.14027618,0.99986392,0.01341904,0.63741016,0.76972151,-0.03251176,-0.20674346,0.35771874,0.15627040,0.81701773,-0.32395616,0.00000000,-0.60425401,-0.10772255,-0.15475054,0.94087517,-0.21724933,-0.00000000,-0.26003227,-0.05983543,0.30153185,-0.35222754,0.98634630,0.33980197,0.21380189,-0.00333198,-0.00269257,0.00000000,-0.25847319,-1.14514506,-0.51382434,-0.00869826,0.03047071,-0.01517265,0.00000000
-0.09269765,-0.14545286,0.99780995,0.00638539,0.62509340,0.77986026,-0.03217999,-0.20700771,0.36552617,0.14872305,0.79967654,-0.31226826,0.00000000,-0.55879146,-0.11015084,-0.16181797,0.93602669,-0.21689750,-0.00000000,-0.23952949,-0.06309425,0.28291202,-0.35829440,0.99416852,0.34299988,0.17955862,-0.00438664,-0.00642091,0.00000000,-0.27150595,-1.14841628,-0.50336462,-0.03159142,0.02992013,-0.01787998,0.00000000
-0.08824944,-0.14836003,0.99321252,0.00429753,0.61709487,0.78624904,-0.03143075,-0.20693675,0.37083316,0.14251161,0.78723204,-0.30052531,0.00000000,-0.52106476,-0.11327031,-0.16786559,0.92632192,-0.21760938,-0.00000000,-0.21992970,-0.06564461,0.26841661,-0.36419088,0.99692702,0.34216681,0.14564277,-0.00538821,-0.01003013,0.00000000,-0.28513712,-1.14695752,-0.48884881,-0.05433924,0.02934060,-0.02067680,0.00000000
-0.08356500,-0.15199484,0.98998457,0.00308619,0.60976160,0.79202384,-0.02965626,-0.20844834,0.37351939,0.13795747,0.77796423,-0.28849173,0.00000000,-0.48841542,-0.11684943,-0.17278117,0.91259509,-0.21873122,-0.00000000,-0.20029737,-0.06777432,0.25616241,-0.36983764,0.99518490,0.33755299,0.11294516,-0.00632085,-0.01354709,0.00000000,-0.29972556,-1.14127767,-0.47067732,-0.07659197,0.02874491,-0.02367752,0.00000000
-0.07876243,-0.15599349,0.98744136,0.00231308,0.60274053,0.79746437,-0.02736824,-0.21075122,0.37489522,0.13423195,0.77028471,-0.27631295,0.00000000,-0.45830470,-0.12065833,-0.17713079,0.89685738,-0.22005805,-0.00000000,-0.18064868,-0.06969369,0.24502891,-0.37535951,0.99119216,0.33104888,0.08085673,-0.00721903,-0.01701791,0.00000000,-0.31479278,-1.13348746,-0.45067799,-0.09859715,0.02814113,-0.02678017,0.00000000
-0.07442760,-0.15962036,0.98697835,0.00459323,0.59305692,0.80479020,-0.02398420,-0.21863784,0.37189651,0.13278368,0.76529282,-0.26327291,0.00000000,-0.43322304,-0.12518902,-0.18024226,0.87722176,-0.22144131,-0.00000000,-0.15970269,-0.07085844,0.23797202,-0.37878856,0.98045045,0.31886888,0.05122577,-0.00803087,-0.02014971,0.00000000,-0.33047527,-1.11891949,-0.42511886,-0.11929074,0.02749814,-0.03007657,0.00000000
-0.06998619,-0.16232082,0.98771161,0.00641756,0.58433825,0.81123495,-0.02013596,-0.22879104,0.36732706,0.13240594,0.76075870,-0.25040540,0.00000000,-0.41027984,-0.12987477,-0.18290956,0.85706800,-0.22265059,-0.00000000,-0.13843849,-0.07162075,0.23364185,-0.38072708,0.96761119,0.30488080,0.02337146,-0.00882264,-0.02302800,0.00000000,-0.34568840,-1.10210967,-0.39804897,-0.13825782,0.02684936,-0.03318593,0.00000000
-0.06533158,-0.16316843,0.99083787,0.00733107,0.57767606,0.81608856,-0.01536477,-0.24347758,0.35961619,0.13416938,0.75714004,-0.23788285,0.00000000,-0.39161351,-0.13487072,-0.18468857,0.83587837,-0.22351199,-0.00000000,-0.11653794,-0.07157814,0.23476517,-0.37968448,0.95057672,0.28727627,-0.00092954,-0.00957428,-0.02539927,0.00000000,-0.35996249,-1.08081603,-0.36795741,-0.15377191,0.02618903,-0.03592118,0.00000000
-0.06058403,-0.16170539,0.99611419,0.01069705,0.57072878,0.82097745,-0.01225775,-0.26356480,0.34894642,0.13802555,0.75331503,-0.22616264,0.00000000,-0.37618273,-0.14071730,-0.18555160,0.81476676,-0.22415945,-0.00000000,-0.09378760,-0.07028177,0.24105963,-0.37483519,0.92991138,0.26655349,-0.02160262,-0.01031757,-0.02727900,0.00000000,-0.37224391,-1.05524325,-0.33528709,-0.16499846,0.02552291,-0.03812795,0.00000000
-0.05579001,-0.15908700,1.00246572,0.01528854,0.56360865,0.82584012,-0.00998231,-0.28635234,0.33679727,0.14292809,0.74938667,-0.21484357,0.00000000,-0.36236972,-0.14698917,-0.18595663,0.79369420,-0.22469991,-0.00000000,-0.07061242,-0.06835848,0.24993971,-0.36808252,0.90743029,0.24427162,-0.04046173,-0.01105669,-0.02891294,-0.00000000,-0.38352895,-1.02753091,-0.30132732,-0.17408119,0.02485391,-0.04007049,0.00000000
-0.05273677,-0.15674697,1.01119995,0.02054158,0.56013292,0.82811612,-0.00726754,-0.31562272,0.32120135,0.15062009,0.74397540,-0.20475377,0.00000000,-0.35279727,-0.15419774,-0.18504350,0.77533382,-0.22599013,-0.00000000,-0.04675500,-0.06330455,0.26571262,-0.35450855,0.88142753,0.21929127,-0.05345126,-0.01177540,-0.02989088,0.00000000,-0.38928384,-0.99502903,-0.26569968,-0.17347676,0.02419940,-0.04052776,0.00000000
-0.04897594,-0.15297467,1.01839399,0.02699042,0.55831921,0.82916772,-0.00566339,-0.34748381,0.30440482,0.15934941,0.73728991,-0.19500083,0.00000000,-0.34460869,-0.16152667,-0.18388958,0.75807482,-0.22783925,-0.00000000,-0.02246902,-0.05671355,0.28448108,-0.33834049,0.85473198,0.19378760,-0.06463168,-0.01248849,-0.03071086,0.00000000,-0.39258528,-0.96126407,-0.22985150,-0.16923787,0.02356006,-0.04039126,0.00000000
-0.04379996,-0.14633782,1.02250767,0.03583102,0.55984771,0.82779658,-0.00628082,-0.38452640,0.28520682,0.17015338,0.72805583,-0.18592180,0.00000000,-0.33918789,-0.16909617,-0.18225406,0.74301851,-0.23080617,-0.00000000,0.00267409,-0.04704845,0.30924055,-0.31698444,0.82665044,0.16723737,-0.07219389,-0.01319032,-0.03121492,0.00000000,-0.39097944,-0.92497259,-0.19356216,-0.15773030,0.02295103,-0.03906720,0.00000000
-0.04148307,-0.14289886,1.02705717,0.04351868,0.56303155,0.82527566,-0.00464423,-0.42363873,0.26645851,0.18116090,0.71604520,-0.17771605,0.00000000,-0.33327302,-0.17739952,-0.17981587,0.73154712,-0.23554599,-0.00000000,0.02811939,-0.03520463,0.33331484,-0.29103991,0.80030930,0.14311992,-0.07638206,-0.01388529,-0.03152163,0.00000000,-0.38517168,-0.88981068,-0.16106305,-0.13904203,0.02243740,-0.03658646,0.00000000
-0.04059574,-0.14105882,1.03182471,0.05062772,0.56701905,0.82214516,-0.00188051,-0.46378583,0.24793498,0.19227022,0.70264626,-0.16994686,0.00000000,-0.32711115,-0.18606968,-0.17697641,0.72186816,-0.24117230,-0.00000000,0.05371580,-0.02227145,0.35704651,-0.26280120,0.77483833,0.12021881,-0.07888323,-0.01457683,-0.03172966,-0.00000000,-0.37726304,-0.85521328,-0.13045900,-0.11676350,0.02197145,-0.03352737,0.00000000
-0.03908101,-0.13701484,1.03014719,0.05711330,0.57515931,0.81604254,0.00208391,-0.50991637,0.22852932,0.20479594,0.68362629,-0.16396275,0.00000000,-0.32033175,-0.19427770,-0.17367885,0.71745867,-0.24997509,-0.00000000,0.08117021,-0.00493930,0.38376665,-0.22521904,0.75286400,0.10228621,-0.07492969,-0.01529512,-0.03136963,-0.00000000,-0.36118183,-0.82331306,-0.10654821,-0.08355242,0.02167962,-0.02859381,0.00000000
-0.03436467,-0.13307619,1.02752936,0.06246099,0.58430111,0.80909878,0.00707309,-0.55697536,0.20926304,0.21739593,0.66344178,-0.15839025,0.00000000,-0.31270236,-0.20223600,-0.17022191,0.71458656,-0.25970918,-0.00000000,0.10908679,0.01322577,0.40972385,-0.18492776,0.73270160,0.08706682,-0.06882235,-0.01606163,-0.03079178,-0.00000000,-0.34326586,-0.79355341,-0.08608865,-0.04806666,0.02148609,-0.02332011,0.00000000
-0.02324512,-0.12934822,1.02303076,0.06553718,0.59549975,0.80055344,0.01411077,-0.60589117,0.19027561,0.23014455,0.64092815,-0.15364100,0.00000000,-0.30337277,-0.20969494,-0.16644616,0.71478927,-0.27130604,-0.00000000,0.13792777,0.03305666,0.43415546,-0.13921815,0.71616304,0.07727377,-0.05840737,-0.01692460,-0.02977829,-0.00000000,-0.32168040,-0.76807517,-0.07253157,-0.00803161,0.02148918,-0.01736614,0.00000000
-0.01928677,-0.12456322,1.01632035,0.06932836,0.60349822,0.79415095,0.01754330,-0.65307087,0.17195930,0.24247208,0.61808592,-0.14955194,0.00000000,-0.29296735,-0.21635070,-0.16233100,0.71739101,-0.28445661,-0.00000000,0.16534488,0.05382917,0.45497689,-0.09001192,0.70370597,0.07484003,-0.04382593,-0.01799160,-0.02827518,-0.00000000,-0.29603848,-0.74787217,-0.06665715,0.03512300,0.02175361,-0.01094792,0.00000000
-0.01890902,-0.11924971,1.00850403,0.07347740,0.60990256,0.78882974,0.01917300,-0.69938236,0.15397853,0.25458908,0.59507942,-0.14579298,0.00000000,-0.28202403,-0.22260483,-0.15804608,0.72119230,-0.29838428,0.00000000,0.19205000,0.07507252,0.47399330,-0.03905738,0.69328958,0.07608594,-0.02716124,-0.01916063,-0.02652726,-0.00000000,-0.26836833,-0.73030704,-0.06462406,0.07983740,0.02214873,-0.00429759,0.00000000
-0.01782145,-0.12352043,0.99559623,0.07585041,0.61739582,0.78253496,0.02661271,-0.74558604,0.13559571,0.26707709,0.57201755,-0.14347285,0.00000000,-0.27058029,-0.22705771,-0.15337265,0.72804797,-0.31375518,0.00000000,0.21788667,0.09961066,0.49173486,0.01719185,0.68908525,0.08923407,-0.00354402,-0.02066285,-0.02370352,-0.00000000,-0.23377447,-0.72034693,-0.07270552,0.12811278,0.02292310,0.00314433,0.00000000
-0.01673243,-0.12764142,0.98226434,0.07811335,0.62438166,0.77650690,0.03290653,-0.78913558,0.11767901,0.27914396,0.55041152,-0.14128368,0.00000000,-0.25907803,-0.23070098,-0.14870596,0.73537934,-0.32906374,0.00000000,0.24244416,0.12361279,0.50685263,0.07390696,0.68683410,0.10611475,0.02178244,-0.02225880,-0.02055367,-0.00000000,-0.19805808,-0.71338505,-0.08406901,0.17578241,0.02387794,0.01052358,0.00000000
-0.01564051,-0.13146298,0.96808428,0.08017138,0.63047707,0.77117354,0.03691339,-0.82737690,0.10069446,0.29036847,0.53171718,-0.13935648,0.00000000,-0.24745880,-0.23272513,-0.14405270,0.74366236,-0.34424761,0.00000000,0.26444337,0.14654273,0.51672280,0.13155381,0.68848962,0.13046052,0.05052739,-0.02404217,-0.01675158,-0.00000000,-0.16009673,-0.71241933,-0.10199665,0.22224058,0.02519371,0.01777751,0.00000000
-0.00808727,-0.13340566,0.95601928,0.08329843,0.63353401,0.76820916,0.03937895,-0.85969138,0.08521888,0.30057421,0.51635087,-0.13752450,0.00000000,-0.23425424,-0.23206742,-0.13985553,0.75268579,-0.35792294,-0.00000000,0.28383073,0.16532803,0.52002543,0.18886092,0.69305491,0.15967558,0.08149614,-0.02590217,-0.01241446,-0.00000000,-0.12317448,-0.71717149,-0.12508641,0.26357287,0.02688842,0.02410084,0.00000000
0.00269664,-0.13440891,0.94501173,0.08696072,0.63507807,0.76643765,0.04107413,-0.88904279,0.07049780,0.31027052,0.50264847,-0.13574010,0.00000000,-0.22025709,-0.23006880,-0.13588643,0.76207972,-0.37084395,-0.00000000,0.30191219,0.18204102,0.52004445,0.24599823,0.69907486,0.19132528,0.11357676,-0.02780048,-0.00780982,-0.00000000,-0.08677175,-0.72478265,-0.15075725,0.30234227,0.02877260,0.02995887,0.00000000
-0.00366006,-0.11562786,0.93972290,0.08831255,0.63929659,0.76311409,0.03402526,-0.90554088,0.06252625,0.31608465,0.49519512,-0.13390906,0.00000000,-0.20299061,-0.22801200,-0.13147348,0.76942039,-0.37919527,-0.00000000,0.31423470,0.18756942,0.52004337,0.29585826,0.70642990,0.22250456,0.14183982,-0.02949396,-0.00380359,-0.00000000,-0.05965564,-0.73829192,-0.17949715,0.32594228,0.03083640,0.03285430,0.00000000
-0.00932637,-0.09641326,0.93559992,0.08989072,0.64336848,0.75978172,0.02698950,-0.91813695,0.05614908,0.32091421,0.48959669,-0.13216117,0.00000000,-0.18498878,-0.22560257,-0.12713614,0.77605551,-0.38588795,-0.00000000,0.32504463,0.18994831,0.52004147,0.34203646,0.71367371,0.25234166,0.16764879,-0.03107838,-0.00023244,-0.00000000,-0.03632964,-0.75292236,-0.20791321,0.34416503,0.03284452,0.03476664,0.00000000
-0.01361193,-0.07633157,0.93380868,0.09192876,0.64719975,0.75649339,0.01998337,-0.92292917,0.05296063,0.32377458,0.48770797,-0.13057949,-0.00000000,-0.16551621,-0.22248775,-0.12295013,0.78127944,-0.38926315,-0.00000000,0.33282936,0.18602815,0.52003783,0.38085094,0.72069502,0.27949443,0.18854961,-0.03244466,0.00246855,-0.00000000,-0.02058385,-0.76979536,-0.23568165,0.35163298,0.03474130,0.03471284,0.00000000
-0.01496089,-0.06688129,0.93509161,0.09349599,0.64967829,0.75431639,0.01354633,-0.91987646,0.05261100,0.32462156,0.48904175,-0.12932976,0.00000000,-0.14618959,-0.21811391,-0.11933218,0.78558642,-0.38940141,-0.00000000,0.33677846,0.17625271,0.52002436,0.41052127,0.72700447,0.30269131,0.20293169,-0.03355024,0.00402698,-0.00000000,-0.01166831,-0.78773397,-0.26133624,0.34904495,0.03640073,0.03295197,0.00000000
-0.01484155,-0.06274672,0.93791169,0.09482671,0.65147299,0.75268602,0.00739391,-0.91290140,0.05368079,0.32446185,0.49198687,-0.12824593,0.00000000,-0.12693600,-0.21311052,-0.11599827,0.78943473,-0.38792107,-0.00000000,0.33880967,0.16354969,0.52000588,0.43561953,0.73295802,0.32391012,0.21405442,-0.03452546,0.00501414,-0.00000000,-0.00616789,-0.80620533,-0.28593397,0.34142900,0.03794147,0.03033755,0.00000000
-0.01440507,-0.05759826,0.94217199,0.09381976,0.65367633,0.75093132,0.00269341,-0.90011966,0.05887097,0.32198974,0.49755991,-0.12806647,0.00000000,-0.10823238,-0.20906582,-0.11305133,0.79540443,-0.38082001,-0.00000000,0.33568540,0.14757089,0.51486826,0.44772050,0.73535568,0.33691311,0.21590376,-0.03507881,0.00449008,-0.00000000,-0.00603637,-0.82044512,-0.30313292,0.32330677,0.03899696,0.02634212,0.00000000
-0.01479372,-0.05261440,0.94723409,0.09215789,0.65596330,0.74914205,-0.00230545,-0.88606751,0.06563916,0.31873190,0.50355387,-0.12829702,-0.00000000,-0.09014606,-0.20535652,-0.11028951,0.80255443,-0.37217367,-0.00000000,0.33032191,0.13059862,0.50938421,0.45580894,0.73625380,0.34698203,0.21504150,-0.03549869,0.00356808,-0.00000000,-0.00670085,-0.83277416,-0.31771147,0.30262238,0.03989365,0.02205969,0.00000000
-0.01683264,-0.04795977,0.95389986,0.08918797,0.65842909,0.74729794,-0.00790072,-0.86947447,0.07556340,0.31390253,0.51038998,-0.12934776,-0.00000000,-0.07329437,-0.20231809,-0.10789783,0.81206524,-0.36043668,-0.00000000,0.32047987,0.11163931,0.50320750,0.45587209,0.73415333,0.35118267,0.20875609,-0.03565163,0.00185019,-0.00000000,-0.00895734,-0.84128171,-0.32704917,0.27681381,0.04047276,0.01720323,0.00000000
-0.01948003,-0.04393480,0.96051419,0.08404540,0.66064674,0.74587893,-0.01211468,-0.85101092,0.08705346,0.30805898,0.51784056,-0.13142671,-0.00000000,-0.06009620,-0.19969977,-0.10587215,0.82360119,-0.34718657,-0.00000000,0.30632576,0.09342747,0.49509996,0.44805661,0.72811276,0.34884727,0.19814122,-0.03555567,-0.00039528,-0.00000000,-0.01137947,-0.84390372,-0.32969716,0.24851948,0.04069747,0.01238217,0.00000000
-0.02243165,-0.04022466,0.96710283,0.07781405,0.66271996,0.74464941,-0.01563750,-0.83161235,0.09932642,0.30170834,0.52559870,-0.13401976,-0.00000000,-0.04872479,-0.19729155,-0.10402944,0.83614963,-0.33318004,-0.00000000,0.29001576,0.07558937,0.48602694,0.43630162,0.72010201,0.34324369,0.18536168,-0.03533527,-0.00290456,-0.00000000,-0.01388441,-0.84358281,-0.32900029,0.21898223,0.04074499,0.00757881,0.00000000
-0.02421735,-0.03676205,0.97192138,0.07231935,0.66405559,0.74400681,-0.01593872,-0.81046736,0.10921012,0.29560483,0.53447229,-0.13864429,-0.00000000,-0.04676822,-0.19379123,-0.10341242,0.84967822,-0.31998080,-0.00000000,0.26945192,0.06270406,0.48327559,0.41417995,0.70605540,0.32827395,0.16845421,-0.03480421,-0.00566736,-0.00000000,-0.01691170,-0.83349466,-0.31733102,0.18778729,0.04028863,0.00316208,0.00000000
-0.02636340,-0.02981415,0.97658032,0.06573319,0.66555953,0.74327117,-0.01605001,-0.78806144,0.11859728,0.28936478,0.54401219,-0.14402443,-0.00000000,-0.04834835,-0.18980299,-0.10334658,0.86279446,-0.30758852,-0.00000000,0.24724446,0.05062152,0.48141354,0.38835442,0.69011027,0.31026921,0.15050243,-0.03418361,-0.00846576,-0.00000000,-0.02048763,-0.82065231,-0.30225754,0.15617555,0.03968501,-0.00117208,0.00000000
-0.02923010,-0.01589568,0.98091990,0.05696461,0.66739988,0.74234992,-0.01578146,-0.76313323,0.12699145,0.28285179,0.55488497,-0.15091576,-0.00000000,-0.05700190,-0.18483900,-0.10438310,0.87508595,-0.29681024,-0.00000000,0.22174948,0.04014447,0.48133051,0.35512105,0.67036813,0.28619450,0.13046205,-0.03338392,-0.01133532,-0.00000000,-0.02516084,-0.80230105,-0.28037569,0.12373024,0.03878687,-0.00534109,0.00000000
-0.03124522,-0.00912744,0.98461968,0.04825317,0.66969252,0.74093765,-0.01396407,-0.73750633,0.13381420,0.27657399,0.56613845,-0.15913004,-0.00000000,-0.07165850,-0.17956349,-0.10627633,0.88474500,-0.28791070,-0.00000000,0.19546962,0.03209168,0.48446572,0.31655204,0.64814001,0.25831318,0.11053403,-0.03252119,-0.01382089,-0.00000000,-0.03205470,-0.78059500,-0.25338995,0.09142633,0.03771403,-0.00924880,0.00000000
-0.03283455,-0.00593433,0.98799950,0.03956832,0.67217857,0.73924357,-0.01137167,-0.71152997,0.13985129,0.27041376,0.57758254,-0.16800579,-0.00000000,-0.08931662,-0.17413226,-0.10859793,0.89308774,-0.27995050,-0.00000000,0.16879721,0.02525102,0.48921016,0.27531517,0.62466896,0.22852859,0.09066220,-0.03162693,-0.01611445,-0.00000000,-0.04005888,-0.75721180,-0.22385226,0.05919311,0.03655382,-0.01302587,0.00000000
-0.03387589,0.00742104,0.99074525,0.02931940,0.67453915,0.73761004,-0.00829811,-0.68266714,0.14458869,0.26385754,0.59037346,-0.17860462,-0.00000000,-0.11698890,-0.16896018,-0.11188640,0.89423829,-0.27459317,-0.00000000,0.14012034,0.01968938,0.49596944,0.22499873,0.59790313,0.19370259,0.07129239,-0.03069355,-0.01785180,-0.00000000,-0.05282826,-0.73029160,-0.18785368,0.02731657,0.03519749,-0.01657726,0.00000000
-0.03489246,0.02082938,0.99312288,0.01805820,0.67721099,0.73554379,-0.00587359,-0.65331799,0.14948578,0.25710592,0.60330570,-0.18967277,-0.00000000,-0.14748099,-0.16435403,-0.11512797,0.89209008,-0.26987404,-0.00000000,0.11090403,0.01379643,0.50267285,0.17192024,0.57026225,0.15756835,0.05221448,-0.02976958,-0.01942354,-0.00000000,-0.06756622,-0.70291650,-0.15031324,-0.00446262,0.03380205,-0.02014655,0.00000000
-0.03585950,0.03434369,0.99476451,0.00477667,0.68055421,0.73266679,-0.00474815,-0.62299663,0.15470220,0.24996336,0.61652046,-0.20167959,-0.00000000,-0.18361275,-0.16087970,-0.11827578,0.88334388,-0.26643118,-0.00000000,0.08060879,0.00724086,0.50926447,0.11331767,0.54087126,0.11881770,0.03372043,-0.02886440,-0.02066406,-0.00000000,-0.08624139,-0.67463189,-0.10968910,-0.03604712,0.03232837,-0.02375163,0.00000000
-0.03489055,0.04896728,0.99476498,-0.00838427,0.68344158,0.72994339,-0.00446035,-0.59102589,0.15975431,0.24254163,0.62962925,-0.21397045,-0.00000000,-0.22224055,-0.15911154,-0.12078393,0.86807472,-0.26329187,-0.00000000,0.05057997,0.00065564,0.51487494,0.05147048,0.51156157,0.08013809,0.01648587,-0.02805857,-0.02153918,-0.00000000,-0.10889073,-0.64783657,-0.06872039,-0.06668308,0.03086525,-0.02733588,0.00000000
-0.03295361,0.06414551,0.99394506,-0.02148288,0.68604004,0.72723198,-0.00459099,-0.55823058,0.16472428,0.23498033,0.64268541,-0.22640333,-0.00000000,-0.26211640,-0.15819645,-0.12297221,0.84954387,-0.26030445,-0.00000000,0.02068434,-0.00594441,0.51999474,-0.01199900,0.48229256,0.04149400,-0.00011893,-0.02730240,-0.02223161,-0.00000000,-0.13352716,-0.62178594,-0.02757941,-0.09684478,0.02940740,-0.03090973,0.00000000
-0.02963585,0.07629529,0.99367899,-0.02981750,0.68697095,0.72607267,-0.00061280,-0.52927548,0.16668974,0.22898948,0.65335900,-0.23844774,-0.00000000,-0.29529533,-0.15851799,-0.12387782,0.82655525,-0.25632602,-0.00000000,-0.00356302,-0.01047670,0.52000159,-0.07048775,0.45742685,0.00974968,-0.01141748,-0.02678425,-0.02189401,-0.00000000,-0.15971842,-0.60210186,0.00759801,-0.12098946,0.02800410,-0.03361158,0.00000000
-0.02597750,0.08814591,0.99330372,-0.03744248,0.68735200,0.72534907,0.00374870,-0.50125194,0.16801195,0.22333516,0.66301477,-0.25014114,-0.00000000,-0.32568401,-0.15939057,-0.12423015,0.80268699,-0.25190380,-0.00000000,-0.02613662,-0.01445099,0.51918489,-0.12737305,0.43457216,-0.01933320,-0.02167812,-0.02635252,-0.02143870,-0.00000000,-0.18637045,-0.58499300,0.04001301,-0.14309114,0.02664280,-0.03608058,0.00000000
-0.02163792,0.09939820,0.99271005,-0.04365076,0.68670374,0.72557127,0.00887648,-0.47509140,0.16804770,0.21835393,0.67063493,-0.26113236,0.00000000,-0.35049212,-0.16136537,-0.12347590,0.77706009,-0.24659388,-0.00000000,-0.04536272,-0.01730931,0.51672137,-0.18105140,0.41573945,-0.04309317,-0.02986294,-0.02609365,-0.02074797,-0.00000000,-0.21394396,-0.57303488,0.06690320,-0.16110682,0.02536551,-0.03808386,0.00000000
-0.01568265,0.11124636,0.99251729,-0.04711764,0.68465632,0.72718912,0.01488685,-0.44937906,0.16694795,0.21382210,0.67649442,-0.27124047,0.00000000,-0.36992317,-0.16383040,-0.12197847,0.75059146,-0.24065635,-0.00000000,-0.06215854,-0.01912967,0.50999528,-0.23147632,0.40092352,-0.06189779,-0.03702294,-0.02598315,-0.02010288,-0.00000000,-0.24167959,-0.56632084,0.08769931,-0.17478323,0.02419440,-0.03967630,0.00000000
-0.00891952,0.12339247,0.99252492,-0.04921241,0.68189037,0.72948503,0.02133792,-0.42389080,0.16528045,0.20951493,0.68147337,-0.28090689,0.00000000,-0.38666576,-0.16654058,-0.12010947,0.72370219,-0.23440500,-0.00000000,-0.07773924,-0.02043105,0.50113785,-0.28027460,0.38811606,-0.07822473,-0.04367052,-0.02594685,-0.01948063,-0.00000000,-0.26949632,-0.56222862,0.10544840,-0.18629000,0.02307640,-0.04106331,0.00000000
-0.00304001,0.13340503,0.99320656,-0.04781295,0.67894906,0.73219377,0.02518594,-0.40248263,0.16311838,0.20592169,0.68152905,-0.28907305,0.00000000,-0.39252141,-0.17002283,-0.11748167,0.69991231,-0.22770047,-0.00000000,-0.08803828,-0.02012862,0.48728114,-0.32153475,0.38140115,-0.08771615,-0.04909924,-0.02606210,-0.01913284,-0.00000000,-0.29604828,-0.56586343,0.11348415,-0.18975234,0.02213913,-0.04155459,0.00000000
0.00294367,0.14329176,0.99411207,-0.04572470,0.67576033,0.73513722,0.02881854,-0.38177481,0.16089398,0.20240833,0.68019992,-0.29665965,0.00000000,-0.39527106,-0.17378166,-0.11476424,0.67718333,-0.22101314,-0.00000000,-0.09687009,-0.01922094,0.47136232,-0.36041898,0.37655830,-0.09520006,-0.05449620,-0.02621716,-0.01896765,-0.00000000,-0.32201752,-0.57198846,0.11837196,-0.19051784,0.02126266,-0.04176073,0.00000000
0.00913569,0.15292679,0.99546510,-0.04226006,0.67209268,0.73856628,0.03202075,-0.36246741,0.15854485,0.19905451,0.67610085,-0.30308717,0.00000000,-0.39180851,-0.17809373,-0.11186744,0.65657651,-0.21436003,-0.00000000,-0.10276735,-0.01710278,0.45131904,-0.39455146,0.37545976,-0.09866907,-0.05982958,-0.02645186,-0.01916765,-0.00000000,-0.34682146,-0.58309430,0.11696380,-0.18588978,0.02050781,-0.04139660,0.00000000
0.01568044,0.15489449,0.99739641,-0.03800370,0.66686267,0.74335486,0.03568519,-0.34378374,0.15643223,0.19554415,0.66978747,-0.30826020,0.00000000,-0.38293156,-0.18299146,-0.10895190,0.63800931,-0.20790608,-0.00000000,-0.10578180,-0.01389652,0.42719734,-0.42368788,0.37773198,-0.09870636,-0.06530954,-0.02673428,-0.01980341,0.00000000,-0.37045121,-0.59892792,0.10962410,-0.17582846,0.01986706,-0.04043362,0.00000000
0.02240155,0.15302853,0.99961680,-0.03334893,0.66080505,0.74877107,0.03957813,-0.32541192,0.15443788,0.19195551,0.66236693,-0.31280589,0.00000000,-0.37134737,-0.18818207,-0.10602696,0.62046212,-0.20155174,-0.00000000,-0.10735487,-0.01014621,0.40103641,-0.45032620,0.38168970,-0.09702779,-0.07086280,-0.02704056,-0.02065705,0.00000000,-0.39349398,-0.61712545,0.09931865,-0.16305058,0.01928335,-0.03917123,0.00000000
0.02819128,0.15825810,1.00376415,-0.02958930,0.65767771,0.75135475,0.04528354,-0.30604076,0.15230951,0.18794645,0.65388465,-0.31532243,0.00000000,-0.35541072,-0.19356805,-0.10440420,0.60497630,-0.19585894,-0.00000000,-0.10416713,-0.00538127,0.37146330,-0.46634984,0.39037099,-0.09058124,-0.07537909,-0.02737123,-0.02194602,0.00000000,-0.41294184,-0.64172500,0.08044215,-0.14055867,0.01886391,-0.03654160,0.00000000
0.03363120,0.16347681,1.00738871,-0.02621360,0.65598607,0.75266832,0.04985466,-0.28774524,0.15007557,0.18384486,0.64471698,-0.31745547,0.00000000,-0.33920807,-0.19875841,-0.10338417,0.58974797,-0.19049262,-0.00000000,-0.09917761,-0.00101921,0.34369171,-0.47712132,0.39975753,-0.08371118,-0.07842462,-0.02768715,-0.02309903,0.00000000,-0.43077582,-0.66765273,0.05996032,-0.11508871,0.01845936,-0.03346635,0.00000000
0.03837151,0.16867378,1.00996792,-0.02360869,0.65722889,0.75151306,0.05216144,-0.27160099,0.14763039,0.17955822,0.63417894,-0.31882146,0.00000000,-0.32247329,-0.20355734,-0.10356961,0.57503426,-0.18577923,-0.00000000,-0.09058457,0.00253708,0.31952319,-0.47738862,0.41055438,-0.07599408,-0.07852865,-0.02797359,-0.02398016,0.00000000,-0.44538242,-0.69623661,0.03626781,-0.08366263,0.01808462,-0.02949982,0.00000000
0.04180117,0.17284428,1.01245081,-0.02232131,0.65990740,0.74905878,0.05417479,-0.25819403,0.14499810,0.17498450,0.62247688,-0.31963149,0.00000000,-0.30585757,-0.20776767,-0.10503435,0.56053853,-0.18166770,-0.00000000,-0.07865208,0.00476613,0.29959407,-0.46666464,0.42209947,-0.06786965,-0.07478946,-0.02822359,-0.02435904,0.00000000,-0.45682684,-0.72690850,0.01042678,-0.04719512,0.01768865,-0.02474778,0.00000000
0.04457550,0.17650150,1.01488554,-0.02169236,0.66329348,0.74594277,0.05604054,-0.24615569,0.14227226,0.17026727,0.61019260,-0.32016367,0.00000000,-0.28930140,-0.21168371,-0.10713870,0.54615170,-0.17785707,-0.00000000,-0.06504986,0.00633156,0.28178480,-0.45044488,0.43401885,-0.05954153,-0.06912865,-0.02845536,-0.02448682,0.00000000,-0.46669012,-0.75862443,-0.01648851,-0.00820689,0.01728208,-0.01960298,0.00000000
0.05326315,0.17538604,1.01665890,-0.02001253,0.67205918,0.73780400,0.05984222,-0.23913629,0.14007479,0.16486451,0.59604818,-0.32026374,0.00000000,-0.27320114,-0.21442902,-0.11098593,0.53198075,-0.17488800,-0.00000000,-0.04648196,0.00511144,0.27168855,-0.41785690,0.44669604,-0.05064980,-0.05641633,-0.02861177,-0.02347554,0.00000000,-0.47241148,-0.79288983,-0.04529071,0.03645193,0.01676958,-0.01352813,0.00000000
0.06006483,0.17473574,1.01827383,-0.01873997,0.68041325,0.72994280,0.06221050,-0.23346405,0.13816763,0.15922500,0.58156240,-0.32036200,0.00000000,-0.25781831,-0.21648836,-0.11537127,0.51776570,-0.17210001,-0.00000000,-0.02723748,0.00238390,0.26406583,-0.38119090,0.45914406,-0.04203336,-0.04140390,-0.02872112,-0.02200695,0.00000000,-0.47714108,-0.82740867,-0.07357102,0.08107555,0.01616018,-0.00757861,0.00000000
0.06309457,0.17501575,1.01957190,-0.01828600,0.68807310,0.72278029,0.06172327,-0.23048611,0.13684119,0.15311195,0.56639409,-0.32045636,0.00000000,-0.24387032,-0.21717577,-0.12083287,0.50346309,-0.16967419,-0.00000000,-0.00663984,-0.00335848,0.26139066,-0.33636883,0.47113353,-0.03396757,-0.02179124,-0.02873640,-0.01962375,0.00000000,-0.47988710,-0.86243439,-0.10080757,0.12562877,0.01535699,-0.00187975,0.00000000
0.06494679,0.17433469,1.01979291,-0.01899358,0.69955027,0.71192884,0.05853206,-0.23051360,0.13637534,0.14659187,0.55050349,-0.32070708,0.00000000,-0.23063172,-0.21650466,-0.12707704,0.48944640,-0.16756448,-0.00000000,0.01562533,-0.01227152,0.26306912,-0.28453505,0.48298213,-0.02591186,0.00193216,-0.02867994,-0.01634615,0.00000000,-0.48084003,-0.89810425,-0.12697703,0.16923319,0.01435754,0.00349318,0.00000000
0.06621023,0.17317308,1.01947534,-0.02027684,0.71274936,0.69904512,0.05397360,-0.23204377,0.13633980,0.13986832,0.53425187,-0.32103595,0.00000000,-0.21774779,-0.21515433,-0.13371249,0.47557256,-0.16561282,-0.00000000,0.03872427,-0.02276989,0.26692453,-0.22919533,0.49476042,-0.01786120,0.02771093,-0.02858760,-0.01262137,0.00000000,-0.48089623,-0.93409622,-0.15261295,0.21236327,0.01325996,0.00870316,0.00000000
0.06525154,0.17587589,1.02040744,-0.02036300,0.71966475,0.69225311,0.04953426,-0.23286834,0.13661085,0.13312095,0.51950890,-0.32114431,0.00000000,-0.20625760,-0.21312368,-0.14069512,0.46216151,-0.16396229,-0.00000000,0.05982260,-0.03349768,0.27085555,-0.17427917,0.50692695,-0.00775665,0.05267863,-0.02857321,-0.00913697,0.00000000,-0.47726768,-0.96941084,-0.17564729,0.25110361,0.01189672,0.01268120,0.00000000
0.06391294,0.17897514,1.02124727,-0.02055456,0.72705525,0.68482524,0.04452685,-0.23374273,0.13699335,0.12644203,0.50517726,-0.32117739,0.00000000,-0.19500105,-0.21097924,-0.14764835,0.44911346,-0.16239299,-0.00000000,0.08055659,-0.04422906,0.27464026,-0.12006488,0.51939780,0.00327177,0.07715595,-0.02860837,-0.00571756,0.00000000,-0.47249776,-1.00445426,-0.19784498,0.28841293,0.01046262,0.01632402,0.00000000
0.06181452,0.18286727,1.02190292,-0.02095826,0.73544300,0.67617363,0.03838749,-0.23471685,0.13759862,0.11989985,0.49166828,-0.32106024,0.00000000,-0.18421173,-0.20860727,-0.15454273,0.43679169,-0.16098630,-0.00000000,0.10056189,-0.05496764,0.27813232,-0.06725433,0.53247666,0.01614795,0.10065249,-0.02874264,-0.00242815,0.00000000,-0.46544513,-1.03895497,-0.21836936,0.32286030,0.00888683,0.01929640,0.00000000
0.06065285,0.18526407,1.02281761,-0.02144441,0.74085027,0.67043698,0.03457271,-0.23435797,0.13815664,0.11372025,0.47986132,-0.32058606,0.00000000,-0.17439169,-0.20635082,-0.16103886,0.42535356,-0.15974963,-0.00000000,0.11817720,-0.06425142,0.27999309,-0.01995952,0.54560429,0.03022730,0.12057327,-0.02899141,0.00021622,0.00000000,-0.45584881,-1.07123244,-0.23627223,0.35435325,0.00722829,0.02167392,0.00000000
0.05995956,0.18691319,1.02386200,-0.02197233,0.74478686,0.66617626,0.03192147,-0.23333259,0.13869101,0.10772191,0.46890560,-0.31993335,0.00000000,-0.16505636,-0.20415200,-0.16733590,0.41435739,-0.15859799,0.00000000,0.13459750,-0.07280779,0.28103825,0.02457742,0.55875629,0.04490824,0.13870616,-0.02929744,0.00253807,0.00000000,-0.44498062,-1.10239840,-0.25286436,0.38436887,0.00552838,0.02375399,-0.00000000
0.05894036,0.18782587,1.02461326,-0.02281504,0.74588549,0.66498315,0.03052339,-0.23071675,0.13953447,0.10232832,0.46052420,-0.31885946,0.00000000,-0.15775320,-0.20217739,-0.17274369,0.40525609,-0.15769804,0.00000000,0.14673951,-0.07941128,0.28070197,0.05938420,0.57055646,0.05950205,0.15035143,-0.02974301,0.00374442,0.00000000,-0.43003580,-1.12819970,-0.26459637,0.41010934,0.00380619,0.02507547,-0.00000000
0.05795608,0.18901917,1.02558839,-0.02363075,0.74677223,0.66402018,0.02915626,-0.22776321,0.14055988,0.09705622,0.45291346,-0.31765673,0.00000000,-0.15098694,-0.20020591,-0.17788079,0.39687276,-0.15690286,0.00000000,0.15772878,-0.08559312,0.28014082,0.09101760,0.58167940,0.07378875,0.15986668,-0.03024001,0.00461462,0.00000000,-0.41389275,-1.15191865,-0.27466801,0.43450326,0.00210668,0.02620673,-0.00000000
0.05704166,0.19077371,1.02701163,-0.02439263,0.74724025,0.66352189,0.02785125,-0.22413422,0.14194912,0.09202707,0.44684389,-0.31619620,0.00000000,-0.14529447,-0.19824083,-0.18247636,0.38992575,-0.15631732,0.00000000,0.16641255,-0.09093168,0.27913007,0.11630424,0.59144729,0.08746129,0.16512188,-0.03083986,0.00481253,0.00000000,-0.39535320,-1.17147291,-0.28141886,0.45620403,0.00045254,0.02695754,-0.00000000
0.05895031,0.18921559,1.02755439,-0.02553407,0.74612099,0.66466969,0.02942284,-0.22038716,0.14384311,0.08716660,0.44223556,-0.31456274,0.00000000,-0.14103954,-0.19625472,-0.18649231,0.38442981,-0.15606369,0.00000000,0.17272945,-0.09521777,0.27871823,0.13566206,0.59892267,0.09952258,0.16664766,-0.03152751,0.00450393,0.00000000,-0.37390342,-1.18485701,-0.28418449,0.47568417,-0.00106651,0.02749992,-0.00000000
0.06227050,0.18600112,1.02765703,-0.02686492,0.74419725,0.66663092,0.03243233,-0.21658103,0.14598949,0.08239048,0.43835768,-0.31284276,0.00000000,-0.13750331,-0.19425803,-0.19021845,0.37965950,-0.15597601,0.00000000,0.17786290,-0.09897762,0.27860600,0.15205546,0.60525185,0.11077828,0.16630873,-0.03225907,0.00394207,0.00000000,-0.35099834,-1.19515622,-0.28495753,0.49405387,-0.00251803,0.02793809,-0.00000000
0.06478009,0.18750091,1.02789712,-0.02653112,0.74325943,0.66767138,0.03280961,-0.21330673,0.14862670,0.07781102,0.43635127,-0.31118849,0.00000000,-0.13526185,-0.19187167,-0.19333474,0.37696633,-0.15625642,0.00000000,0.18103120,-0.10210171,0.27992982,0.16029090,0.60718989,0.11855524,0.16106717,-0.03309970,0.00280648,0.00000000,-0.32589903,-1.19554889,-0.28067482,0.50850016,-0.00365404,0.02811119,-0.00000000
0.06778590,0.18880501,1.02783251,-0.02610495,0.74192303,0.66914231,0.03342748,-0.21016282,0.15143980,0.07326680,0.43495366,-0.30960375,0.00000000,-0.13359842,-0.18942942,-0.19626503,0.37489718,-0.15662140,0.00000000,0.18349242,-0.10494398,0.28173003,0.16590805,0.60756207,0.12501338,0.15428747,-0.03396865,0.00148360,0.00000000,-0.30014840,-1.19228685,-0.27464733,0.52169955,-0.00469203,0.02822057,-0.00000000
0.07178416,0.18971778,1.02715838,-0.02549392,0.73978662,0.67147142,0.03452636,-0.20727977,0.15460482,0.06879309,0.43477356,-0.30815819,0.00000000,-0.13309097,-0.18687536,-0.19882326,0.37407604,-0.15715551,0.00000000,0.18453959,-0.10722265,0.28448266,0.16628860,0.60480225,0.12883390,0.14443141,-0.03489429,-0.00021388,0.00000000,-0.27309531,-1.18171442,-0.26513016,0.53240544,-0.00553401,0.02820247,-0.00000000
0.07529119,0.19131900,1.02675569,-0.02490627,0.73780388,0.67363870,0.03515788,-0.20458841,0.15801848,0.06439060,0.43576908,-0.30696335,0.00000000,-0.13331757,-0.18451725,-0.20100443,0.37449777,-0.15765838,0.00000000,0.18468472,-0.10892616,0.28762630,0.16208673,0.59932655,0.13021086,0.13192222,-0.03586024,-0.00223728,0.00000000,-0.24592093,-1.16450584,-0.25288481,0.54031008,-0.00617213,0.02803046,-0.00000000
0.07855259,0.19326447,1.02648866,-0.02433025,0.73589569,0.67572290,0.03555559,-0.20199294,0.16155647,0.06002373,0.43735236,-0.30589393,0.00000000,-0.13391124,-0.18225721,-0.20299703,0.37554082,-0.15814565,0.00000000,0.18437885,-0.11034206,0.29096547,0.15559369,0.59249288,0.13036604,0.11808641,-0.03684634,-0.00442366,0.00000000,-0.21868578,-1.14397919,-0.23927538,0.54681414,-0.00670833,0.02778148,-0.00000000
0.08288182,0.19475760,1.02536559,-0.02301485,0.73381215,0.67797518,0.03660093,-0.19991232,0.16512033,0.05567459,0.44054684,-0.30532786,0.00000000,-0.13598482,-0.18132398,-0.20430633,0.37807307,-0.15844132,0.00000000,0.18310291,-0.10902175,0.29541200,0.14316137,0.58244371,0.12744755,0.10095080,-0.03789656,-0.00704971,0.00000000,-0.19140020,-1.11257112,-0.22112916,0.54937625,-0.00696016,0.02737716,-0.00000000
0.08671480,0.19573508,1.02404857,-0.02159490,0.73154122,0.68040019,0.03790263,-0.19782344,0.16868511,0.05131914,0.44430694,-0.30498388,0.00000000,-0.13848236,-0.18118455,-0.20530662,0.38101557,-0.15857022,0.00000000,0.18160428,-0.10661080,0.29982245,0.12902631,0.57174438,0.12383679,0.08290607,-0.03896789,-0.00982190,0.00000000,-0.16456871,-1.07813334,-0.20178141,0.55053389,-0.00710912,0.02690305,-0.00000000
0.08955529,0.19568130,1.02234352,-0.01996601,0.72890025,0.68317515,0.03971728,-0.19571798,0.17225157,0.04695112,0.44919822,-0.30508408,0.00000000,-0.14182764,-0.18263268,-0.20568886,0.38477865,-0.15836555,0.00000000,0.17966035,-0.10201854,0.30416068,0.11148576,0.55974483,0.11884156,0.06304303,-0.04008147,-0.01288637,0.00000000,-0.13864544,-1.03763676,-0.18003030,0.54888231,-0.00705232,0.02628936,-0.00000000
0.09069101,0.19642946,1.02165246,-0.01920291,0.72667038,0.68548506,0.04112988,-0.19339700,0.17602746,0.04237861,0.45511103,-0.30566248,0.00000000,-0.14515071,-0.18526483,-0.20563149,0.38961452,-0.15756994,-0.00000000,0.17771256,-0.09697130,0.30742303,0.09268188,0.54825252,0.11435442,0.04334825,-0.04125342,-0.01583890,0.00000000,-0.11526622,-0.99549615,-0.15832984,0.54453301,-0.00673382,0.02556288,-0.00000000
0.09097433,0.19757858,1.02146840,-0.01887269,0.72464508,0.68756133,0.04234138,-0.19096830,0.17990807,0.03770384,0.46153450,-0.30648008,0.00000000,-0.14846271,-0.18848900,-0.20535439,0.39498675,-0.15647888,-0.00000000,0.17576288,-0.09169653,0.31014737,0.07324633,0.53701359,0.11012134,0.02373756,-0.04245457,-0.01873546,0.00000000,-0.09315901,-0.95253360,-0.13665468,0.53883517,-0.00628446,0.02478001,-0.00000000
0.08908073,0.19487527,1.02088785,-0.01975083,0.72288245,0.68922246,0.04498041,-0.18833703,0.18302758,0.03298043,0.46926999,-0.30833009,0.00000000,-0.15271054,-0.19367860,-0.20428739,0.40136775,-0.15459998,-0.00000000,0.17391571,-0.08403759,0.31191573,0.05278615,0.52770829,0.10768234,0.00529655,-0.04370686,-0.02139451,0.00000000,-0.07447112,-0.90728480,-0.11485700,0.52970028,-0.00546488,0.02392050,-0.00000000
0.08600688,0.19372553,1.02051377,-0.02068670,0.72056788,0.69150519,0.04663237,-0.18573888,0.18579054,0.02813644,0.47743714,-0.31058896,0.00000000,-0.15706179,-0.19896184,-0.20314261,0.40803531,-0.15253863,-0.00000000,0.17219040,-0.07650538,0.31340566,0.03286430,0.51955885,0.10635769,-0.01190882,-0.04495855,-0.02381170,0.00000000,-0.05710722,-0.86295515,-0.09381919,0.51971745,-0.00453076,0.02307474,-0.00000000
0.08057255,0.19568288,1.02055287,-0.02173815,0.71715373,0.69503480,0.04631037,-0.18320684,0.18784043,0.02305126,0.48646766,-0.31366542,0.00000000,-0.16162001,-0.20443243,-0.20184229,0.41527584,-0.15011242,-0.00000000,0.17070864,-0.06922657,0.31433886,0.01401914,0.51372117,0.10726174,-0.02664287,-0.04620908,-0.02574522,0.00000000,-0.04239127,-0.82046366,-0.07430106,0.50803858,-0.00336760,0.02225645,-0.00000000
0.07599404,0.19557092,1.02037585,-0.02319735,0.71452123,0.69769049,0.04635982,-0.18106531,0.18967225,0.01775309,0.49648789,-0.31761557,0.00000000,-0.16665898,-0.20991521,-0.20041533,0.42295554,-0.14759861,-0.00000000,0.16999160,-0.06271477,0.31536794,-0.00330084,0.51044416,0.11033746,-0.03828992,-0.04742200,-0.02708920,0.00000000,-0.03074700,-0.78066730,-0.05643886,0.49455971,-0.00203787,0.02138518,0.00000000
0.07184344,0.19442429,1.02009070,-0.02486037,0.71227813,0.69990766,0.04659490,-0.17911896,0.19139515,0.01234843,0.50700295,-0.32200253,0.00000000,-0.17193836,-0.21540409,-0.19892505,0.43085465,-0.14504097,-0.00000000,0.16965696,-0.05658645,0.31644496,-0.01985822,0.50844747,0.11449906,-0.04839347,-0.04861613,-0.02813842,0.00000000,-0.02063854,-0.74221843,-0.03940463,0.48018062,-0.00062487,0.02048743,0.00000000
0.06651158,0.19305265,1.01888585,-0.02552221,0.70893788,0.70329553,0.04616469,-0.17781283,0.19237112,0.00661720,0.51980203,-0.32775426,0.00000000,-0.17859253,-0.22130713,-0.19738939,0.43923053,-0.14281341,-0.00000000,0.17014550,-0.05015683,0.31800583,-0.03441451,0.50964332,0.12084980,-0.05423047,-0.04968939,-0.02848191,0.00000000,-0.01474732,-0.70648932,-0.02354078,0.46311653,0.00092646,0.01939967,0.00000000
0.06084254,0.19184771,1.01748645,-0.02624624,0.70638227,0.70591503,0.04493598,-0.17704369,0.19335540,0.00084575,0.53330439,-0.33392447,0.00000000,-0.18550874,-0.22723599,-0.19588327,0.44795930,-0.14065070,-0.00000000,0.17127566,-0.04401074,0.32005283,-0.04828889,0.51161116,0.12753245,-0.05868289,-0.05070597,-0.02858667,0.00000000,-0.01069542,-0.67187452,-0.00802082,0.44503063,0.00247748,0.01821010,0.00000000
0.05449913,0.19097619,1.01569772,-0.02709544,0.70541841,0.70702004,0.04211174,-0.17734860,0.19435619,-0.00500614,0.54821384,-0.34093153,0.00000000,-0.19294901,-0.23321633,-0.19443634,0.45739412,-0.13861756,-0.00000000,0.17368907,-0.03843168,0.32307202,-0.06079941,0.51512277,0.13487884,-0.06036613,-0.05160920,-0.02821398,0.00000000,-0.01032220,-0.63948840,0.00681137,0.42490134,0.00402788,0.01681688,0.00000000
0.04763209,0.19084908,1.01333296,-0.02822767,0.70418048,0.70840317,0.03870267,-0.17944062,0.19589154,-0.01096973,0.56418580,-0.34866428,0.00000000,-0.20121633,-0.23890153,-0.19334781,0.46757710,-0.13667627,-0.00000000,0.17695007,-0.03412910,0.32809359,-0.07230104,0.51898474,0.14142559,-0.05986094,-0.05234479,-0.02750739,0.00000000,-0.01409136,-0.60957706,0.02095006,0.40260479,0.00550193,0.01511726,-0.00000000
0.04050324,0.19109420,1.01067996,-0.02950107,0.70279682,0.70991641,0.03500073,-0.18242624,0.19769421,-0.01698916,0.58068895,-0.35675979,0.00000000,-0.20989713,-0.24443917,-0.19243851,0.47813430,-0.13478084,-0.00000000,0.18063486,-0.03046474,0.33411634,-0.08329823,0.52302188,0.14757252,-0.05826155,-0.05299656,-0.02663385,0.00000000,-0.01993172,-0.58090323,0.03474201,0.37922445,0.00693781,0.01326444,-0.00000000
0.03199247,0.19227946,1.00761497,-0.03130001,0.70240217,0.71051705,0.02858542,-0.18828095,0.20025182,-0.02272169,0.59838444,-0.36575255,0.00000000,-0.21982288,-0.24972011,-0.19201142,0.48984852,-0.13288637,-0.00000000,0.18540478,-0.02805850,0.34279492,-0.09261708,0.52597868,0.15107572,-0.05377579,-0.05336087,-0.02525102,0.00000000,-0.03131401,-0.55436343,0.04875422,0.35284331,0.00816994,0.01100199,-0.00000000
0.02347003,0.19308482,1.00420737,-0.03368166,0.70150638,0.71150219,0.02278111,-0.19514042,0.20309547,-0.02814035,0.61608624,-0.37475544,0.00000000,-0.23012234,-0.25469792,-0.19187681,0.50175977,-0.13091233,-0.00000000,0.19006032,-0.02630691,0.35237914,-0.10167783,0.52795023,0.15305559,-0.04888341,-0.05360967,-0.02382931,0.00000000,-0.04440663,-0.52884871,0.06261947,0.32563123,0.00932139,0.00860564,-0.00000000
0.01492430,0.19313040,1.00011444,-0.03723012,0.69964176,0.71329093,0.01820038,-0.20400946,0.20651110,-0.03293134,0.63380069,-0.38377863,0.00000000,-0.24116926,-0.25906950,-0.19232705,0.51406538,-0.12877922,-0.00000000,0.19448708,-0.02586461,0.36377451,-0.11022224,0.52795136,0.15198867,-0.04317778,-0.05362748,-0.02232984,0.00000000,-0.06091987,-0.50538403,0.07619081,0.29675716,0.01031149,0.00594148,-0.00000000
0.00610249,0.19336332,0.99601609,-0.04210477,0.69869477,0.71406233,0.01295075,-0.21451731,0.21077937,-0.03696530,0.65113688,-0.39261281,0.00000000,-0.25360605,-0.26262173,-0.19344963,0.52640706,-0.12664330,-0.00000000,0.19832630,-0.02666958,0.37755749,-0.11750406,0.52502829,0.14710322,-0.03663187,-0.05339508,-0.02068565,0.00000000,-0.07952154,-0.48315275,0.09006065,0.26686189,0.01111604,0.00310053,-0.00000000
-0.00285735,0.19368991,0.99191517,-0.04764077,0.69817954,0.71429789,0.00736629,-0.22584464,0.21547388,-0.04062073,0.66828382,-0.40135258,0.00000000,-0.26673779,-0.26576433,-0.19490831,0.53876698,-0.12450600,-0.00000000,0.20187171,-0.02809818,0.39253426,-0.12415453,0.52064306,0.14030847,-0.02966586,-0.05303758,-0.01896911,0.00000000,-0.09916743,-0.46153831,0.10407977,0.23645598,0.01182782,0.00017119,-0.00000000
-0.00987160,0.18332341,0.98783296,-0.05434428,0.69502330,0.71691066,0.00532446,-0.23872952,0.22098906,-0.04303383,0.68379474,-0.40902817,0.00000000,-0.28148606,-0.26663500,-0.19761339,0.55078524,-0.12258957,-0.00000000,0.20276906,-0.03159118,0.41039646,-0.12948419,0.51121128,0.12742646,-0.02258547,-0.05232158,-0.01725270,0.00000000,-0.12026512,-0.44284916,0.11765566,0.20546100,0.01232150,-0.00290760,-0.00000000
-0.01800069,0.17165340,0.98404473,-0.06217195,0.69191325,0.71929306,0.00287979,-0.25208443,0.22688597,-0.04505172,0.69841397,-0.41624066,0.00000000,-0.29672110,-0.26663190,-0.20066853,0.56272554,-0.12076397,-0.00000000,0.20284545,-0.03600040,0.42926475,-0.13400975,0.50000346,0.11249043,-0.01536948,-0.05149334,-0.01550495,0.00000000,-0.14131741,-0.42527682,0.13089924,0.17466235,0.01275103,-0.00601093,-0.00000000
-0.02835944,0.15737642,0.98084444,-0.07224851,0.68891430,0.72123307,-0.00037012,-0.26637980,0.23354642,-0.04627921,0.71124917,-0.42252722,0.00000000,-0.31292960,-0.26488122,-0.20442380,0.57451004,-0.11912020,0.00000000,0.20127994,-0.04224201,0.45014507,-0.13692708,0.48524395,0.09344646,-0.00788231,-0.05044061,-0.01369449,0.00000000,-0.16227873,-0.40993840,0.14347820,0.14425656,0.01305226,-0.00916333,-0.00000000
-0.03951981,0.13933830,0.97747630,-0.08328084,0.68633229,0.72250026,-0.00239613,-0.28058881,0.24019355,-0.04648138,0.72195101,-0.42751336,0.00000000,-0.33011970,-0.26040554,-0.20910136,0.58624870,-0.11777462,0.00000000,0.19692355,-0.04990453,0.47203562,-0.13863948,0.46801454,0.07132921,-0.00066322,-0.04921834,-0.01185781,0.00000000,-0.18145856,-0.39857253,0.15382609,0.11578612,0.01330020,-0.01200151,-0.00000000
-0.05108098,0.11941961,0.97402424,-0.09478404,0.68390697,0.72337586,-0.00380986,-0.29475474,0.24683401,-0.04617089,0.73158634,-0.43184948,0.00000000,-0.34780055,-0.25456735,-0.21424004,0.59796429,-0.11657811,-0.00000000,0.19117177,-0.05827750,0.49443129,-0.13974935,0.44955027,0.04767535,0.00642183,-0.04791130,-0.01000803,0.00000000,-0.19974762,-0.38919303,0.16305850,0.08828340,0.01352150,-0.01468257,0.00000000
-0.06148791,0.10921878,0.97304779,-0.10108348,0.67709428,0.72887594,-0.00807712,-0.30407336,0.25350210,-0.04408719,0.73901141,-0.43415937,0.00000000,-0.36523315,-0.24510293,-0.21956861,0.61035234,-0.11586984,0.00000000,0.17837758,-0.06821444,0.50967789,-0.14254570,0.43142915,0.02332480,0.01107330,-0.04650434,-0.00871336,0.00000000,-0.21300519,-0.38958636,0.16474167,0.06624762,0.01385998,-0.01653213,0.00000000
-0.07118638,0.10063096,0.97237897,-0.10587042,0.66896844,0.73561519,-0.01196030,-0.31157672,0.26005051,-0.04152974,0.74582112,-0.43569624,0.00000000,-0.38223180,-0.23429433,-0.22495909,0.62320739,-0.11518711,0.00000000,0.16311792,-0.07873886,0.51991814,-0.14580512,0.41375601,-0.00091265,0.01494464,-0.04508969,-0.00754497,0.00000000,-0.22439373,-0.39334846,0.16364047,0.04629956,0.01425902,-0.01803222,0.00000000
-0.07946793,0.09526920,0.97232562,-0.10763963,0.65827304,0.74489129,-0.01507522,-0.31544954,0.26635948,-0.03802483,0.75139999,-0.43568718,0.00000000,-0.39836255,-0.22079739,-0.23047341,0.63699675,-0.11455550,-0.00000000,0.14292729,-0.09043826,0.52014583,-0.14999066,0.39697880,-0.02492393,0.01725571,-0.04365961,-0.00662912,-0.00000000,-0.23204412,-0.40384796,0.15697052,0.03052689,0.01477917,-0.01883336,0.00000000
-0.08438957,0.09224294,0.97408706,-0.10574067,0.64254427,0.75869757,-0.01827030,-0.31619105,0.27296939,-0.03428936,0.75582045,-0.43397635,0.00000000,-0.41047785,-0.20707366,-0.23481563,0.65233666,-0.11372403,-0.00000000,0.12022819,-0.10231192,0.52022666,-0.15712988,0.38295886,-0.04624134,0.01604854,-0.04230521,-0.00654443,-0.00000000,-0.23882514,-0.42118737,0.14429465,0.01691191,0.01543529,-0.01954624,0.00000000
-0.08763128,0.09038445,0.97675592,-0.10196120,0.62401718,0.77443165,-0.02149692,-0.31536692,0.27972975,-0.03043861,0.75966185,-0.43141463,0.00000000,-0.42058533,-0.19323644,-0.23857179,0.66845173,-0.11279266,-0.00000000,0.09627487,-0.11427276,0.52023411,-0.16574597,0.37031749,-0.06621182,0.01308224,-0.04098865,-0.00687532,-0.00000000,-0.24517150,-0.44194663,0.12861578,0.00437577,0.01615940,-0.02021500,0.00000000
-0.08907653,0.09005502,0.98083371,-0.09925704,0.60586405,0.78896689,-0.02465685,-0.31112987,0.28699833,-0.02740156,0.76307964,-0.42674223,0.00000000,-0.42417839,-0.18279018,-0.23926112,0.68598664,-0.11226971,-0.00000000,0.07329286,-0.12411816,0.51994747,-0.17602339,0.36270058,-0.08002614,0.00624792,-0.03984010,-0.00816603,-0.00000000,-0.25119489,-0.46933013,0.10670067,-0.00553308,0.01697770,-0.02089365,0.00000000
-0.08955716,0.08920818,0.98542470,-0.09477159,0.58402300,0.80570275,-0.02790283,-0.30625358,0.29408222,-0.02474364,0.76666993,-0.42135417,0.00000000,-0.42533928,-0.17341296,-0.23882456,0.70386147,-0.11180937,-0.00000000,0.05068519,-0.13327207,0.51176155,-0.18707187,0.35688981,-0.09171130,-0.00190018,-0.03874885,-0.00976827,-0.00000000,-0.25800312,-0.49859908,0.08291098,-0.01501705,0.01781631,-0.02168132,0.00000000
-0.08810851,0.08732655,0.99104255,-0.08673100,0.55484235,0.82682937,-0.03131728,-0.30009893,0.30079681,-0.02284399,0.77060509,-0.41453490,0.00000000,-0.42163581,-0.16617386,-0.23613635,0.72241604,-0.11147429,-0.00000000,0.02882618,-0.14104302,0.48777714,-0.19966258,0.35469159,-0.09913810,-0.01267585,-0.03777222,-0.01199357,-0.00000000,-0.26638070,-0.53163892,0.05537214,-0.02365127,0.01869551,-0.02268700,0.00000000
-0.08585792,0.08587332,0.99699837,-0.07668377,0.52538466,0.84667659,-0.03506139,-0.29524702,0.30630755,-0.02206852,0.77573800,-0.40693063,0.00000000,-0.41563496,-0.16147614,-0.23115666,0.74034250,-0.11215839,-0.00000000,0.01076311,-0.14647336,0.45951697,-0.21083282,0.35591590,-0.10227464,-0.02388491,-0.03691506,-0.01443508,-0.00000000,-0.27600726,-0.56507766,0.02738531,-0.03133533,0.01950947,-0.02397732,0.00000000
-0.08320636,0.08463430,1.00312340,-0.06558694,0.49544477,0.86528391,-0.03894348,-0.29104650,0.31121650,-0.02185514,0.78146970,-0.39893395,0.00000000,-0.40848547,-0.15804914,-0.22503121,0.75795484,-0.11335208,-0.00000000,-0.00540200,-0.15073337,0.42911884,-0.22129279,0.35885146,-0.10326610,-0.03531069,-0.03611764,-0.01698468,-0.00000000,-0.28625834,-0.59871614,-0.00082551,-0.03854431,0.02029081,-0.02540996,0.00000000
-0.07709710,0.07395572,1.00537813,-0.05992277,0.47870091,0.87500507,-0.04025964,-0.28984347,0.31430450,-0.02399886,0.79088444,-0.38986439,0.00000000,-0.40485284,-0.16048791,-0.21455263,0.77025068,-0.11694332,-0.00000000,-0.01299219,-0.14985448,0.40244120,-0.22554713,0.36601925,-0.09910060,-0.04335118,-0.03547692,-0.01870501,0.00000000,-0.29618222,-0.62823224,-0.02505105,-0.04243055,0.02089721,-0.02663228,0.00000000
-0.07062545,0.06627991,1.00758541,-0.05343432,0.46256989,0.88402712,-0.04086385,-0.29073977,0.31578028,-0.02645016,0.80167484,-0.38053232,0.00000000,-0.40257940,-0.16368616,-0.20313525,0.78107351,-0.12139650,-0.00000000,-0.01821343,-0.14748764,0.37800753,-0.22812755,0.37436083,-0.09353950,-0.05044591,-0.03488325,-0.02026637,0.00000000,-0.30611971,-0.65634346,-0.04799291,-0.04525885,0.02144666,-0.02788614,0.00000000
-0.06342906,0.06460959,1.00969779,-0.04532671,0.44788626,0.89204168,-0.04006212,-0.29583463,0.31403148,-0.02951664,0.81521672,-0.37067524,0.00000000,-0.40302414,-0.16840321,-0.18984044,0.78895050,-0.12757361,-0.00000000,-0.01869673,-0.14214487,0.35806203,-0.22736019,0.38505012,-0.08518720,-0.05564910,-0.03438367,-0.02150980,0.00000000,-0.31608444,-0.68164521,-0.06836741,-0.04597129,0.02188220,-0.02920307,0.00000000
-0.05612410,0.06227234,1.01004028,-0.03852878,0.43548566,0.89861101,-0.03695936,-0.30549434,0.30971304,-0.03326029,0.83170789,-0.36112040,0.00000000,-0.40652743,-0.17506789,-0.17436135,0.79430062,-0.13580799,-0.00000000,-0.01420062,-0.13448185,0.34366584,-0.22153158,0.39677945,-0.07540482,-0.05795791,-0.03396399,-0.02211553,0.00000000,-0.32434455,-0.70316190,-0.08553880,-0.04318472,0.02219561,-0.03016268,0.00000000
-0.04876487,0.05960162,1.00949800,-0.03238431,0.42420027,0.90439802,-0.03270415,-0.31743634,0.30410954,-0.03734253,0.84967399,-0.35171676,0.00000000,-0.41156000,-0.18270634,-0.15779015,0.79838729,-0.14507104,-0.00000000,-0.00721479,-0.12565866,0.33204433,-0.21317239,0.40902874,-0.06490741,-0.05881955,-0.03358425,-0.02240238,0.00000000,-0.33175221,-0.72278631,-0.10110864,-0.03864864,0.02244796,-0.03094361,0.00000000
-0.04056898,0.05667980,1.00788999,-0.02293038,0.41273290,0.91030198,-0.02181850,-0.33889621,0.29403406,-0.04216632,0.87041235,-0.34323928,0.00000000,-0.42029291,-0.19268733,-0.13807403,0.79983014,-0.15678114,-0.00000000,0.00760410,-0.11235707,0.32980946,-0.19945842,0.42240104,-0.05288746,-0.05645572,-0.03330639,-0.02212357,0.00000000,-0.33721599,-0.73728490,-0.11241134,-0.02831413,0.02253665,-0.03117780,0.00000000
-0.03235736,0.05370655,1.00539851,-0.01289007,0.40206394,0.91547233,-0.00942839,-0.36386251,0.28197458,-0.04649302,0.89109188,-0.33562845,0.00000000,-0.43073517,-0.20240808,-0.11789643,0.80070662,-0.16899112,-0.00000000,0.02393872,-0.09799322,0.33197451,-0.18401690,0.43539160,-0.04113841,-0.05283970,-0.03304226,-0.02154729,0.00000000,-0.34116495,-0.75027716,-0.12269348,-0.01485186,0.02256367,-0.03086778,0.00000000
-0.02411428,0.05063041,1.00114048,-0.00168876,0.39312777,0.91946298,0.00595811,-0.39584169,0.26594719,-0.04982555,0.91165394,-0.32975075,0.00000000,-0.44459614,-0.21160832,-0.09679586,0.80045021,-0.18220080,-0.00000000,0.04330477,-0.08150486,0.34293935,-0.16512015,0.44761860,-0.02993115,-0.04671924,-0.03280557,-0.02037606,0.00000000,-0.34208411,-0.76025695,-0.13093445,0.00486593,0.02246733,-0.02946933,0.00000000
-0.01808446,0.04174468,0.99565810,0.00749365,0.38525054,0.92259830,0.01839206,-0.43371025,0.24553527,-0.05139285,0.92989749,-0.32599357,0.00000000,-0.46032518,-0.22005014,-0.07515512,0.80016291,-0.19570971,-0.00000000,0.06468715,-0.06241877,0.36051425,-0.14497651,0.45895305,-0.01948599,-0.03993915,-0.03261638,-0.01910162,0.00000000,-0.34019518,-0.76863468,-0.13824643,0.03068570,0.02227078,-0.02701558,0.00000000
-0.01316127,0.02995416,0.98956376,0.01566423,0.37788361,0.92525536,0.02934608,-0.47452343,0.22293110,-0.05207754,0.94698185,-0.32329649,0.00000000,-0.47698838,-0.22811286,-0.05324430,0.79986000,-0.20936826,-0.00000000,0.08707772,-0.04203382,0.38139421,-0.12420935,0.46984118,-0.00942188,-0.03282924,-0.03245092,-0.01777559,0.00000000,-0.33690211,-0.77621162,-0.14509396,0.05955645,0.02202412,-0.02403419,0.00000000
-0.00597973,0.03204564,0.98049015,0.02397454,0.36898935,0.92824870,0.04032899,-0.52760404,0.19100863,-0.04766211,0.95664299,-0.32429397,0.00000000,-0.49689707,-0.23298347,-0.03190158,0.79934496,-0.22318095,-0.00000000,0.11316679,-0.01456134,0.40861979,-0.09979029,0.47958440,0.00005352,-0.02411360,-0.03238033,-0.01603012,0.00000000,-0.32681879,-0.78195232,-0.15178695,0.10018878,0.02164281,-0.01855993,-0.00000000
-0.00080094,0.03432541,0.97164363,0.03324170,0.36113182,0.93065661,0.04855002,-0.58037388,0.15862803,-0.04254699,0.96380359,-0.32575217,0.00000000,-0.51769245,-0.23741488,-0.01079667,0.79806864,-0.23662087,-0.00000000,0.13804738,0.01352648,0.43626326,-0.07593302,0.48938400,0.00956091,-0.01615075,-0.03236005,-0.01445145,0.00000000,-0.31617689,-0.78943545,-0.16037624,0.14288996,0.02128864,-0.01269002,-0.00000000
0.00037236,0.03698174,0.96325153,0.04442927,0.35547906,0.93221945,0.05125995,-0.63252205,0.12533131,-0.03603252,0.96596354,-0.32813177,0.00000000,-0.54026127,-0.24096777,0.00983260,0.79527020,-0.24931549,-0.00000000,0.16051112,0.04284498,0.46474230,-0.05319928,0.49929643,0.01913226,-0.00969347,-0.03244041,-0.01320635,-0.00000000,-0.30441764,-0.80040383,-0.17275812,0.18972878,0.02098875,-0.00602884,-0.00000000
0.00458292,0.03249542,0.95214391,0.05543675,0.34378865,0.93578768,0.05511421,-0.68682671,0.08986475,-0.02656779,0.96118319,-0.33172056,0.00000000,-0.56512344,-0.24207088,0.02906964,0.79000479,-0.26097092,-0.00000000,0.18092147,0.07516297,0.49247983,-0.02933372,0.50962830,0.02922185,-0.00361487,-0.03264209,-0.01194017,-0.00000000,-0.28911185,-0.81452501,-0.18876673,0.24146588,0.02072101,0.00183605,-0.00000000
0.01031212,0.02443776,0.93967855,0.06633876,0.32899204,0.94011706,0.05952603,-0.74220961,0.05331328,-0.01562795,0.95293272,-0.33591396,0.00000000,-0.59113240,-0.24194911,0.04761057,0.78350592,-0.27210674,-0.00000000,0.20030513,0.10898072,0.51984674,-0.00490226,0.52016997,0.03957055,0.00227437,-0.03290444,-0.01066345,-0.00000000,-0.27203268,-0.83022213,-0.20658872,0.29565206,0.02046936,0.01030281,-0.00000000
0.00927754,0.02760266,0.93236804,0.07788523,0.31347874,0.94455916,0.05893187,-0.78038353,0.02635380,-0.00860919,0.94195169,-0.33898711,0.00000000,-0.61488932,-0.24052520,0.06414978,0.77208579,-0.27939224,-0.00000000,0.21040212,0.13133410,0.51997423,0.01276554,0.53200388,0.05061895,0.00301828,-0.03330479,-0.01038281,-0.00000000,-0.25915661,-0.85698318,-0.23284690,0.34291282,0.02053284,0.01685751,-0.00000000
0.00846289,0.03123034,0.92606461,0.08807727,0.29655358,0.94917041,0.05808619,-0.81400967,0.00204590,-0.00235191,0.93029636,-0.34189945,0.00000000,-0.63698906,-0.23812376,0.07960326,0.75901109,-0.28516361,-0.00000000,0.21832338,0.14921422,0.52005810,0.02849296,0.54405129,0.06164731,0.00238109,-0.03372722,-0.01029703,-0.00000000,-0.24768102,-0.88687027,-0.26112542,0.38723460,0.02064885,0.02269955,-0.00000000
0.00808813,0.03578358,0.92177510,0.09558250,0.27691984,0.95444119,0.05675805,-0.83854032,-0.01695879,0.00238242,0.91729224,-0.34449044,0.00000000,-0.65577418,-0.23376717,0.09288523,0.74262780,-0.28790686,-0.00000000,0.22189333,0.15814775,0.52005494,0.04033963,0.55652559,0.07263552,-0.00101828,-0.03419384,-0.01060099,-0.00000000,-0.23900659,-0.92300946,-0.29344454,0.42567864,0.02086990,0.02711627,-0.00000000
0.00828046,0.03371089,0.91906059,0.10598516,0.25356531,0.95999277,0.05371831,-0.85179859,-0.03174424,0.00594936,0.90566254,-0.34661084,0.00000000,-0.67164218,-0.22693858,0.10305196,0.72257602,-0.28750160,-0.00000000,0.22043775,0.15877554,0.52004385,0.04655471,0.56934440,0.08319013,-0.00798514,-0.03467581,-0.01152624,-0.00000000,-0.23270406,-0.96376687,-0.32811955,0.45771435,0.02109725,0.03006258,-0.00000000
0.00875635,0.02832524,0.91713345,0.11777767,0.22822241,0.96517533,0.04979516,-0.85942054,-0.04442005,0.00893260,0.89472038,-0.34849611,0.00000000,-0.68605161,-0.21887390,0.11166102,0.70069015,-0.28552210,-0.00000000,0.21646957,0.15525045,0.52002865,0.04995401,0.58233541,0.09352794,-0.01673573,-0.03516543,-0.01276213,-0.00000000,-0.22758752,-1.00683331,-0.36397251,0.48654580,0.02132777,0.03227367,-0.00000000
0.00784160,0.03692010,0.91577041,0.12557670,0.21053596,0.96837193,0.04648559,-0.86031163,-0.05035980,0.01227282,0.88383937,-0.35090601,0.00000000,-0.69531852,-0.21201475,0.11756472,0.67617911,-0.27902171,-0.00000000,0.20984554,0.14738593,0.52002490,0.04884909,0.59300709,0.10078179,-0.02805940,-0.03554415,-0.01413340,-0.00000000,-0.22085619,-1.04670835,-0.39716539,0.50940090,0.02130107,0.03344235,-0.00000000
0.00640951,0.04229007,0.91461122,0.13259396,0.19349055,0.97114307,0.04314474,-0.85900956,-0.05479980,0.01621841,0.87297100,-0.35343453,0.00000000,-0.70354623,-0.20459418,0.12201132,0.65074688,-0.27120221,-0.00000000,0.20169829,0.13814577,0.52002221,0.04594165,0.60276282,0.10680465,-0.04035514,-0.03587192,-0.01562887,-0.00000000,-0.21325672,-1.08502769,-0.42930329,0.53041595,0.02118283,0.03428668,0.00000000
0.00394276,0.04121024,0.91385978,0.13810363,0.17783000,0.97351050,0.03976388,-0.85332102,-0.05624031,0.02137475,0.86212760,-0.35620034,0.00000000,-0.70969540,-0.19605079,0.12354366,0.62347269,-0.26074418,-0.00000000,0.19050451,0.12615415,0.52002221,0.03942913,0.61068684,0.11036555,-0.05459505,-0.03609777,-0.01737276,-0.00000000,-0.20392098,-1.12023509,-0.45933118,0.54775083,0.02088149,0.03448233,0.00000000
0.00008017,0.04692386,0.91428304,0.14204238,0.15919696,0.97635901,0.03468943,-0.84320140,-0.05331413,0.02706450,0.85098428,-0.35924751,0.00000000,-0.71369046,-0.18676826,0.12267447,0.59511530,-0.24781518,-0.00000000,0.17431098,0.11052816,0.52002382,0.03038276,0.61622941,0.11101348,-0.07005376,-0.03620775,-0.01916213,-0.00000000,-0.19181713,-1.15203083,-0.48770139,0.56249017,0.02040250,0.03430668,0.00000000
-0.00448034,0.05603421,0.91529357,0.14515454,0.13903530,0.97916913,0.02875913,-0.83086592,-0.04820460,0.03302097,0.83969116,-0.36243525,0.00000000,-0.71660846,-0.17711623,0.12060447,0.56621623,-0.23365071,-0.00000000,0.15561768,0.09308495,0.52002656,0.02006946,0.62058151,0.11020488,-0.08612186,-0.03625982,-0.02097424,0.00000000,-0.17832929,-1.18212032,-0.51524282,0.57593167,0.01983467,0.03394539,0.00000000
-0.01036081,0.06443031,0.91867125,0.14800276,0.09737796,0.98400408,0.01867376,-0.80892748,-0.03612367,0.03901395,0.82885957,-0.36548758,0.00000000,-0.71714836,-0.16395800,0.11391216,0.53739953,-0.21676800,-0.00000000,0.12574628,0.06766502,0.52002001,0.00593144,0.62194687,0.10543796,-0.10386493,-0.03613324,-0.02302772,0.00000000,-0.16078323,-1.20848584,-0.54189885,0.58608198,0.01908648,0.03303547,0.00000000
-0.01577521,0.07051785,0.92315489,0.14903228,0.05974043,0.98698759,0.00871309,-0.78519982,-0.02255595,0.04493712,0.81793052,-0.36808860,0.00000000,-0.71621007,-0.15204747,0.10650760,0.51088488,-0.19937992,-0.00000000,0.09613240,0.04298387,0.52001745,-0.00696985,0.62252390,0.10040387,-0.12100365,-0.03597548,-0.02494281,0.00000000,-0.14148733,-1.23232138,-0.56772351,0.59581351,0.01826547,0.03214327,0.00000000
-0.02025746,0.07198826,0.92985052,0.14678924,0.03042614,0.98869932,-0.00094076,-0.75789410,-0.00601466,0.05072065,0.80680662,-0.36978698,0.00000000,-0.71231538,-0.14263247,0.09767862,0.48897433,-0.18098114,-0.00000000,0.06703354,0.01978028,0.52002245,-0.01739768,0.62152427,0.09483553,-0.13693359,-0.03575537,-0.02658112,0.00000000,-0.11869153,-1.25109673,-0.59188545,0.60470802,0.01729879,0.03128648,0.00000000
-0.02623385,0.08055165,0.93806213,0.13979277,-0.01113520,0.99007303,-0.00945129,-0.72403777,0.01225655,0.05663372,0.79681301,-0.37033027,0.00000000,-0.70594621,-0.13028468,0.08655085,0.47210228,-0.16272371,-0.00000000,0.03263433,-0.00490094,0.51900792,-0.02616154,0.61959648,0.08906497,-0.15191819,-0.03545731,-0.02811199,0.00000000,-0.09232590,-1.26665354,-0.61633104,0.61390322,0.01629074,0.03066573,0.00000000
-0.03295729,0.09266152,0.94703168,0.13018639,-0.05877504,0.98959351,-0.01736890,-0.68690592,0.03139272,0.06261156,0.78738451,-0.37029603,0.00000000,-0.69833964,-0.11647046,0.07427371,0.45774937,-0.14453691,-0.00000000,-0.00441503,-0.03032098,0.51748335,-0.03409342,0.61720467,0.08319327,-0.16643010,-0.03512026,-0.02958915,0.00000000,-0.06417532,-1.28060091,-0.64091861,0.62324882,0.01526201,0.03016301,0.00000000
-0.02845675,0.09397445,0.95699257,0.11917027,-0.13003615,0.98408359,-0.02164523,-0.64147186,0.05139576,0.06898700,0.77926576,-0.36817276,0.00000000,-0.68239629,-0.09814785,0.05977331,0.45416650,-0.12643625,-0.00000000,-0.04881145,-0.05741359,0.50488979,-0.03987249,0.61532849,0.07846201,-0.18011314,-0.03473512,-0.03108517,0.00000000,-0.03231122,-1.29236436,-0.66778392,0.63338929,0.01425729,0.03020314,0.00000000
-0.02358226,0.09799893,0.96625125,0.10766842,-0.19151264,0.97522229,-0.02592203,-0.59518588,0.06969962,0.07626619,0.77115488,-0.36553746,0.00000000,-0.66475886,-0.07889109,0.04490973,0.45326820,-0.10895775,-0.00000000,-0.09165638,-0.08266731,0.48958597,-0.04509425,0.61415035,0.07445906,-0.19345614,-0.03434565,-0.03261334,0.00000000,-0.00020160,-1.30324173,-0.69447100,0.64257789,0.01332517,0.03012781,0.00000000
-0.01795984,0.10744651,0.97410554,0.09610536,-0.23421447,0.96694690,-0.03034837,-0.54719645,0.08460512,0.08535286,0.76305962,-0.36187798,0.00000000,-0.64373285,-0.05776600,0.02931980,0.45773891,-0.09272369,-0.00000000,-0.13139832,-0.10424329,0.46886137,-0.04920139,0.61436784,0.07191271,-0.20611928,-0.03394753,-0.03420576,0.00000000,0.03239910,-1.31234741,-0.72080159,0.64986253,0.01253826,0.02982156,0.00000000
-0.01107498,0.11449540,0.98228139,0.08410022,-0.28397417,0.95460182,-0.03195687,-0.49526796,0.09580847,0.09596920,0.75601530,-0.35692626,0.00000000,-0.61954838,-0.03398712,0.01317640,0.46680021,-0.07777370,-0.00000000,-0.17269617,-0.12203692,0.44214028,-0.05451859,0.61776590,0.07182328,-0.21912514,-0.03356510,-0.03612233,0.00000000,0.06462584,-1.32086432,-0.74826014,0.65528381,0.01200747,0.02927797,0.00000000
-0.00355890,0.12034495,0.99061793,0.07172127,-0.33664507,0.93834764,-0.03209142,-0.44136992,0.10516075,0.10735036,0.74949640,-0.35132849,0.00000000,-0.59378469,-0.00888132,-0.00324373,0.47815689,-0.06346572,-0.00000000,-0.21477199,-0.13793938,0.41242081,-0.06044083,0.62275422,0.07296230,-0.23230240,-0.03319051,-0.03820097,0.00000000,0.09666559,-1.32908726,-0.77628243,0.65977353,0.01160474,0.02861571,0.00000000
0.00661392,0.12136544,0.99757737,0.06032229,-0.39647844,0.91538960,-0.03504244,-0.38630158,0.10843308,0.12182854,0.74386269,-0.34430677,0.00000000,-0.56446427,0.01564941,-0.01862098,0.49483156,-0.05159474,-0.00000000,-0.25600263,-0.14494704,0.37595597,-0.06628943,0.63378662,0.07922125,-0.24368419,-0.03293718,-0.04028429,0.00000000,0.12842362,-1.33426309,-0.80428177,0.66201884,0.01162569,0.02777960,0.00000000
0.01739246,0.12159125,1.00388181,0.04910748,-0.45107332,0.89035666,-0.03723354,-0.33278629,0.10916497,0.13736686,0.73803467,-0.33702490,0.00000000,-0.53502643,0.03918286,-0.03345949,0.51241183,-0.04084860,-0.00000000,-0.29491785,-0.14831479,0.34091163,-0.06997765,0.64702320,0.08805091,-0.25255060,-0.03278108,-0.04193826,0.00000000,0.15992562,-1.33780420,-0.83199602,0.66375774,0.01179539,0.02692065,0.00000000
0.02938245,0.12022769,1.00887585,0.03860893,-0.49708250,0.86600709,-0.03808009,-0.28237712,0.10481589,0.15502550,0.73181844,-0.32922259,0.00000000,-0.50535363,0.06072177,-0.04722051,0.53180325,-0.03235217,-0.00000000,-0.32920220,-0.14440268,0.30870861,-0.06934505,0.66466796,0.10202198,-0.25638628,-0.03281942,-0.04273355,0.00000000,0.19091552,-1.33807600,-0.85914040,0.66448379,0.01226257,0.02601600,0.00000000
0.03989700,0.11909796,1.01405334,0.02665363,-0.55859327,0.82816017,-0.03760275,-0.23577832,0.09718692,0.17411014,0.72524989,-0.32130188,0.00000000,-0.47601712,0.07845892,-0.05939093,0.55230832,-0.02614648,-0.00000000,-0.36222890,-0.13467140,0.27941692,-0.06351727,0.68562257,0.12063388,-0.25426799,-0.03306643,-0.04241417,0.00000000,0.22184099,-1.33380330,-0.88591969,0.66557884,0.01303386,0.02543983,0.00000000
0.04967382,0.11808515,1.01932251,0.01386255,-0.62503946,0.77962631,-0.03628248,-0.19108479,0.08791798,0.19390793,0.71850532,-0.31332201,0.00000000,-0.44684884,0.09429519,-0.07076605,0.57337040,-0.02108616,-0.00000000,-0.39462686,-0.12203057,0.25158098,-0.05509191,0.70823199,0.14156619,-0.24917261,-0.03341777,-0.04153744,0.00000000,0.25273421,-1.32725847,-0.91251659,0.66685843,0.01395720,0.02502789,0.00000000
0.05861934,0.10973001,1.02329493,0.01064192,-0.67061585,0.74081933,-0.03671410,-0.15743864,0.08103575,0.21371457,0.70893937,-0.30665290,0.00000000,-0.41994530,0.09843086,-0.07700351,0.59539127,-0.01953024,-0.00000000,-0.41674042,-0.10547040,0.23396920,-0.03931073,0.73269033,0.16792299,-0.23690066,-0.03409177,-0.03946994,0.00000000,0.28189155,-1.31602836,-0.93711835,0.66738796,0.01525300,0.02475103,0.00000000
0.06701797,0.10108253,1.02705896,-0.00796175,0.71773607,-0.69527239,0.03725240,-0.12676141,0.07458399,0.23355593,0.69906223,-0.30030578,0.00000000,-0.39317679,0.09894370,-0.08170176,0.61806589,-0.01895182,-0.00000000,-0.43767759,-0.08701401,0.21832687,-0.02231421,0.75734413,0.19529091,-0.22330193,-0.03485185,-0.03720251,0.00000000,0.31039464,-1.30288875,-0.96094912,0.66800886,0.01665940,0.02463279,0.00000000
0.07432283,0.09185040,1.03040612,-0.00639833,0.76905429,-0.63801628,0.03807600,-0.10202204,0.06899316,0.25346681,0.68856239,-0.29460263,0.00000000,-0.36667863,0.09221084,-0.08332163,0.64204818,-0.02032842,-0.00000000,-0.45626190,-0.06476521,0.20662346,-0.00288699,0.78238934,0.22468102,-0.20704971,-0.03578407,-0.03453522,0.00000000,0.33758923,-1.28592992,-0.98323715,0.66881275,0.01828700,0.02483182,0.00000000
0.08189038,0.08438651,1.03311288,-0.00667304,0.82410026,-0.56457365,0.04550631,-0.08242558,0.06274258,0.27394518,0.67888063,-0.28964138,0.00000000,-0.34270507,0.07946461,-0.08201647,0.66642755,-0.02356207,-0.00000000,-0.47342384,-0.03896962,0.19866617,0.01704396,0.80634236,0.25357521,-0.19038135,-0.03680930,-0.03190066,0.00000000,0.36247820,-1.26598752,-1.00318182,0.66945225,0.02007101,0.02527215,0.00000000
0.08958930,0.07780674,1.03549945,-0.00782360,0.87560880,-0.47970840,0.05592694,-0.06540056,0.05616214,0.29470733,0.66960806,-0.28505108,0.00000000,-0.31999376,0.06371170,-0.07924878,0.69100559,-0.02772425,-0.00000000,-0.48987454,-0.01140063,0.19258189,0.03722679,0.82974946,0.28222147,-0.17350490,-0.03788104,-0.02928245,0.00000000,0.38621426,-1.24455321,-1.02195466,0.67000932,0.02193324,0.02583313,0.00000000
0.09168184,0.07107201,1.03763795,-0.00496501,0.89899617,-0.43410653,0.05772950,-0.05435497,0.05096037,0.31420156,0.66254854,-0.28171277,0.00000000,-0.30891600,0.04353561,-0.07427020,0.71049631,-0.03415607,-0.00000000,-0.49750313,0.01065571,0.19476473,0.05473152,0.84856576,0.30570346,-0.15840009,-0.03890220,-0.02712328,0.00000000,0.40160093,-1.22942686,-1.03697300,0.66552764,0.02396275,0.02567134,0.00000000
0.09372915,0.06563700,1.03922582,-0.00149599,0.92118013,-0.38459650,0.05924947,-0.04543936,0.04606665,0.33332956,0.65649194,-0.27891713,0.00000000,-0.30031383,0.02178437,-0.06848107,0.72888541,-0.04117768,-0.00000000,-0.50384510,0.03175135,0.19847314,0.07073975,0.86584437,0.32709709,-0.14422286,-0.03987068,-0.02514698,0.00000000,0.41408867,-1.21578181,-1.05050945,0.65963769,0.02602520,0.02532335,0.00000000
0.09568601,0.06280144,1.03971267,0.00317177,0.94264257,-0.32829481,0.06031228,-0.04078374,0.04178900,0.35172516,0.65244085,-0.27720657,0.00000000,-0.29666266,-0.00311719,-0.06107087,0.74507123,-0.04937890,-0.00000000,-0.50761390,0.05092559,0.20523262,0.08375497,0.88004750,0.34431416,-0.13190076,-0.04073385,-0.02353643,0.00000000,0.42077860,-1.20509815,-1.06108248,0.65093142,0.02815356,0.02460294,0.00000000
0.09963227,0.06280948,1.03801095,0.00671803,0.95826870,-0.28005338,0.05697314,-0.04150780,0.03861649,0.36910880,0.64994657,-0.27703163,0.00000000,-0.29639989,-0.03255997,-0.05169221,0.75936407,-0.05863266,-0.00000000,-0.50668263,0.06907079,0.21600953,0.09416717,0.89080507,0.35694462,-0.12217052,-0.04139744,-0.02248622,0.00000000,0.42104355,-1.19691408,-1.06788492,0.63907611,0.03030747,0.02341250,0.00000000
0.10457324,0.06423932,1.03521502,0.00969351,0.97040129,-0.23576444,0.05140529,-0.04492169,0.03599654,0.38598633,0.64823061,-0.27762452,0.00000000,-0.29783136,-0.06427336,-0.04132932,0.77271026,-0.06841269,-0.00000000,-0.50340146,0.08670150,0.22879517,0.10327783,0.89984006,0.36728173,-0.11373618,-0.04196124,-0.02171619,0.00000000,0.41809604,-1.18997955,-1.07280219,0.62564611,0.03247416,0.02198702,0.00000000
0.10795806,0.06545483,1.02932549,0.01338685,0.98453480,-0.16602921,0.05428017,-0.05591406,0.03571850,0.40081453,0.64965105,-0.28078586,0.00000000,-0.30481800,-0.10209198,-0.02801898,0.78376418,-0.07995323,-0.00000000,-0.49699491,0.10304300,0.24490136,0.10787448,0.90294862,0.36986804,-0.10896140,-0.04212566,-0.02167015,0.00000000,0.40644595,-1.18493629,-1.07163000,0.60858697,0.03465173,0.02001119,0.00000000
0.11153601,0.06788457,1.02265346,0.01702320,0.99390024,-0.09348107,0.05598024,-0.06831028,0.03571183,0.41485235,0.65254927,-0.28476903,0.00000000,-0.31368476,-0.14097619,-0.01416439,0.79454541,-0.09193911,-0.00000000,-0.48901951,0.11925900,0.26185927,0.11102421,0.90380347,0.36984989,-0.10500593,-0.04214216,-0.02176684,0.00000000,0.39191419,-1.17997539,-1.06789732,0.59074223,0.03678076,0.01797293,0.00000000
0.11550022,0.07274275,1.01441669,0.02058473,0.99810684,-0.01647666,0.05556590,-0.08351424,0.03624789,0.42730954,0.65840298,-0.29039612,0.00000000,-0.32631195,-0.18199150,0.00077873,0.80478096,-0.10481577,-0.00000000,-0.47790661,0.13522390,0.28052074,0.11128014,0.90015101,0.36462277,-0.10268906,-0.04186278,-0.02214896,0.00000000,0.37161925,-1.17518020,-1.05904329,0.57132655,0.03881269,0.01580981,0.00000000
0.12027601,0.07683446,1.00576723,0.02500910,0.99731326,0.04440642,0.05262040,-0.09999371,0.03519475,0.43774009,0.66719264,-0.29679775,0.00000000,-0.34454030,-0.21951941,0.01472867,0.81446719,-0.11861671,-0.00000000,-0.46338925,0.14945610,0.30058876,0.10782950,0.89230889,0.35486588,-0.10148709,-0.04131798,-0.02270970,0.00000000,0.34661129,-1.17049098,-1.04492486,0.55076396,0.04066509,0.01353759,0.00000000
0.12545758,0.08054291,0.99691135,0.02984409,0.99365461,0.09704368,0.04839718,-0.11711091,0.03334701,0.44715717,0.67745030,-0.30358669,0.00000000,-0.36556926,-0.25530359,0.02818201,0.82387853,-0.13287982,-0.00000000,-0.44716957,0.16282196,0.32136023,0.10252556,0.88237238,0.34284410,-0.10084255,-0.04064048,-0.02335977,0.00000000,0.31924701,-1.16585457,-1.02817440,0.52962786,0.04242772,0.01121081,0.00000000
0.13064535,0.08571047,0.98747760,0.03369505,0.98618567,0.15553553,0.04594702,-0.13742284,0.03144427,0.45260671,0.68994969,-0.31132820,0.00000000,-0.39269012,-0.28705159,0.04092505,0.83400548,-0.14826742,-0.00000000,-0.42827392,0.17483218,0.34417966,0.09299822,0.86674380,0.32461646,-0.10026665,-0.03955055,-0.02388406,0.00000000,0.28771323,-1.15822840,-1.00296891,0.50867194,0.04382972,0.00921439,0.00000000
0.13595071,0.09104539,0.97856361,0.03879363,0.97579151,0.21077320,0.04359681,-0.15791352,0.02885491,0.45698163,0.70294255,-0.31912044,0.00000000,-0.42255419,-0.31582350,0.05281620,0.84387326,-0.16395086,-0.00000000,-0.40953839,0.18605132,0.36740080,0.08204903,0.84976274,0.30503303,-0.09945729,-0.03835820,-0.02432416,0.00000000,0.25568792,-1.14921427,-0.97556281,0.48839268,0.04509124,0.00743559,0.00000000
0.14149129,0.09671509,0.97068936,0.04651028,0.96359336,0.25998217,0.04164018,-0.17876171,0.02489231,0.45920748,0.71692246,-0.32701400,0.00000000,-0.45790485,-0.33864316,0.06300355,0.85322249,-0.18022607,-0.00000000,-0.39112324,0.19568825,0.39142537,0.06825612,0.83007646,0.28273812,-0.09818102,-0.03696104,-0.02459589,0.00000000,0.22267930,-1.13742292,-0.94375479,0.46946663,0.04607176,0.00609206,0.00000000
0.14720345,0.10174102,0.96401930,0.05454709,0.95149630,0.30023137,0.03924981,-0.19926874,0.01923420,0.45958421,0.73134381,-0.33479890,0.00000000,-0.49797612,-0.35410875,0.07105374,0.86202651,-0.19664063,-0.00000000,-0.37374479,0.20314378,0.41436976,0.05289866,0.80834943,0.25885901,-0.09582138,-0.03543439,-0.02461354,0.00000000,0.19066212,-1.12260306,-0.90868789,0.45272964,0.04677162,0.00533901,0.00000000
0.15300138,0.10644510,0.95795137,0.06271423,0.93911463,0.33584046,0.03663098,-0.21960527,0.01272835,0.45903632,0.74598587,-0.34252942,0.00000000,-0.54040766,-0.36589724,0.07803535,0.87055773,-0.21312480,-0.00000000,-0.35688463,0.20950860,0.43677390,0.03675896,0.78560179,0.23418793,-0.09292005,-0.03384300,-0.02450416,0.00000000,0.15914065,-1.10626864,-0.87199175,0.43708733,0.04733113,0.00488122,0.00000000
0.15781668,0.11215059,0.95266366,0.07071856,0.92293018,0.37659195,0.03711256,-0.24024279,0.00454192,0.45559227,0.76015139,-0.35009906,0.00000000,-0.58708727,-0.36963528,0.08292556,0.87848932,-0.22913828,-0.00000000,-0.34283373,0.21541777,0.45888516,0.01980554,0.76046938,0.20791145,-0.08804920,-0.03210721,-0.02394227,0.00000000,0.13107838,-1.08346653,-0.83110702,0.42648357,0.04744517,0.00571991,0.00000000
0.16237068,0.11803009,0.94727188,0.08118858,0.90465504,0.41653383,0.03882373,-0.26057500,-0.00328884,0.45113885,0.77369601,-0.35746899,0.00000000,-0.63449597,-0.37159911,0.08749478,0.88573349,-0.24463286,-0.00000000,-0.32989931,0.22140424,0.48011792,0.00258443,0.73535603,0.18200864,-0.08283861,-0.03036800,-0.02335118,0.00000000,0.10424858,-1.05937290,-0.79002792,0.41741568,0.04744365,0.00694114,0.00000000
0.16640207,0.12425756,0.94167185,0.09669687,0.88393897,0.45546412,0.04305839,-0.28029656,-0.01040827,0.44466689,0.78599882,-0.36443985,0.00000000,-0.68336290,-0.37001485,0.09142198,0.89160252,-0.25908968,-0.00000000,-0.31919762,0.22754511,0.49959382,-0.01517205,0.71028060,0.15685321,-0.07694853,-0.02862194,-0.02270167,0.00000000,0.07988378,-1.03269565,-0.74856013,0.41141969,0.04721102,0.00892745,0.00000000
0.17007279,0.12819827,0.93845618,0.10810610,0.86659759,0.48512998,0.04439158,-0.29979432,-0.01598095,0.43783921,0.79580557,-0.37081414,0.00000000,-0.72788030,-0.36493248,0.09451851,0.89615798,-0.27148619,-0.00000000,-0.30958444,0.23033482,0.51165456,-0.03231927,0.68684530,0.13455082,-0.07020369,-0.02700141,-0.02194327,0.00000000,0.05721924,-1.00843620,-0.71051246,0.40591842,0.04689023,0.01095447,0.00000000
0.17356317,0.13099559,0.93643266,0.11744724,0.85090637,0.51010269,0.04426959,-0.31918007,-0.02078025,0.43083367,0.80436414,-0.37689018,0.00000000,-0.77022290,-0.35810101,0.09719970,0.90005654,-0.28285256,-0.00000000,-0.30051553,0.23144896,0.52000749,-0.04916186,0.66423005,0.11367489,-0.06303145,-0.02544364,-0.02113041,0.00000000,0.03540483,-0.98538560,-0.67417473,0.40066457,0.04652535,0.01300183,0.00000000
0.17736377,0.13490301,0.93435276,0.12940545,0.83563012,0.53186858,0.04574171,-0.33873931,-0.02343536,0.42324531,0.80933487,-0.38171974,0.00000000,-0.80502808,-0.34867129,0.09907530,0.90083379,-0.29093146,-0.00000000,-0.29351312,0.23049664,0.52002847,-0.06573157,0.64497960,0.09746561,-0.05512453,-0.02409844,-0.02026760,0.00000000,0.01519901,-0.96619952,-0.64322186,0.39494398,0.04607353,0.01496630,0.00000000
0.18068539,0.13846104,0.93319690,0.13989407,0.82102442,0.55154651,0.04631394,-0.35793322,-0.02518112,0.41587090,0.81293124,-0.38614118,0.00000000,-0.83622545,-0.33808914,0.10052181,0.90044254,-0.29772398,-0.00000000,-0.28698474,0.22786301,0.52004266,-0.08227767,0.62711173,0.08298442,-0.04709637,-0.02284521,-0.01939068,0.00000000,-0.00500126,-0.94931519,-0.61449510,0.38807163,0.04564079,0.01664907,0.00000000
0.18304902,0.14132023,0.93388903,0.14758092,0.80869216,0.56762630,0.04513664,-0.37639627,-0.02510818,0.40892467,0.81377947,-0.38974646,0.00000000,-0.86020750,-0.32520214,0.10111022,0.89771432,-0.30194396,-0.00000000,-0.28140408,0.22186671,0.52004361,-0.09877657,0.61200893,0.07195941,-0.03882571,-0.02177597,-0.01848556,-0.00000000,-0.02519042,-0.93703389,-0.59022039,0.37889561,0.04524618,0.01776847,0.00000000
0.18400820,0.14458391,0.93578118,0.15323675,0.79802281,0.58125532,0.04266533,-0.39363453,-0.02353936,0.40144730,0.81256664,-0.39259726,0.00000000,-0.87640810,-0.31143403,0.10049365,0.89280373,-0.30404195,-0.00000000,-0.27706769,0.21349758,0.52004319,-0.11545356,0.59942305,0.06369825,-0.03030348,-0.02084506,-0.01751521,-0.00000000,-0.04562891,-0.92850345,-0.56926376,0.36663303,0.04485768,0.01824039,0.00000000
0.18426512,0.14804985,0.93827331,0.15786389,0.78812534,0.59361070,0.03954419,-0.41026029,-0.02122261,0.39370444,0.81032330,-0.39507064,0.00000000,-0.88871789,-0.29722536,0.09927461,0.88680202,-0.30507898,-0.00000000,-0.27335334,0.20394205,0.52004218,-0.13221961,0.58809578,0.05681903,-0.02165545,-0.01998333,-0.01651225,-0.00000000,-0.06619206,-0.92184842,-0.54996628,0.35282728,0.04447222,0.01838856,0.00000000
0.18424998,0.14972325,0.94244933,0.15896121,0.77991444,0.60417223,0.03795734,-0.42333311,-0.01582890,0.38645765,0.80483305,-0.39705282,0.00000000,-0.89040983,-0.28144875,0.09749839,0.87756556,-0.30293456,-0.00000000,-0.27042487,0.19096217,0.52003914,-0.14985386,0.57925075,0.05253834,-0.01346978,-0.01934059,-0.01550440,-0.00000000,-0.08839374,-0.91985047,-0.53414941,0.33361059,0.04407072,0.01739838,0.00000000
0.18360621,0.15214236,0.94726890,0.15872775,0.77232397,0.61404216,0.03568669,-0.43564293,-0.01015727,0.37883830,0.79878038,-0.39884388,0.00000000,-0.88881481,-0.26581767,0.09493945,0.86745977,-0.30016580,-0.00000000,-0.26827210,0.17714706,0.52003324,-0.16797240,0.57079089,0.04851492,-0.00534905,-0.01873593,-0.01446708,-0.00000000,-0.11091948,-0.91869938,-0.51880693,0.31258568,0.04362883,0.01606584,0.00000000
0.18170516,0.15605286,0.95337570,0.15586688,0.76614314,0.62265766,0.03205699,-0.44642690,-0.00392980,0.37047401,0.79160285,-0.40025264,0.00000000,-0.88064545,-0.25047785,0.09081499,0.85561502,-0.29614872,-0.00000000,-0.26767057,0.16166158,0.52002162,-0.18705949,0.56310117,0.04500608,0.00264178,-0.01820743,-0.01337084,-0.00000000,-0.13409337,-0.91924214,-0.50441277,0.28794447,0.04310618,0.01404861,0.00000000
0.18190336,0.15845799,0.95851713,0.15409172,0.76076782,0.62975341,0.02997920,-0.45497471,0.00158381,0.36409691,0.78421271,-0.40186125,0.00000000,-0.87160313,-0.23560260,0.08733851,0.84187710,-0.29088017,-0.00000000,-0.26637033,0.14831810,0.52001679,-0.20692210,0.55492139,0.04100265,0.01022274,-0.01775791,-0.01223274,-0.00000000,-0.15715872,-0.91791201,-0.48828766,0.26192698,0.04243887,0.01192237,0.00000000
0.18315117,0.16011044,0.96317601,0.15285768,0.75578630,0.63608116,0.02867715,-0.46240428,0.00674048,0.35871342,0.77671653,-0.40356997,0.00000000,-0.86212444,-0.22095968,0.08418596,0.82719254,-0.28498584,-0.00000000,-0.26472068,0.13604566,0.52001554,-0.22717254,0.54649663,0.03675194,0.01759876,-0.01734790,-0.01107372,-0.00000000,-0.18016973,-0.91564536,-0.47129706,0.23522137,0.04169924,0.00974163,0.00000000
0.18387714,0.16070968,0.96748912,0.15128860,0.75082499,0.64235622,0.02742459,-0.46860719,0.00972184,0.35266834,0.76827008,-0.40515867,0.00000000,-0.85046470,-0.20898868,0.07909941,0.80822730,-0.27819476,-0.00000000,-0.26511374,0.12608168,0.52001601,-0.25092211,0.53643823,0.03056553,0.02398392,-0.01700082,-0.00983671,-0.00000000,-0.20399392,-0.91079408,-0.45157188,0.20546085,0.04078135,0.00730856,0.00000000
0.18416131,0.16129921,0.97176665,0.14956716,0.74627519,0.64810443,0.02576145,-0.47391990,0.01293007,0.34744492,0.75974751,-0.40668905,0.00000000,-0.83867496,-0.19678217,0.07420719,0.78904545,-0.27092773,-0.00000000,-0.26496550,0.11594628,0.52001643,-0.27576485,0.52549434,0.02356474,0.02991421,-0.01666692,-0.00863119,-0.00000000,-0.22804581,-0.90484190,-0.43043911,0.17476594,0.03978117,0.00466850,0.00000000
0.18356185,0.16186929,0.97597295,0.14755361,0.74261057,0.65285188,0.02327947,-0.47745210,0.01659207,0.34386501,0.75107247,-0.40810275,0.00000000,-0.82662535,-0.18410470,0.06970369,0.76943052,-0.26270884,-0.00000000,-0.26373449,0.10546824,0.52001661,-0.30279395,0.51277947,0.01493518,0.03493476,-0.01635937,-0.00748865,-0.00000000,-0.25255322,-0.89668852,-0.40649140,0.14220215,0.03861636,0.00161445,0.00000000
0.18292461,0.16252641,0.98022932,0.14429513,0.73890084,0.65787071,0.02026413,-0.47938985,0.01995462,0.33886263,0.74177170,-0.40944821,0.00000000,-0.81198329,-0.17206901,0.06304453,0.74814278,-0.25429970,-0.00000000,-0.26450112,0.09453732,0.52001595,-0.33255404,0.49783134,0.00410608,0.03883030,-0.01609639,-0.00633312,-0.00000000,-0.27805826,-0.88700914,-0.38053766,0.10726184,0.03738017,-0.00180876,0.00000000
0.18226850,0.16322707,0.98451072,0.14040852,0.73513919,0.66299880,0.01698137,-0.48053053,0.02316745,0.33314908,0.73215824,-0.41075960,0.00000000,-0.79604489,-0.16035426,0.05530753,0.72601843,-0.24579537,-0.00000000,-0.26626649,0.08337997,0.52001458,-0.36367962,0.48176655,-0.00782278,0.04216333,-0.01585569,-0.00517110,-0.00000000,-0.30406207,-0.87656695,-0.35358104,0.07113326,0.03610828,-0.00541654,0.00000000
0.18064578,0.16511348,0.98862964,0.13608021,0.73160148,0.66788459,0.01310122,-0.47583914,0.02808271,0.32880777,0.72329909,-0.41216037,0.00000000,-0.77871382,-0.14778019,0.04817525,0.70444697,-0.23643011,-0.00000000,-0.26769751,0.07100386,0.52001357,-0.39886948,0.46302992,-0.02200937,0.04289664,-0.01570287,-0.00435195,-0.00000000,-0.33034429,-0.86374283,-0.32348323,0.03289086,0.03473650,-0.00974980,0.00000000
0.17694615,0.16780810,0.99302369,0.13114564,0.72727722,0.67364508,0.00842196,-0.46974549,0.03325133,0.32360443,0.71484327,-0.41346809,0.00000000,-0.76101327,-0.13580060,0.04023097,0.68277675,-0.22709063,-0.00000000,-0.26979312,0.05847556,0.51924199,-0.43454298,0.44363305,-0.03681064,0.04298143,-0.01559914,-0.00358698,-0.00000000,-0.35652068,-0.85052234,-0.29298362,-0.00570966,0.03338328,-0.01417368,0.00000000
0.16909276,0.17211914,0.99796838,0.12499999,0.72138411,0.68115735,0.00214526,-0.46084726,0.03892668,0.31667683,0.70719373,-0.41458973,0.00000000,-0.74257404,-0.12500985,0.03066265,0.66090876,-0.21780263,-0.00000000,-0.27321827,0.04564284,0.51692897,-0.47118375,0.42291564,-0.05284125,0.04176914,-0.01559356,-0.00293038,-0.00000000,-0.38248551,-0.83650941,-0.26168072,-0.04502639,0.03206715,-0.01877878,0.00000000
0.16508387,0.17180002,1.00179565,0.11891753,0.71707273,0.68677866,-0.00066730,-0.44956568,0.04438316,0.31124681,0.69945598,-0.41604516,0.00000000,-0.72428054,-0.11532898,0.02232317,0.63917774,-0.20828781,-0.00000000,-0.27647483,0.03404849,0.51269901,-0.50738847,0.40352514,-0.06741523,0.03924885,-0.01575079,-0.00243236,-0.00000000,-0.40719694,-0.82358110,-0.23244902,-0.08217596,0.03086934,-0.02316234,0.00000000
0.16299726,0.16916583,1.00506425,0.11286667,0.71354967,0.69145131,-0.00174756,-0.43709245,0.04973021,0.30656558,0.69167382,-0.41766754,0.00000000,-0.70605999,-0.10620303,0.01459811,0.61751544,-0.19865952,-0.00000000,-0.27964723,0.02307332,0.50751048,-0.54337525,0.38479805,-0.08126088,0.03607456,-0.01598943,-0.00201364,-0.00000000,-0.43128186,-0.81119472,-0.20425308,-0.11824194,0.02973069,-0.02743511,0.00000000
0.15819740,0.16792940,1.00902557,0.10577579,0.70998746,0.69622082,-0.00241585,-0.42102820,0.05449080,0.30048278,0.68510723,-0.41886300,0.00000000,-0.68710959,-0.09916658,0.00561525,0.59741402,-0.18921794,-0.00000000,-0.28168181,0.01403849,0.49328089,-0.57643670,0.36930919,-0.09166596,0.03103913,-0.01653268,-0.00197271,-0.00000000,-0.45317823,-0.80130541,-0.18095683,-0.14961842,0.02886616,-0.03089960,0.00000000
0.15378216,0.16823235,1.01270974,0.09904210,0.70663518,0.70060378,-0.00342779,-0.40404242,0.05872940,0.29504165,0.67881066,-0.42019472,0.00000000,-0.66776228,-0.09265200,-0.00296928,0.57815790,-0.18002772,-0.00000000,-0.28363958,0.00581671,0.47840479,-0.60810709,0.35525817,-0.10060640,0.02545095,-0.01717706,-0.00205604,0.00000000,-0.47368380,-0.79259121,-0.16013303,-0.17841189,0.02810217,-0.03402185,0.00000000
0.15013613,0.17161410,1.01583958,0.09303417,0.70377618,0.70428509,-0.00512724,-0.38521373,0.06192404,0.29088381,0.67305481,-0.42179888,0.00000000,-0.64762110,-0.08718105,-0.01075717,0.56059271,-0.17134035,-0.00000000,-0.28544337,-0.00077902,0.46223566,-0.63699514,0.34408307,-0.10661749,0.01875727,-0.01802366,-0.00238787,0.00000000,-0.49140784,-0.78622752,-0.14425415,-0.20203933,0.02753928,-0.03645964,0.00000000
0.14688385,0.17245705,1.01789820,0.08680735,0.70159423,0.70725018,-0.00521741,-0.36416835,0.06422637,0.28668958,0.66801637,-0.42346010,0.00000000,-0.62718982,-0.08253967,-0.01901725,0.54461831,-0.16305345,-0.00000000,-0.28594142,-0.00500743,0.44459143,-0.66238415,0.33679023,-0.10843615,0.01084710,-0.01909524,-0.00310918,0.00000000,-0.50598240,-0.78216380,-0.13395244,-0.21929137,0.02722724,-0.03777966,0.00000000
0.14382844,0.17203060,1.01942122,0.08046934,0.69973552,0.70984125,-0.00450284,-0.34201461,0.06608254,0.28247720,0.66333681,-0.42514980,0.00000000,-0.60661340,-0.07831303,-0.02751344,0.52943927,-0.15496691,-0.00000000,-0.28578660,-0.00805218,0.42620972,-0.68602359,0.33143869,-0.10815858,0.00232869,-0.02027930,-0.00402523,0.00000000,-0.51898217,-0.77925026,-0.12643920,-0.23335572,0.02704063,-0.03854079,0.00000000
0.13691425,0.18288295,1.02281237,0.07338540,0.69771743,0.71256626,-0.00737151,-0.31903854,0.06673992,0.27918631,0.66021323,-0.42674935,0.00000000,-0.58388716,-0.07624325,-0.03514964,0.51820832,-0.14763273,-0.00000000,-0.28557792,-0.00892454,0.40399194,-0.70553130,0.33163619,-0.10170750,-0.00804352,-0.02170890,-0.00560761,0.00000000,-0.52675444,-0.78044385,-0.12817913,-0.23814866,0.02719806,-0.03812176,0.00000000
0.13108155,0.18930361,1.02522969,0.06637194,0.69623446,0.71469206,-0.00822083,-0.29676172,0.06699128,0.27621517,0.65684927,-0.42849445,0.00000000,-0.56220824,-0.07501855,-0.04258613,0.50738096,-0.14033815,-0.00000000,-0.28445277,-0.00892882,0.38360694,-0.72204423,0.33391654,-0.09291501,-0.01809559,-0.02323260,-0.00720593,0.00000000,-0.53222144,-0.78252792,-0.13270137,-0.23910074,0.02749864,-0.03699205,0.00000000
0.12741177,0.18686087,1.02569950,0.05950565,0.69587624,0.71567458,-0.00503195,-0.27588347,0.06643063,0.27388355,0.65300471,-0.43053082,0.00000000,-0.54262459,-0.07548406,-0.04962319,0.49736086,-0.13312288,-0.00000000,-0.28149456,-0.00719694,0.36688733,-0.73256773,0.34036267,-0.07943968,-0.02750735,-0.02494450,-0.00883613,0.00000000,-0.53307772,-0.78639328,-0.14278817,-0.23237124,0.02808549,-0.03444093,0.00000000
0.12287061,0.18316437,1.02651215,0.05153459,0.69576108,0.71642143,-0.00102893,-0.25679621,0.06495159,0.27197039,0.64970309,-0.43237042,0.00000000,-0.52448606,-0.07782902,-0.05591834,0.48844922,-0.12603390,-0.00000000,-0.27813146,-0.00420277,0.35096294,-0.73844713,0.35047093,-0.06176786,-0.03607024,-0.02676046,-0.01048889,0.00000000,-0.53048933,-0.79249913,-0.15854833,-0.21963398,0.02893798,-0.03094449,0.00000000
0.11789375,0.17884099,1.02749622,0.04300841,0.69572753,0.71700913,0.00338109,-0.23860438,0.06301339,0.27026650,0.64667314,-0.43411154,0.00000000,-0.50707006,-0.08111370,-0.06184253,0.48009181,-0.11900809,0.00000000,-0.27456591,-0.00057745,0.33543625,-0.74200433,0.36241037,-0.04199781,-0.04420870,-0.02862845,-0.01215293,0.00000000,-0.52617860,-0.79972506,-0.17714511,-0.20389278,0.02992329,-0.02697539,0.00000000
0.11694338,0.17011975,1.02778959,0.03508449,0.69691724,0.71620440,0.01125697,-0.22336999,0.06105512,0.26909125,0.64370948,-0.43591371,0.00000000,-0.49220636,-0.08604590,-0.06683531,0.47412267,-0.11205313,0.00000000,-0.26997507,0.00269125,0.32470453,-0.73568684,0.37759954,-0.01863321,-0.04858341,-0.03056372,-0.01321607,0.00000000,-0.51717097,-0.80861759,-0.20070700,-0.18163496,0.03121321,-0.02187459,0.00000000
0.11505684,0.16026236,1.02761149,0.02669656,0.69882751,0.71454656,0.01872771,-0.20938918,0.05918863,0.26796487,0.64053315,-0.43774581,0.00000000,-0.47842363,-0.09112666,-0.07144394,0.46825954,-0.10523654,0.00000000,-0.26473817,0.00557899,0.31609973,-0.72672957,0.39271218,0.00435487,-0.05141533,-0.03244128,-0.01394838,0.00000000,-0.50834465,-0.81783390,-0.22432633,-0.15975337,0.03253559,-0.01694869,0.00000000
0.11129797,0.14813270,1.02649021,0.01738569,0.70225406,0.71126121,0.02538829,-0.19791538,0.05750565,0.26693639,0.63693154,-0.43963775,0.00000000,-0.46680298,-0.09650451,-0.07528426,0.46260858,-0.09869661,0.00000000,-0.25820899,0.00770484,0.31174845,-0.71249282,0.40767154,0.02658991,-0.05116166,-0.03420344,-0.01401902,0.00000000,-0.49988058,-0.82769722,-0.24806054,-0.13862431,0.03392290,-0.01237258,0.00000000
0.10725182,0.13845456,1.02574563,0.00920830,0.70332396,0.71016258,0.03032712,-0.18914549,0.05679817,0.26559150,0.63422966,-0.44115314,0.00000000,-0.45726755,-0.10210590,-0.07868320,0.45926517,-0.09291510,0.00000000,-0.25418475,0.00792508,0.31008869,-0.69454896,0.41991267,0.04477699,-0.04841356,-0.03568772,-0.01356942,0.00000000,-0.49092513,-0.83638573,-0.26921129,-0.11975142,0.03516714,-0.00850722,0.00000000
0.10306202,0.13000219,1.02518928,0.00159813,0.70320779,0.71014965,0.03440437,-0.18172762,0.05657842,0.26408851,0.63197762,-0.44248044,0.00000000,-0.44877484,-0.10781907,-0.08186148,0.45707551,-0.08751279,0.00000000,-0.25141287,0.00719251,0.30977464,-0.67475146,0.43079484,0.06094010,-0.04441825,-0.03703304,-0.01285970,0.00000000,-0.48172396,-0.84448647,-0.28907031,-0.10200667,0.03633982,-0.00499724,0.00000000
0.10040096,0.12043386,1.02443731,-0.00617810,0.70641255,0.70678979,0.03730175,-0.17758110,0.05756406,0.26275066,0.62900782,-0.44383207,0.00000000,-0.44385102,-0.11153746,-0.08400011,0.45453623,-0.08339161,0.00000000,-0.24454533,0.00491862,0.31318831,-0.65337032,0.43826339,0.07186319,-0.03824815,-0.03804311,-0.01155398,0.00000000,-0.47697446,-0.85109657,-0.30361441,-0.09051614,0.03729711,-0.00271916,0.00000000
0.09813870,0.11206435,1.02378917,-0.01298951,0.70923477,0.70375973,0.03923767,-0.17479421,0.05869196,0.26134726,0.62645167,-0.44486871,0.00000000,-0.43967772,-0.11526707,-0.08568456,0.45278251,-0.07978828,0.00000000,-0.23960216,0.00245577,0.31669897,-0.63399303,0.44408244,0.08035646,-0.03247999,-0.03888734,-0.01030782,0.00000000,-0.47265977,-0.85671973,-0.31595993,-0.08085324,0.03813781,-0.00082319,0.00000000
0.09667403,0.10609247,1.02334881,-0.01787178,0.71138251,0.70148021,0.03925541,-0.17472643,0.06010433,0.25981289,0.62472314,-0.44527519,0.00000000,-0.43700513,-0.11901911,-0.08646067,0.45259994,-0.07722055,0.00000000,-0.23850781,-0.00038500,0.32040322,-0.61862308,0.44660267,0.08399018,-0.02751571,-0.03939987,-0.00918078,0.00000000,-0.46921515,-0.86036867,-0.32390836,-0.07484556,0.03874527,0.00030858,0.00000000
0.09864847,0.11339881,1.02894747,-0.03975203,0.69389343,0.71618718,0.06330566,-0.02698372,0.05463434,0.28734347,0.50502276,-0.40527508,0.00000002,-0.32274106,-0.13054754,-0.15472265,0.38330236,-0.03052001,-0.00000001,-0.17815091,-0.00716115,0.34729677,-0.32933950,0.52669197,0.05836800,0.01490776,-0.30520344,-0.00927073,-0.00000001,-0.37926933,-0.88539696,-0.46222162,-0.01733781,0.30934542,0.00115714,-0.00000000
0.10234246,0.12734425,1.03756583,-0.07000542,0.66457492,0.73729479,0.09917590,0.19459645,0.04572320,0.32940668,0.32633665,-0.34507155,0.00000006,-0.15268117,-0.14596421,-0.25672755,0.27944717,0.03824696,-0.00000003,-0.08816275,-0.01590499,0.38578495,0.09690078,0.64556575,0.01811788,0.07606082,-0.70365250,-0.00996918,-0.00000001,-0.24607311,-0.92111474,-0.66571736,0.06591998,0.71494186,0.00186410,-0.00000000
0.10096750,0.12370305,1.03846848,-0.07396378,0.66906774,0.73312199,0.09700453,0.19268008,0.05058853,0.32833570,0.32464305,-0.34455395,0.00000006,-0.14824986,-0.14852878,-0.25647292,0.28064784,0.03717342,-0.00000003,-0.08382729,-0.01878610,0.38673311,0.11116353,0.64455521,0.01753647,0.08584087,-0.70367515,-0.00825561,-0.00000001,-0.24579561,-0.92221922,-0.67060685,0.06647951,0.71497548,0.00123881,-0.00000000
0.10087588,0.11967590,1.03930616,-0.07762504,0.67354578,0.72882271,0.09554008,0.19073962,0.05589353,0.32721436,0.32282376,-0.34385291,0.00000006,-0.14280427,-0.15133847,-0.25615713,0.28221416,0.03583850,-0.00000003,-0.07920790,-0.02157861,0.38740915,0.12754993,0.64359576,0.01745063,0.09721822,-0.70374316,-0.00637570,-0.00000001,-0.24509770,-0.92315680,-0.67657322,0.06740320,0.71499699,0.00051470,-0.00000000
0.10335097,0.11487691,1.04001391,-0.08069663,0.67803657,0.72431701,0.09549575,0.18875094,0.06207788,0.32599220,0.32075295,-0.34278482,0.00000006,-0.13533013,-0.15463839,-0.25571918,0.28451157,0.03398081,-0.00000003,-0.07402062,-0.02419391,0.38754103,0.14818369,0.64273816,0.01835595,0.11179020,-0.70390224,-0.00416308,-0.00000001,-0.24355921,-0.92376071,-0.68469381,0.06905522,0.71499497,-0.00040705,-0.00000000
0.10429388,0.11327185,1.04082274,-0.08244015,0.68139476,0.72102833,0.09498967,0.18761711,0.06704070,0.32521966,0.31910884,-0.34139538,0.00000006,-0.12685814,-0.15753733,-0.25519091,0.28739545,0.03175730,-0.00000003,-0.07002511,-0.02512133,0.38665861,0.16883823,0.64253795,0.02103816,0.12681505,-0.70416975,-0.00221008,-0.00000001,-0.24069065,-0.92304546,-0.69382250,0.07141355,0.71492589,-0.00139818,-0.00000000
0.10447069,0.11326377,1.04168212,-0.08351982,0.68418837,0.71835017,0.09425300,0.18691070,0.07139273,0.32467204,0.31767818,-0.33984524,0.00000006,-0.11788724,-0.16023572,-0.25461760,0.29057243,0.02935089,-0.00000003,-0.06662548,-0.02520481,0.38526911,0.18950318,0.64266658,0.02460882,0.14206633,-0.70449150,-0.00038689,-0.00000001,-0.23715702,-0.92167062,-0.70345521,0.07412502,0.71482325,-0.00242400,-0.00000000
0.10622187,0.11425405,1.04224515,-0.08353379,0.68723160,0.71547675,0.09395640,0.18703541,0.07435191,0.32482535,0.31672737,-0.33788639,0.00000006,-0.10801462,-0.16265477,-0.25386095,0.29434845,0.02664453,-0.00000003,-0.06475303,-0.02293849,0.38272148,0.20870368,0.64380473,0.03088888,0.15710923,-0.70496941,0.00097157,-0.00000001,-0.23167314,-0.91826010,-0.71378022,0.07781713,0.71455580,-0.00347636,-0.00000000
0.10728332,0.11565350,1.04274333,-0.08350535,0.68997997,0.71285450,0.09377012,0.18756694,0.07665337,0.32529020,0.31606463,-0.33581412,0.00000006,-0.09834068,-0.16473468,-0.25313380,0.29810321,0.02385887,-0.00000003,-0.06370075,-0.02008747,0.37994441,0.22683993,0.64520180,0.03787131,0.17173460,-0.70547736,0.00216854,-0.00000001,-0.22557484,-0.91425169,-0.72410113,0.08178028,0.71419984,-0.00452573,-0.00000000
0.10696533,0.11787132,1.04311192,-0.08339410,0.69215465,0.71075147,0.09380663,0.18891227,0.07763937,0.32637808,0.31597784,-0.33351514,0.00000006,-0.08906410,-0.16613625,-0.25246572,0.30181539,0.02091459,-0.00000003,-0.06428882,-0.01606706,0.37670848,0.24284759,0.64711660,0.04625849,0.18552493,-0.70604509,0.00304253,-0.00000001,-0.21824783,-0.90904790,-0.73441327,0.08628552,0.71366709,-0.00556909,-0.00000000
0.10748557,0.12053583,1.04326522,-0.08265746,0.69367027,0.70931494,0.09413607,0.19059892,0.07786366,0.32803327,0.31631377,-0.33097738,0.00000006,-0.08038356,-0.16737625,-0.25183153,0.30529574,0.01788961,-0.00000003,-0.06626935,-0.01088927,0.37350219,0.25665048,0.64959824,0.05591564,0.19848278,-0.70666313,0.00365738,-0.00000001,-0.20981628,-0.90292037,-0.74453980,0.09143080,0.71293074,-0.00657598,-0.00000000
0.10842493,0.12342369,1.04331076,-0.08160812,0.69485635,0.70821142,0.09461196,0.19245620,0.07770710,0.32997215,0.31686112,-0.32832032,0.00000006,-0.07200105,-0.16853547,-0.25121436,0.30866021,0.01482429,-0.00000003,-0.06894609,-0.00513277,0.37031066,0.26935089,0.65236324,0.06620782,0.21102443,-0.70730639,0.00414267,-0.00000001,-0.20083244,-0.89633089,-0.75457346,0.09689609,0.71209282,-0.00756462,-0.00000000
0.10895079,0.12859853,1.04305482,-0.07923574,0.69697589,0.70639938,0.09458482,0.19400544,0.07665148,0.33282593,0.31797647,-0.32526112,0.00000006,-0.06485677,-0.17002000,-0.25073558,0.31135166,0.01168640,-0.00000003,-0.07296275,0.00258948,0.36813858,0.27889168,0.65625632,0.07832221,0.22263829,-0.70799607,0.00436452,-0.00000001,-0.19048873,-0.88911033,-0.76394832,0.10379021,0.71088183,-0.00833889,-0.00000000
0.10988661,0.13306814,1.04267955,-0.07682875,0.69876504,0.70486480,0.09481779,0.19523771,0.07554312,0.33597577,0.31926283,-0.32203907,0.00000006,-0.05827573,-0.17164563,-0.25038880,0.31365070,0.00852854,-0.00000003,-0.07735410,0.01055886,0.36643878,0.28747904,0.66062438,0.09088989,0.23412532,-0.70866954,0.00457852,-0.00000001,-0.17998520,-0.88243383,-0.77320194,0.11130857,0.70952708,-0.00901148,-0.00000000
0.11164238,0.13612734,1.04206562,-0.07435393,0.69990504,0.70389652,0.09557254,0.19583589,0.07432938,0.33971795,0.32089114,-0.31849122,0.00000006,-0.05282112,-0.17355347,-0.25030604,0.31516477,0.00533074,-0.00000003,-0.08249482,0.01902252,0.36568347,0.29415920,0.66594261,0.10436410,0.24535856,-0.70931059,0.00477682,-0.00000001,-0.16916209,-0.87684572,-0.78221375,0.12007546,0.70788538,-0.00948074,-0.00000000
0.11285099,0.14027882,1.04173017,-0.07150053,0.70091271,0.70317465,0.09567828,0.19567937,0.07324573,0.34412721,0.32305166,-0.31457826,0.00000006,-0.04829428,-0.17501897,-0.25079885,0.31579277,0.00210968,-0.00000003,-0.08797348,0.02633842,0.36542758,0.29898030,0.67261481,0.11856579,0.25667477,-0.70984679,0.00509931,-0.00000001,-0.15924588,-0.87497878,-0.79151487,0.13038626,0.70590717,-0.00971838,-0.00000000
0.11378604,0.14497644,1.04153395,-0.06845748,0.70185047,0.70257181,0.09545899,0.19514544,0.07222713,0.34886992,0.32547823,-0.31048286,0.00000006,-0.04423134,-0.17626321,-0.25157955,0.31597778,-0.00112302,-0.00000003,-0.09362111,0.03308044,0.36542141,0.30287179,0.67996418,0.13313125,0.26803246,-0.71033096,0.00548391,-0.00000001,-0.14978313,-0.87497252,-0.80096066,0.14146906,0.70376086,-0.00984022,-0.00000000
0.11443807,0.14800151,1.04139423,-0.06581971,0.70395494,0.70073229,0.09533887,0.19273153,0.07186797,0.35464904,0.32862699,-0.30580747,0.00000006,-0.04117519,-0.17730150,-0.25335702,0.31485382,-0.00427831,-0.00000003,-0.09878181,0.03763285,0.36598167,0.30399236,0.69016349,0.14891970,0.27978203,-0.71062404,0.00614871,-0.00000001,-0.14296992,-0.88305074,-0.81103557,0.15574093,0.70111465,-0.00938524,-0.00000000
0.11524177,0.15148258,1.04125941,-0.06273369,0.70649230,0.69850320,0.09500732,0.18967634,0.07181504,0.36081982,0.33204499,-0.30091652,0.00000006,-0.03833052,-0.17839076,-0.25550050,0.31328365,-0.00737627,-0.00000003,-0.10367919,0.04140046,0.36654168,0.30406755,0.70172709,0.16529708,0.29167131,-0.71084791,0.00690036,-0.00000001,-0.13740405,-0.89455348,-0.82144362,0.17123187,0.69830495,-0.00869827,-0.00000000
0.11634879,0.15587570,1.04113436,-0.05875134,0.70989525,0.69549507,0.09425288,0.18533872,0.07237460,0.36777398,0.33600146,-0.29559425,0.00000006,-0.03590878,-0.17958190,-0.25837591,0.31082097,-0.01035957,-0.00000003,-0.10804986,0.04359854,0.36710089,0.30205190,0.71601897,0.18285233,0.30383995,-0.71093345,0.00782570,-0.00000001,-0.13433298,-0.91290492,-0.83251786,0.18916072,0.69516832,-0.00754730,-0.00000000
0.12017255,0.15952417,1.04093945,-0.05415179,0.71388686,0.69181007,0.09397826,0.17987220,0.07373580,0.37558201,0.34056991,-0.28978312,0.00000006,-0.03375021,-0.18072273,-0.26207507,0.30748489,-0.01310382,-0.00000003,-0.11185710,0.04365644,0.36689064,0.29721701,0.73373359,0.20175341,0.31572878,-0.71086711,0.00883057,-0.00000001,-0.13446996,-0.93933529,-0.84415329,0.20927405,0.69169581,-0.00588844,-0.00000000
0.12535468,0.16280033,1.04070961,-0.04924177,0.71814662,0.68776155,0.09394015,0.17384121,0.07549783,0.38381693,0.34544444,-0.28372756,0.00000006,-0.03172323,-0.18183839,-0.26618612,0.30371210,-0.01572855,-0.00000003,-0.11538266,0.04264428,0.36629561,0.29097250,0.75315940,0.22132738,0.32747766,-0.71072471,0.00987520,-0.00000001,-0.13621093,-0.96980494,-0.85606903,0.23047957,0.68805528,-0.00397563,-0.00000000
0.13460748,0.16341279,1.04073155,-0.04347166,0.72488415,0.68085629,0.09533054,0.16738690,0.07713658,0.39374730,0.35198587,-0.27692851,0.00000006,-0.03014194,-0.18278687,-0.27159142,0.29879022,-0.01767789,-0.00000003,-0.11851933,0.03947796,0.36317486,0.27952728,0.77919847,0.24371409,0.33818039,-0.71035206,0.01083797,-0.00000001,-0.14322884,-1.01254356,-0.86879301,0.25449982,0.68392599,-0.00128651,-0.00000000
0.14273539,0.16307132,1.04098678,-0.03831654,0.73184502,0.67356008,0.09618472,0.16139999,0.07862232,0.40410894,0.35934195,-0.26990062,0.00000006,-0.02880037,-0.18396442,-0.27735668,0.29351434,-0.01929892,-0.00000003,-0.12166581,0.03589737,0.35881239,0.26585218,0.80740911,0.26684600,0.34798637,-0.70989472,0.01170740,-0.00000001,-0.15195763,-1.05837953,-0.88126129,0.27875021,0.67962891,0.00162129,-0.00000000
0.14861353,0.16082194,1.04170859,-0.03439749,0.73934114,0.66556728,0.09597815,0.15634802,0.07980205,0.41533336,0.36832699,-0.26241472,0.00000006,-0.02793825,-0.18559995,-0.28384179,0.28753063,-0.02026332,-0.00000003,-0.12483188,0.03148823,0.35196677,0.24771746,0.83996260,0.29146826,0.35599914,-0.70926768,0.01239018,-0.00000001,-0.16410823,-1.11041057,-0.89321816,0.30346054,0.67499590,0.00496643,-0.00000000
0.15249084,0.15796629,1.04202187,-0.03100477,0.74667275,0.65740889,0.09660269,0.15229486,0.08177962,0.42697191,0.37833413,-0.25470370,0.00000006,-0.02726635,-0.18862753,-0.29074523,0.28131694,-0.02052009,-0.00000003,-0.12790596,0.02672977,0.34270364,0.22499499,0.87585431,0.31675583,0.36146870,-0.70845240,0.01287154,-0.00000001,-0.17906268,-1.16583347,-0.90369207,0.32731867,0.67007899,0.00866865,-0.00000000
0.15536773,0.15480746,1.04213083,-0.02787346,0.75387371,0.64912605,0.09763656,0.14874113,0.08415609,0.43881771,0.38885224,-0.24688002,0.00000006,-0.02668956,-0.19235109,-0.29785779,0.27498823,-0.02042306,-0.00000003,-0.13093407,0.02179665,0.33223176,0.19997860,0.91341496,0.34237599,0.36566672,-0.70754308,0.01325219,-0.00000001,-0.19541910,-1.22295237,-0.91342437,0.35075065,0.66502017,0.01254942,-0.00000000
0.16055122,0.14393468,1.04763699,-0.02563381,0.76749343,0.63311738,0.09725807,0.15039173,0.08706548,0.45082650,0.40201014,-0.23859976,0.00000006,-0.02771739,-0.19601732,-0.30601332,0.26852143,-0.01926492,-0.00000003,-0.13391349,0.01520559,0.31609491,0.16747637,0.95652586,0.36918890,0.36479655,-0.70633495,0.01301541,-0.00000001,-0.21594913,-1.28513336,-0.92096025,0.37000009,0.65960199,0.01646448,-0.00000000
0.16462666,0.13669968,1.05190241,-0.02263055,0.77920449,0.61886770,0.09659721,0.15214725,0.09076793,0.46248209,0.41461533,-0.23045292,0.00000006,-0.02857978,-0.20006378,-0.31425461,0.26247999,-0.01802327,-0.00000003,-0.13678303,0.00854367,0.29970726,0.13347772,0.99920863,0.39488283,0.36187905,-0.70502669,0.01271328,-0.00000001,-0.23697464,-1.34612036,-0.92707133,0.38684100,0.65420789,0.02023890,-0.00000000
0.16648602,0.13674021,1.05368686,-0.01811645,0.78756565,0.60852695,0.09543122,0.15411241,0.09605650,0.47343099,0.42611462,-0.22257286,0.00000006,-0.02911133,-0.20487058,-0.32266730,0.25728914,-0.01661462,-0.00000003,-0.13943280,0.00174004,0.28281778,0.09648626,1.04103506,0.41833872,0.35486704,-0.70351744,0.01228046,-0.00000001,-0.25899100,-1.40471923,-0.93033344,0.39886487,0.64886200,0.02373203,-0.00000000
0.17379312,0.13430685,1.05698574,-0.01343966,0.79705244,0.59622180,0.09511232,0.15853006,0.10173671,0.48348501,0.43743172,-0.21488823,0.00000006,-0.03059702,-0.20857470,-0.33164972,0.25289220,-0.01514352,-0.00000003,-0.14193740,-0.00579661,0.26435933,0.05635517,1.08230817,0.43965566,0.34285876,-0.70185399,0.01145716,-0.00000001,-0.28209451,-1.46186018,-0.93128675,0.40394244,0.64365643,0.02648393,-0.00000000
0.18382411,0.13063653,1.06104183,-0.00867958,0.80695450,0.58282608,0.09519950,0.16417389,0.10761275,0.49309164,0.44865772,-0.20730121,0.00000006,-0.03255978,-0.21172747,-0.34091711,0.24889195,-0.01364120,-0.00000003,-0.14436945,-0.01369977,0.24511622,0.01465429,1.12330461,0.45990321,0.32835239,-0.70011342,0.01043864,-0.00000001,-0.30574155,-1.51827216,-0.93108559,0.40554702,0.63852078,0.02886523,-0.00000000
0.18882091,0.13249354,1.06383324,-0.00397920,0.81405455,0.57333845,0.09264136,0.17217325,0.11393826,0.50094599,0.45833704,-0.20045140,0.00000006,-0.03545843,-0.21460240,-0.35055506,0.24638736,-0.01244133,-0.00000003,-0.14678675,-0.02111188,0.22559084,-0.02997801,1.16127968,0.47571364,0.30625379,-0.69827956,0.00888644,-0.00000001,-0.32980639,-1.56983697,-0.92751139,0.39492479,0.63379329,0.02976169,-0.00000000
0.19351797,0.13398656,1.06594956,0.00062102,0.82128119,0.56341809,0.08976056,0.18060768,0.12014685,0.50827473,0.46729857,-0.19394411,0.00000006,-0.03910355,-0.21745326,-0.36029583,0.24434435,-0.01139395,-0.00000003,-0.14913769,-0.02821141,0.20680869,-0.07505487,1.19779134,0.48976663,0.28173849,-0.69643331,0.00718177,-0.00000001,-0.35363019,-1.61941361,-0.92281622,0.38027227,0.62921369,0.03018457,0.00000000
0.19761550,0.13475154,1.06671584,0.00501943,0.82887828,0.55271769,0.08624848,0.18991230,0.12612161,0.51455253,0.47482416,-0.18812191,0.00000006,-0.04424163,-0.22025606,-0.37024206,0.24322446,-0.01065156,-0.00000003,-0.15135603,-0.03468581,0.18951313,-0.12102083,1.23137569,0.50030488,0.25238970,-0.69456208,0.00517217,-0.00000001,-0.37697223,-1.66501427,-0.91587901,0.35755908,0.62493020,0.02966035,0.00000000
0.20037735,0.13639952,1.06795645,0.00898944,0.83621132,0.54229999,0.08112034,0.20043543,0.13159867,0.51966405,0.48119530,-0.18306018,0.00000006,-0.05062373,-0.22280286,-0.38033327,0.24325173,-0.01017634,-0.00000003,-0.15362576,-0.04113216,0.17287330,-0.16785686,1.26288700,0.50788122,0.21792847,-0.69266933,0.00262507,-0.00000001,-0.40015852,-1.70832872,-0.90763986,0.32602003,0.62093359,0.02787847,0.00000000
0.20247135,0.13848898,1.06943440,0.01274391,0.84332436,0.53196818,0.07517622,0.21156789,0.13682686,0.52419251,0.48698923,-0.17837863,0.00000006,-0.05762784,-0.22522175,-0.39049700,0.24385250,-0.00983470,-0.00000003,-0.15592119,-0.04756448,0.15656126,-0.21512793,1.29336154,0.51397640,0.18091108,-0.69076592,-0.00019078,-0.00000001,-0.42326707,-1.75050044,-0.89874965,0.29006788,0.61708051,0.02546776,0.00000000
0.20962608,0.13496611,1.07012415,0.01543777,0.85071117,0.52031207,0.07298977,0.22202340,0.14061852,0.52746218,0.49035549,-0.17539696,0.00000006,-0.06579816,-0.22844882,-0.40044308,0.24636792,-0.00999752,-0.00000003,-0.15765890,-0.05261700,0.14252581,-0.26203978,1.31988370,0.51568049,0.13789755,-0.68886286,-0.00364025,-0.00000001,-0.44561595,-1.78744447,-0.88836694,0.24344538,0.61365497,0.02153243,0.00000000
0.21593767,0.13126528,1.07042289,0.01796313,0.85843575,0.50769973,0.07075499,0.23184046,0.14397067,0.53034151,0.49274161,-0.17311236,0.00000006,-0.07387914,-0.23245023,-0.41013014,0.24966601,-0.01038057,-0.00000003,-0.15888962,-0.05687196,0.12926452,-0.30822524,1.34470022,0.51608062,0.09391154,-0.68698144,-0.00717734,-0.00000001,-0.46779871,-1.82170928,-0.87779570,0.19474019,0.61037856,0.01730425,0.00000000
0.22056299,0.12720853,1.06993926,0.02015301,0.86695576,0.49325284,0.06843464,0.24038066,0.14644371,0.53244042,0.49316782,-0.17222193,0.00000006,-0.08178148,-0.23800054,-0.41929930,0.25452939,-0.01120405,-0.00000003,-0.15910643,-0.05953180,0.11755149,-0.35295832,1.36610544,0.51387304,0.04798053,-0.68514359,-0.01088969,-0.00000001,-0.48964921,-1.85061562,-0.86684752,0.14186980,0.60739994,0.01249037,0.00000000
0.22610489,0.12057945,1.06924808,0.02088111,0.87642366,0.47635648,0.06730553,0.24716489,0.14781083,0.53368938,0.49182579,-0.17290987,0.00000006,-0.08894796,-0.24491152,-0.42778787,0.26127326,-0.01244935,-0.00000003,-0.15790686,-0.06095655,0.10676853,-0.39597169,1.38425386,0.50952893,0.00109559,-0.68335694,-0.01477991,-0.00000001,-0.51157260,-1.87413716,-0.85603446,0.08629534,0.60469258,0.00717846,0.00000000
0.23210506,0.11266421,1.06845307,0.02087279,0.88613725,0.45811453,0.06675476,0.25307116,0.14862508,0.53451324,0.48959973,-0.17438710,0.00000006,-0.09574651,-0.25250301,-0.43593606,0.26895744,-0.01390557,-0.00000003,-0.15599902,-0.06176373,0.09645060,-0.43812516,1.40077364,0.50411636,-0.04626631,-0.68159598,-0.01875906,-0.00000001,-0.53353238,-1.89496624,-0.84528905,0.02936893,0.60212058,0.00161753,0.00000000
0.23531367,0.10408235,1.06744182,0.02044761,0.89706343,0.43635574,0.06672931,0.25550213,0.14861912,0.53363639,0.48508054,-0.17828402,0.00000006,-0.10085168,-0.26303008,-0.44247040,0.27980393,-0.01610376,-0.00000003,-0.15115242,-0.06068470,0.08780900,-0.47604796,1.41096008,0.49560148,-0.09136777,-0.67998278,-0.02247590,-0.00000001,-0.55583870,-1.90482926,-0.83487028,-0.02645374,0.59993172,-0.00387658,0.00000000
0.23760276,0.09481777,1.06640923,0.01918637,0.90690070,0.41555554,0.06690726,0.25663021,0.14811926,0.53191286,0.48016515,-0.18287511,0.00000006,-0.10556629,-0.27400774,-0.44838035,0.29187369,-0.01852925,-0.00000003,-0.14558518,-0.05932608,0.07991906,-0.51197231,1.41852999,0.48598084,-0.13428959,-0.67844117,-0.02586938,-0.00000001,-0.57827044,-1.91042113,-0.82448578,-0.08039369,0.59786385,-0.00911208,0.00000000
0.23805280,0.08418775,1.06533408,0.01626804,0.91518980,0.39699048,0.06753906,0.25515237,0.14663157,0.52849597,0.47445783,-0.18885446,0.00000006,-0.10949971,-0.28588635,-0.45304155,0.30638996,-0.02140936,-0.00000003,-0.13857664,-0.05740828,0.07353242,-0.54389977,1.42086649,0.47414896,-0.17285213,-0.67704260,-0.02861614,-0.00000001,-0.60095280,-1.90747058,-0.81416953,-0.13056824,0.59603822,-0.01383036,0.00000000
0.23772059,0.07288486,1.06433725,0.01258228,0.92470354,0.37434345,0.06805930,0.25051561,0.14377294,0.52324992,0.46809569,-0.19605212,0.00000006,-0.11246824,-0.29844540,-0.45619601,0.32375434,-0.02466634,-0.00000003,-0.12930268,-0.05444067,0.06916119,-0.57181227,1.41854787,0.46041501,-0.20642397,-0.67579854,-0.03073637,-0.00000001,-0.62295300,-1.89610779,-0.80298150,-0.17647777,0.59441125,-0.01798544,0.00000000
0.23699726,0.06124555,1.06337953,0.00850784,0.93439597,0.34948626,0.06849188,0.24429944,0.14022887,0.51708937,0.46140605,-0.20385906,0.00000006,-0.11495432,-0.31134480,-0.45859694,0.34254292,-0.02811176,-0.00000003,-0.11889599,-0.05094816,0.06579766,-0.59771734,1.41390181,0.44573000,-0.23750049,-0.67463177,-0.03254334,-0.00000001,-0.64461195,-1.88053882,-0.79135716,-0.22025481,0.59288353,-0.02185893,0.00000000
0.23930918,0.05238436,1.06265295,0.00708112,0.94549459,0.31826204,0.06855067,0.23340124,0.13462788,0.50797999,0.45395997,-0.21270175,0.00000006,-0.11660106,-0.32469353,-0.45855111,0.36599603,-0.03184412,-0.00000003,-0.10579230,-0.04537017,0.06622827,-0.61724657,1.40302026,0.42826176,-0.26001754,-0.67373753,-0.03328691,-0.00000001,-0.66402614,-1.85301435,-0.77735060,-0.25660267,0.59156585,-0.02472373,0.00000000
0.24185660,0.04282588,1.06211698,0.00539378,0.95508283,0.28821662,0.06869426,0.22146092,0.12827264,0.49802944,0.44659838,-0.22151464,0.00000006,-0.11815520,-0.33779806,-0.45773664,0.39127356,-0.03549903,-0.00000003,-0.09280182,-0.03935539,0.06754925,-0.63478392,1.39053714,0.40993869,-0.27985582,-0.67293096,-0.03372864,-0.00000001,-0.68250346,-1.82247841,-0.76249158,-0.29061204,0.59027594,-0.02730437,0.00000000
0.24487501,0.03187278,1.06196260,0.00319581,0.96286649,0.26096672,0.06909607,0.20743629,0.12040888,0.48639643,0.43940577,-0.23026794,0.00000006,-0.11952414,-0.35041416,-0.45538488,0.42019996,-0.03899906,-0.00000003,-0.08003777,-0.03246701,0.07065100,-0.64833784,1.37485063,0.38990614,-0.29433668,-0.67229944,-0.03356673,-0.00000001,-0.69910729,-1.78591931,-0.74592799,-0.31994456,0.58904171,-0.02931671,0.00000000
0.24875368,0.02188624,1.06200051,0.00223990,0.97144353,0.22690563,0.06932687,0.19111541,0.11086971,0.47343296,0.43245572,-0.23848227,0.00000006,-0.12022668,-0.36234716,-0.45149621,0.45385015,-0.04216039,-0.00000003,-0.06655255,-0.02373078,0.07561982,-0.65791607,1.35664332,0.36839443,-0.30387345,-0.67183775,-0.03291630,-0.00000001,-0.71320474,-1.74389768,-0.72736657,-0.34457979,0.58783877,-0.03078832,0.00000000
0.25306246,0.01238297,1.06213474,0.00190330,0.97947395,0.18923552,0.06940499,0.17364641,0.10049283,0.45980424,0.42562690,-0.24642710,0.00000006,-0.12059601,-0.37393859,-0.44683915,0.48986232,-0.04515237,-0.00000003,-0.05270674,-0.01407063,0.08152221,-0.66550642,1.33717501,0.34614328,-0.31093839,-0.67146081,-0.03202163,-0.00000001,-0.72604895,-1.69914460,-0.70780617,-0.36686635,0.58665150,-0.03198956,0.00000000
0.25751445,0.00534455,1.06214547,0.00696398,0.98855388,0.13586034,0.06522769,0.15424122,0.08771295,0.44464889,0.41995412,-0.25262070,0.00000006,-0.12091478,-0.38193989,-0.44045839,0.53400838,-0.04733609,-0.00000003,-0.03882864,-0.00297859,0.09024053,-0.66732204,1.31503487,0.32169518,-0.31195122,-0.67128295,-0.03062393,-0.00000001,-0.73451918,-1.64924383,-0.68506688,-0.38301888,0.58542460,-0.03253423,0.00000000
0.26094347,-0.00111650,1.06259501,0.01108531,0.99424469,0.08670001,0.06195058,0.13539492,0.07557421,0.42871314,0.41538066,-0.25785804,0.00000006,-0.12217737,-0.38897964,-0.43381000,0.58040589,-0.04930568,-0.00000003,-0.02614206,0.00725632,0.09937871,-0.66727251,1.29226005,0.29637134,-0.31139502,-0.67113572,-0.02909657,-0.00000001,-0.74177003,-1.59892511,-0.66156036,-0.39739773,0.58419311,-0.03292865,0.00000000
0.26232660,-0.00642277,1.06392241,0.01334714,0.99697685,0.04658832,0.06073279,0.11766633,0.06471775,0.41121686,0.41300559,-0.26118293,0.00000006,-0.12532757,-0.39409623,-0.42662677,0.63130635,-0.05084700,-0.00000003,-0.01583852,0.01577699,0.10935654,-0.66349256,1.26821661,0.26929593,-0.30770099,-0.67104948,-0.02730989,-0.00000001,-0.74658203,-1.54777026,-0.63651931,-0.40822884,0.58295280,-0.03302255,0.00000000
0.25879911,-0.01342125,1.06515455,0.01749094,0.99819005,-0.00574470,0.05725214,0.10028358,0.05399964,0.39298773,0.41269329,-0.26287350,0.00000006,-0.12971310,-0.39516491,-0.41939381,0.68845308,-0.05157737,-0.00000003,-0.00583291,0.02249809,0.12120005,-0.65590864,1.24309838,0.24024414,-0.30216682,-0.67097008,-0.02543796,-0.00000001,-0.74865907,-1.49626553,-0.60943621,-0.41611326,0.58170170,-0.03286884,0.00000000
0.25281629,-0.02126582,1.06633925,0.02253064,0.99630487,-0.06412306,0.05250952,0.08307377,0.04335067,0.37439209,0.41341245,-0.26374683,0.00000006,-0.13471633,-0.39420986,-0.41213605,0.74872291,-0.05190228,-0.00000003,0.00402373,0.02831941,0.13397641,-0.64642251,1.21744263,0.21020411,-0.29571268,-0.67089415,-0.02352341,-0.00000001,-0.74936879,-1.44458604,-0.58133203,-0.42252436,0.58044499,-0.03259132,0.00000000
0.25371307,-0.02102029,1.06751788,0.02503956,0.99286866,-0.10345440,0.05368408,0.06727739,0.03621465,0.35447422,0.41703159,-0.26278687,0.00000006,-0.14076374,-0.39158586,-0.40440348,0.81882328,-0.05089208,-0.00000003,0.01029799,0.03202082,0.14769444,-0.63096541,1.18981612,0.17624180,-0.28795949,-0.67070705,-0.02151689,-0.00000001,-0.74652034,-1.39343727,-0.55103111,-0.42487586,0.57914317,-0.03209670,0.00000000
0.25618514,-0.02165416,1.06868565,0.02740869,0.98784328,-0.14274321,0.05512609,0.05093391,0.02921844,0.33460996,0.42126614,-0.26141596,0.00000006,-0.14677547,-0.38731855,-0.39706656,0.89332277,-0.04926677,-0.00000003,0.01632385,0.03528807,0.16293281,-0.61302990,1.16127515,0.14054728,-0.27991301,-0.67046535,-0.01940824,-0.00000001,-0.74197656,-1.34206355,-0.51947409,-0.42568904,0.57784402,-0.03141169,0.00000000
0.26180783,-0.02404682,1.06983173,0.02953316,0.98118180,-0.18204424,0.05718360,0.03349626,0.02250188,0.31485298,0.42673102,-0.25922334,0.00000006,-0.15271588,-0.37976474,-0.39052081,0.97662061,-0.04641128,-0.00000003,0.02185293,0.03768699,0.18121205,-0.59013742,1.13090611,0.10138835,-0.27128014,-0.67011422,-0.01709535,-0.00000001,-0.73404211,-1.29023969,-0.48540476,-0.42342576,0.57655019,-0.03034590,0.00000000
0.26500198,-0.02688283,1.07117736,0.03333600,0.97108084,-0.22985220,0.05530443,0.01338505,0.01619273,0.29566291,0.43244937,-0.25655961,0.00000006,-0.15802865,-0.36844721,-0.38566503,1.06988752,-0.04224932,-0.00000003,0.02864807,0.03954305,0.20463327,-0.56186724,1.09827423,0.05808666,-0.26226765,-0.66965181,-0.01442443,-0.00000001,-0.72207659,-1.23728764,-0.44777989,-0.41831750,0.57529157,-0.02877842,0.00000000
0.26698184,-0.02994052,1.07262278,0.03791214,0.95745337,-0.28143972,0.05135524,-0.00806292,0.01008728,0.27675641,0.43829438,-0.25366041,0.00000006,-0.16302761,-0.35524791,-0.38165420,1.16813874,-0.03743413,-0.00000003,0.03607624,0.04112767,0.23062545,-0.53090805,1.06451154,0.01271359,-0.25306541,-0.66913331,-0.01157449,-0.00000001,-0.70809549,-1.18377149,-0.40837729,-0.41178679,0.57405061,-0.02696009,0.00000000
0.26758745,-0.02635084,1.07190144,0.03781769,0.94633019,-0.31663364,0.05265117,-0.03026284,0.00989540,0.25780293,0.44488785,-0.25059167,0.00000006,-0.16883808,-0.34698212,-0.37720889,1.26722896,-0.03263772,-0.00000003,0.04265141,0.04283736,0.25892234,-0.49799675,1.02922177,-0.03642974,-0.24551339,-0.66856104,-0.00878017,-0.00000001,-0.69094008,-1.13060737,-0.36459270,-0.40294459,0.57290781,-0.02477999,0.00000000
0.26745647,-0.02309172,1.07156813,0.03660063,0.93326485,-0.35334677,0.05313373,-0.05317016,0.01065973,0.23920161,0.45140123,-0.24766140,0.00000006,-0.17449114,-0.34000683,-0.37271264,1.36596859,-0.02796056,-0.00000003,0.04997817,0.04528299,0.28804591,-0.46537116,0.99382603,-0.08623342,-0.23877776,-0.66800308,-0.00609099,-0.00000001,-0.67272449,-1.07739210,-0.31890073,-0.39327696,0.57180893,-0.02235879,0.00000000
0.26585233,-0.02049371,1.07201076,0.03317971,0.91731137,-0.39335790,0.05204304,-0.07749229,0.01333646,0.22130458,0.45775458,-0.24500816,0.00000006,-0.17982939,-0.33561274,-0.36811438,1.46400726,-0.02352189,-0.00000003,0.05880810,0.04920053,0.31882307,-0.43331668,0.95821780,-0.13735779,-0.23367488,-0.66747397,-0.00361211,-0.00000001,-0.65238887,-1.02407384,-0.26939419,-0.38195845,0.57079792,-0.01945539,0.00000000
0.26365697,-0.01872549,1.07210088,0.02820766,0.90117967,-0.42967504,0.04958689,-0.10062958,0.01673012,0.20415103,0.46485871,-0.24299242,0.00000006,-0.18573271,-0.33518398,-0.36286944,1.55381894,-0.01942983,-0.00000003,0.06842154,0.05440649,0.34717426,-0.40551665,0.92408621,-0.18720949,-0.23046033,-0.66706413,-0.00165388,-0.00000001,-0.63235009,-0.97236425,-0.21732733,-0.36950099,0.56991494,-0.01621054,0.00000000
0.26116601,-0.01737216,1.07201469,0.02244690,0.88441426,-0.46384564,0.04641935,-0.12317445,0.02048224,0.18736927,0.47233826,-0.24129547,0.00000006,-0.19191860,-0.33673781,-0.35730112,1.63951755,-0.01551106,-0.00000003,0.07842673,0.06025665,0.37431243,-0.37984383,0.89069265,-0.23642491,-0.22818993,-0.66671413,0.00004404,-0.00000001,-0.61245954,-0.92145902,-0.16398032,-0.35647410,0.56909579,-0.01279496,0.00000000
0.25902322,-0.01566998,1.07021391,0.01753152,0.87125289,-0.48830247,0.04660178,-0.14129347,0.02465729,0.17215843,0.48186097,-0.24066639,0.00000006,-0.20095554,-0.34497753,-0.34977412,1.70203257,-0.01253269,-0.00000003,0.08785935,0.06619846,0.39361057,-0.36195356,0.86102104,-0.28148019,-0.22739132,-0.66659456,0.00104545,-0.00000001,-0.59670800,-0.87574130,-0.11065274,-0.34234762,0.56849599,-0.00930042,0.00000000
0.25688678,-0.01414932,1.06844628,0.01241709,0.85704243,-0.51299983,0.04642488,-0.15889457,0.02923340,0.15745200,0.49159259,-0.24033570,0.00000006,-0.21073891,-0.35547620,-0.34126180,1.75620937,-0.00998287,-0.00000003,0.09763081,0.07226822,0.41126040,-0.34577230,0.83257031,-0.32528642,-0.22661692,-0.66655123,0.00193967,-0.00000001,-0.58225077,-0.83171493,-0.05768399,-0.32769892,0.56797159,-0.00572570,0.00000000
0.25476316,-0.01299169,1.06674492,0.00692164,0.84136325,-0.53850162,0.04556250,-0.17545991,0.03461162,0.14375433,0.50174201,-0.24060187,0.00000006,-0.22201519,-0.37049294,-0.33077887,1.79370940,-0.00829016,-0.00000003,0.10807993,0.07859393,0.42561349,-0.33300930,0.80656171,-0.36659455,-0.22589096,-0.66666043,0.00261950,-0.00000001,-0.57038230,-0.79107153,-0.00543288,-0.31200582,0.56759810,-0.00199060,0.00000000
0.25418219,-0.01289014,1.06617260,0.00049849,0.81935346,-0.57136708,0.04689705,-0.19153434,0.04204798,0.13100824,0.51193309,-0.24126089,0.00000006,-0.23568086,-0.39052761,-0.31769601,1.81222129,-0.00793879,-0.00000003,0.11919894,0.08486252,0.43796146,-0.32205912,0.78309721,-0.40553597,-0.22422981,-0.66693753,0.00330148,-0.00000001,-0.56071568,-0.75397545,0.04486854,-0.29514006,0.56740648,0.00188661,0.00000000
0.25437260,-0.01331663,1.06616485,-0.00638554,0.79306382,-0.60710955,0.04926475,-0.20736334,0.05051341,0.11873795,0.52214479,-0.24211638,0.00000006,-0.25054124,-0.41307145,-0.30331308,1.82123852,-0.00825810,-0.00000003,0.13065286,0.09110257,0.44930694,-0.31201553,0.76090491,-0.44329411,-0.22210097,-0.66729856,0.00398452,-0.00000001,-0.55215013,-0.71865326,0.09419511,-0.27768791,0.56730556,0.00583488,0.00000000
0.24973507,-0.01397027,1.06595039,-0.00542614,0.77010143,-0.63601792,0.04894422,-0.21733811,0.06233107,0.10917922,0.53555745,-0.24306974,0.00000006,-0.27265841,-0.44236854,-0.28551066,1.78689981,-0.01162660,-0.00000003,0.13758801,0.09258920,0.45289639,-0.30356649,0.74415076,-0.47564620,-0.21633667,-0.66794842,0.00482197,-0.00000001,-0.55012769,-0.69345641,0.13234279,-0.25933051,0.56757408,0.00888424,0.00000000
0.24538173,-0.01430386,1.06624722,-0.00311514,0.75078899,-0.65882081,0.04755365,-0.22630420,0.07419678,0.10107660,0.54911834,-0.24422020,0.00000006,-0.29490763,-0.47221357,-0.26720443,1.74085891,-0.01530004,-0.00000003,0.14322789,0.09220527,0.45325661,-0.29557088,0.72920722,-0.50609452,-0.20953858,-0.66867656,0.00565196,-0.00000001,-0.55002868,-0.67133212,0.16689576,-0.24108492,0.56795371,0.01160537,0.00000000
0.24159673,-0.01399739,1.06756639,0.00188686,0.74039000,-0.67072499,0.04412537,-0.23325302,0.08615860,0.09588618,0.56297624,-0.24576500,0.00000006,-0.31742123,-0.50315470,-0.24789053,1.67141366,-0.01958334,-0.00000003,0.14627731,0.08808014,0.44715843,-0.28848171,0.71788484,-0.53273517,-0.20067298,-0.66956133,0.00646704,-0.00000001,-0.55377656,-0.65535271,0.19425929,-0.22306326,0.56855589,0.01367002,0.00000000
0.23483051,-0.01469349,1.06674004,0.01070108,0.72744596,-0.68483949,0.04126414,-0.23743732,0.10066771,0.09185536,0.57797438,-0.24802928,0.00000006,-0.34235576,-0.53670967,-0.22633681,1.57970631,-0.02442476,-0.00000003,0.14667189,0.08112323,0.43694898,-0.28207201,0.70946229,-0.55629057,-0.19021961,-0.67059034,0.00729854,-0.00000001,-0.55935806,-0.64384049,0.21602169,-0.20541032,0.56938857,0.01528286,0.00000000
0.22657368,-0.01589087,1.06484079,0.02141597,0.71296424,-0.69980550,0.03867175,-0.24023934,0.11645048,0.08840438,0.59354299,-0.25065330,0.00000006,-0.36850083,-0.57157171,-0.20366322,1.47686768,-0.02954524,-0.00000003,0.14573905,0.07275038,0.42468378,-0.27600187,0.70248985,-0.57830322,-0.17897229,-0.67169142,0.00813827,-0.00000001,-0.56585640,-0.63456178,0.23498350,-0.18794176,0.57033664,0.01666980,0.00000000
0.20977233,-0.01598109,1.06045377,-0.03387305,-0.69709277,0.71528053,-0.03588980,-0.24109736,0.13675986,0.08570293,0.61037964,-0.25475162,0.00000006,-0.39373186,-0.60760331,-0.17756459,1.36002326,-0.03440286,-0.00000003,0.14061157,0.06135472,0.40874887,-0.26989511,0.69812828,-0.59753180,-0.16619268,-0.67294645,0.00911813,-0.00000001,-0.57221216,-0.62931049,0.24804281,-0.17203930,0.57161373,0.01740805,0.00000000
0.19452110,-0.01664764,1.05699980,-0.04585999,-0.68443364,0.72694272,-0.03165007,-0.24328662,0.15400730,0.08458771,0.62747544,-0.25930187,0.00000006,-0.41760486,-0.63920856,-0.15399936,1.25091136,-0.03908455,-0.00000003,0.13558373,0.05043778,0.39482749,-0.26283187,0.69380271,-0.61663473,-0.15321892,-0.67427319,0.01019043,-0.00000001,-0.57640332,-0.62367696,0.26088628,-0.15637714,0.57302833,0.01817794,0.00000000
0.18237008,-0.01846686,1.05541217,-0.05693480,-0.67885858,0.73164725,-0.02452970,-0.24813844,0.16513076,0.08664498,0.64508951,-0.26475582,0.00000006,-0.43876204,-0.66196138,-0.13550091,1.15726399,-0.04341443,-0.00000003,0.13075510,0.04047827,0.38493308,-0.25385547,0.68954897,-0.63548696,-0.13985685,-0.67574334,0.01144760,-0.00000001,-0.57626528,-0.61727846,0.27329794,-0.14119557,0.57471704,0.01901109,0.00000000
0.17074060,-0.02146697,1.05268085,-0.06608675,-0.67514569,0.73461735,-0.01217443,-0.25525048,0.17335571,0.09021477,0.66315371,-0.27129662,0.00000006,-0.45858252,-0.67921835,-0.11961674,1.07876122,-0.04823003,-0.00000003,0.12528917,0.03272181,0.37953907,-0.24423093,0.68519610,-0.65355492,-0.12686335,-0.67735475,0.01273153,-0.00000001,-0.57167923,-0.60970765,0.28549463,-0.12690902,0.57666630,0.01986436,0.00000000
0.15937190,-0.02505752,1.04937780,-0.07426442,-0.67224461,0.73658955,0.00279898,-0.26349267,0.18013142,0.09454082,0.68144280,-0.27838093,0.00000006,-0.47773460,-0.69372755,-0.10503968,1.00783074,-0.05328850,-0.00000003,0.11950457,0.02606690,0.37639517,-0.23428236,0.68079352,-0.67123103,-0.11405413,-0.67903680,0.01402884,-0.00000001,-0.56486917,-0.60155040,0.29758385,-0.11306996,0.57874590,0.02072769,0.00000000
0.15108493,-0.02676101,1.04664516,-0.07619223,-0.67039484,0.73799413,0.01140822,-0.27387750,0.18470861,0.10040250,0.69963062,-0.28659871,0.00000006,-0.49368662,-0.70385033,-0.09270222,0.95692819,-0.05835486,-0.00000003,0.11444683,0.02095050,0.37397677,-0.22626467,0.67692053,-0.68623304,-0.10358440,-0.68092096,0.01488145,-0.00000001,-0.55767488,-0.59173387,0.30931193,-0.10509447,0.58100253,0.02070816,0.00000000
0.14369804,-0.02826371,1.04432511,-0.07701140,-0.66942227,0.73861617,0.01972844,-0.28469586,0.18879920,0.10648923,0.71775448,-0.29506761,0.00000006,-0.50891137,-0.71306831,-0.08082631,0.91128832,-0.06343689,-0.00000003,0.10948712,0.01642639,0.37115058,-0.21954958,0.67336470,-0.70000637,-0.09416593,-0.68283927,0.01551239,-0.00000001,-0.55133975,-0.58157265,0.32064581,-0.09939840,0.58327061,0.02031033,0.00000000
0.13811123,-0.02936484,1.04283011,-0.07562060,-0.67026889,0.73774421,0.02747115,-0.29638132,0.19191672,0.11302613,0.73575038,-0.30403870,0.00000006,-0.52268124,-0.72047675,-0.06987353,0.87617379,-0.06855029,-0.00000003,0.10472357,0.01308685,0.36750889,-0.21543977,0.67044300,-0.71132243,-0.08685003,-0.68482602,0.01570001,-0.00000001,-0.54672265,-0.57072181,0.33119124,-0.09826122,0.58556068,0.01915589,0.00000000
0.14224316,-0.02947759,1.04168630,-0.07175394,-0.67126930,0.73699081,0.03306745,-0.30866733,0.19470201,0.11939660,0.75374067,-0.31341365,0.00000006,-0.53656310,-0.72718227,-0.05930048,0.84850049,-0.07399430,-0.00000003,0.09974151,0.01100874,0.36345243,-0.21431360,0.66833407,-0.72009087,-0.08162814,-0.68681794,0.01546428,-0.00000001,-0.54439992,-0.55961204,0.34072480,-0.10119832,0.58780819,0.01732592,0.00000000
0.15123445,-0.02909615,1.04071796,-0.06664810,-0.67233378,0.73628277,0.03758974,-0.32125357,0.19732115,0.12568390,0.77172816,-0.32299063,0.00000006,-0.55050075,-0.73353624,-0.04891727,0.82454789,-0.07960363,-0.00000003,0.09465019,0.00956135,0.35918853,-0.21467926,0.66663170,-0.72758543,-0.07745330,-0.68881267,0.01501687,-0.00000001,-0.54322439,-0.54837257,0.34975240,-0.10617251,0.59003443,0.01515818,0.00000000
0.15915446,-0.03404936,1.03975117,-0.06148193,-0.67565525,0.73337138,0.04331842,-0.33558255,0.20066252,0.13106327,0.78971946,-0.33293262,0.00000006,-0.56604642,-0.73958933,-0.03865116,0.80926949,-0.08658898,-0.00000003,0.08839469,0.00993660,0.35635263,-0.21914265,0.66593724,-0.73167789,-0.07605249,-0.69074768,0.01405545,-0.00000001,-0.54466605,-0.53760427,0.35713878,-0.11493827,0.59217125,0.01241151,0.00000000
0.16594386,-0.03758617,1.03824878,-0.05663851,-0.67804408,0.73122382,0.04858020,-0.35097694,0.20367554,0.13653395,0.80774689,-0.34303895,0.00000006,-0.58192188,-0.74519044,-0.02845994,0.79642004,-0.09419964,-0.00000003,0.08219306,0.01058549,0.35429025,-0.22440585,0.66578746,-0.73477167,-0.07514697,-0.69265163,0.01299884,-0.00000001,-0.54693007,-0.52737635,0.36379725,-0.12395184,0.59426993,0.00966513,0.00000000
0.17047200,-0.03829017,1.03567541,-0.05244736,-0.67863989,0.73068279,0.05291252,-0.36850220,0.20603187,0.14218718,0.82584673,-0.35347423,0.00000006,-0.59845692,-0.74988741,-0.01841847,0.78842860,-0.10306092,-0.00000003,0.07609919,0.01178166,0.35377476,-0.23126861,0.66672683,-0.73586839,-0.07523194,-0.69449413,0.01175184,-0.00000001,-0.55083877,-0.51822948,0.36900020,-0.13346104,0.59629214,0.00691935,0.00000000
0.17516424,-0.03910995,1.03268063,-0.04770577,-0.67840016,0.73089087,0.05741037,-0.38790491,0.20818299,0.14784405,0.84447128,-0.36411333,0.00000006,-0.61587673,-0.75427783,-0.00819881,0.78440356,-0.11342017,-0.00000003,0.06991040,0.01340640,0.35508856,-0.23941039,0.66851872,-0.73529863,-0.07598899,-0.69626009,0.01038224,-0.00000001,-0.55622733,-0.51041973,0.37263060,-0.14252008,0.59825587,0.00428706,0.00000000
0.17993852,-0.03998762,1.02947533,-0.04268778,-0.67772454,0.73145372,0.06198936,-0.40824619,0.21023154,0.15350273,0.86335802,-0.37485439,0.00000006,-0.63373870,-0.75851494,0.00210994,0.78236181,-0.12452838,-0.00000003,0.06367414,0.01524543,0.35731694,-0.24819174,0.67073679,-0.73389584,-0.07708205,-0.69798791,0.00895133,-0.00000001,-0.56235582,-0.50327861,0.37547469,-0.15135410,0.60019040,0.00171150,0.00000000
0.18455984,-0.03935481,1.02551234,-0.03790979,-0.67646271,0.73258835,0.06538597,-0.43074694,0.21246642,0.15888304,0.88327557,-0.38562483,0.00000006,-0.65292889,-0.76260567,0.01285724,0.78562975,-0.13815947,-0.00000003,0.05726374,0.01721325,0.36201409,-0.25809973,0.67389053,-0.73054683,-0.07871646,-0.69961655,0.00742285,-0.00000001,-0.57028735,-0.49813488,0.37630031,-0.15859027,0.60201514,-0.00056291,0.00000000
0.18805759,-0.03860315,1.02121878,-0.03348712,-0.67486471,0.73393577,0.06909796,-0.45369333,0.21488407,0.16404255,0.90352184,-0.39630467,0.00000006,-0.67259818,-0.76673996,0.02382977,0.79051685,-0.15269938,-0.00000003,0.05076693,0.01932899,0.36750031,-0.26812842,0.67719769,-0.72684187,-0.08039519,-0.70121247,0.00591093,-0.00000001,-0.57871372,-0.49359739,0.37658849,-0.16506150,0.60380673,-0.00270538,0.00000000
0.18930818,-0.03761381,1.01626396,-0.02977661,-0.67261779,0.73573416,0.07344282,-0.47753105,0.21766718,0.16876049,0.92442560,-0.40680334,0.00000006,-0.69322550,-0.77096146,0.03525278,0.79864204,-0.16905701,-0.00000003,0.04409734,0.02174061,0.37456468,-0.27839854,0.68081188,-0.72242457,-0.08216259,-0.70274287,0.00443211,-0.00000001,-0.58813012,-0.49027228,0.37580216,-0.17000283,0.60553217,-0.00458398,0.00000000
0.19053195,-0.03784202,1.01070797,-0.02583309,-0.67009968,0.73771429,0.07795350,-0.50155449,0.22100590,0.17293899,0.94611079,-0.41694808,0.00000006,-0.71479779,-0.77550769,0.04724982,0.80990231,-0.18711393,-0.00000003,0.03705482,0.02462890,0.38288197,-0.28880578,0.68447185,-0.71752995,-0.08391730,-0.70422852,0.00299620,-0.00000001,-0.59821182,-0.48809674,0.37411970,-0.17309901,0.60719889,-0.00617917,0.00000000
0.19174229,-0.03867901,1.00485122,-0.02177246,-0.66742790,0.73976499,0.08254489,-0.52567071,0.22462235,0.17684785,0.96818686,-0.42691585,0.00000006,-0.73684257,-0.78021628,0.05953387,0.82273018,-0.20602041,-0.00000003,0.02982583,0.02775552,0.39182568,-0.29928169,0.68815506,-0.71239650,-0.08566566,-0.70569158,0.00158174,-0.00000001,-0.60862601,-0.48649588,0.37198934,-0.17527261,0.60883635,-0.00763267,0.00000000
0.18791105,-0.04159713,0.99812323,-0.01971945,-0.66520530,0.74101973,0.08945840,-0.54886752,0.22914685,0.17982280,0.99108249,-0.43603903,0.00000006,-0.76004100,-0.78515196,0.07257242,0.83966249,-0.22721913,-0.00000003,0.02166776,0.03187045,0.40158379,-0.30929032,0.69146562,-0.70736736,-0.08719499,-0.70711994,0.00034171,-0.00000001,-0.62008321,-0.48658124,0.36856884,-0.17472899,0.61039978,-0.00875310,0.00000000
0.18426010,-0.04486111,0.99113733,-0.01761699,-0.66299474,0.74222219,0.09609278,-0.57148123,0.23397483,0.18244676,1.01406240,-0.44489178,0.00000006,-0.78335238,-0.79006696,0.08577966,0.85775858,-0.24889116,-0.00000003,0.01329442,0.03597072,0.41122109,-0.31895435,0.69436127,-0.70271379,-0.08865456,-0.70854074,-0.00080216,-0.00000001,-0.63194311,-0.48712769,0.36483213,-0.17333426,0.61193830,-0.00977733,0.00000000
0.18096972,-0.04881683,0.98363560,-0.01541703,-0.66085213,0.74336880,0.10217437,-0.59292865,0.23940992,0.18436876,1.03721082,-0.45320359,0.00000006,-0.80689013,-0.79494023,0.09932418,0.87818241,-0.27150983,-0.00000003,0.00449055,0.04004168,0.42061678,-0.32792929,0.69642717,-0.69881111,-0.08997457,-0.70994633,-0.00175372,-0.00000001,-0.64460856,-0.48859662,0.36046299,-0.17023733,0.61342698,-0.01060920,0.00000000
0.17501993,-0.05158085,0.97605401,-0.01599067,-0.65942305,0.74379772,0.10802995,-0.61327851,0.24549744,0.18562658,1.05994034,-0.46081805,0.00000006,-0.83067220,-0.79962158,0.11302298,0.90031123,-0.29448316,-0.00000003,-0.00494370,0.04435137,0.42971462,-0.33600196,0.69772983,-0.69574374,-0.09100302,-0.71135378,-0.00250239,-0.00000001,-0.65785223,-0.49131915,0.35510707,-0.16518182,0.61489904,-0.01128613,0.00000000
0.16774043,-0.05374903,0.96843249,-0.01795084,-0.65834045,0.74385613,0.11377069,-0.63307977,0.25191113,0.18655229,1.08246040,-0.46808365,0.00000006,-0.85457635,-0.80420715,0.12679888,0.92329270,-0.31763381,-0.00000003,-0.01469313,0.04878043,0.43866339,-0.34362355,0.69865113,-0.69309378,-0.09188567,-0.71276230,-0.00314960,-0.00000001,-0.67138511,-0.49466839,0.34925783,-0.15914704,0.61636281,-0.01188561,0.00000000
0.16176262,-0.05749672,0.96073127,-0.01762489,-0.65615875,0.74484026,0.11982448,-0.65189546,0.25844145,0.18672939,1.10295665,-0.47475910,0.00000006,-0.87869900,-0.80871266,0.14014961,0.94727999,-0.34010413,-0.00000003,-0.02382286,0.05386980,0.44797409,-0.34999159,0.69852602,-0.69152462,-0.09233519,-0.71414083,-0.00355157,-0.00000001,-0.68520516,-0.50029135,0.34159863,-0.14910692,0.61786175,-0.01209782,0.00000000
0.15563923,-0.06095482,0.95297170,-0.01734142,-0.65395713,0.74579161,0.12583412,-0.67049640,0.26497912,0.18669653,1.12250578,-0.48122081,0.00000006,-0.90297294,-0.81310141,0.15317257,0.97108895,-0.36197001,-0.00000003,-0.03281675,0.05922285,0.45754522,-0.35586348,0.69811547,-0.69033146,-0.09261035,-0.71551841,-0.00387028,-0.00000001,-0.69885534,-0.50686717,0.33315665,-0.13745676,0.61938697,-0.01215352,0.00000000
0.14922467,-0.06383375,0.94509542,-0.01714363,-0.65174335,0.74671012,0.13176028,-0.68866789,0.27153122,0.18624368,1.14016092,-0.48725519,0.00000006,-0.92754996,-0.81725657,0.16553997,0.99454147,-0.38262707,-0.00000003,-0.04153892,0.06510331,0.46763706,-0.36074293,0.69713414,-0.68989003,-0.09253677,-0.71689391,-0.00402248,-0.00000001,-0.71216583,-0.51534903,0.32314920,-0.12258658,0.62096453,-0.01189619,0.00000000
0.14132757,-0.06533439,0.93755269,-0.01803551,-0.64946312,0.74765670,0.13741109,-0.70650351,0.27811268,0.18552208,1.15540683,-0.49280134,0.00000006,-0.95211017,-0.82104993,0.17683838,1.01675677,-0.40129793,-0.00000003,-0.04983399,0.07120305,0.47796565,-0.36456710,0.69575107,-0.69020414,-0.09219397,-0.71827841,-0.00403315,-0.00000001,-0.72490209,-0.52590275,0.31147322,-0.10444807,0.62260664,-0.01132295,0.00000000
0.13268922,-0.06614588,0.93017673,-0.01947188,-0.64713752,0.74860358,0.14292152,-0.72417110,0.28470874,0.18466601,1.16944814,-0.49810350,0.00000006,-0.97666222,-0.82466239,0.18760231,1.03835344,-0.41897583,-0.00000003,-0.05791548,0.07741240,0.48841268,-0.36786389,0.69416738,-0.69089586,-0.09171655,-0.71966738,-0.00397306,-0.00000001,-0.73735118,-0.53749245,0.29896295,-0.08467536,0.62428105,-0.01059176,0.00000000
0.12377665,-0.06759129,0.92299736,-0.01944225,-0.64414483,0.74982995,0.14984809,-0.74115235,0.29052517,0.18399380,1.17950916,-0.50295871,0.00000006,-1.00052893,-0.82746828,0.19605929,1.05634546,-0.43245539,-0.00000003,-0.06492948,0.08396160,0.49879324,-0.36973581,0.69249213,-0.69231027,-0.09106834,-0.72106522,-0.00382314,-0.00000001,-0.74818248,-0.55273080,0.28354231,-0.05964209,0.62609208,-0.00934386,0.00000000
0.11712699,-0.06796324,0.91683793,-0.01882644,-0.64106160,0.75138623,0.15525568,-0.75760823,0.29576015,0.18362530,1.18828988,-0.50767976,0.00000006,-1.02325177,-0.83014059,0.20359409,1.07276666,-0.44416514,-0.00000003,-0.07087224,0.09016370,0.50784147,-0.37121436,0.69115400,-0.69380921,-0.09056021,-0.72245920,-0.00371193,-0.00000001,-0.75882381,-0.56897378,0.26734117,-0.03344005,0.62794012,-0.00799757,0.00000000
0.11500317,-0.06618829,0.91271830,-0.01703985,-0.63784993,0.75366282,0.15763728,-0.77301300,0.29983220,0.18386406,1.19451010,-0.51213264,0.00000006,-1.04368699,-0.83254588,0.20928456,1.08604634,-0.45233503,-0.00000003,-0.07467261,0.09567159,0.51422501,-0.37190604,0.69048989,-0.69547695,-0.09033232,-0.72384536,-0.00367818,-0.00000001,-0.76908517,-0.58722585,0.24957900,-0.00490050,0.62986219,-0.00645452,0.00000000
0.11425326,-0.06596769,0.90985900,-0.01328071,-0.63444155,0.75596827,0.16068484,-0.78706008,0.30296800,0.18471827,1.19811475,-0.51616251,0.00000006,-1.06156588,-0.83470541,0.21293774,1.09568393,-0.45698088,-0.00000003,-0.07653507,0.10045301,0.51781517,-0.37193063,0.69074434,-0.69716448,-0.09028392,-0.72521871,-0.00371466,-0.00000001,-0.77860230,-0.60711658,0.23078775,0.02543261,0.63183194,-0.00471406,0.00000000
0.11419031,-0.06652427,0.90762979,-0.00853487,-0.63091254,0.75826174,0.16405965,-0.80042815,0.30563560,0.18588023,1.20041192,-0.51998067,0.00000006,-1.07816660,-0.83674186,0.21557230,1.10350084,-0.45986465,-0.00000003,-0.07742860,0.10487120,0.52000880,-0.37162173,0.69145805,-0.69886178,-0.09032524,-0.72658581,-0.00378627,-0.00000001,-0.78774720,-0.62782681,0.21148191,0.05666249,0.63382542,-0.00287490,0.00000000
0.11968515,-0.06576656,0.90741426,-0.00112097,-0.62889361,0.75983965,0.16472779,-0.81110185,0.30782309,0.18767558,1.19919252,-0.52260661,0.00000006,-1.09034097,-0.83852464,0.21497354,1.10561037,-0.45770228,-0.00000003,-0.07601991,0.10665858,0.52001393,-0.37067714,0.69316274,-0.70069641,-0.09040367,-0.72798091,-0.00386902,-0.00000001,-0.79590380,-0.64919758,0.19233899,0.08812715,0.63576853,-0.00096789,0.00000000
0.12467209,-0.06524365,0.90750706,0.00571761,-0.62743872,0.76084906,0.16551951,-0.82042813,0.30994672,0.18952437,1.19693100,-0.52455658,0.00000006,-1.10081446,-0.83995122,0.21336231,1.10617900,-0.45407727,-0.00000003,-0.07422010,0.10759470,0.52001786,-0.36996311,0.69483006,-0.70254737,-0.09052742,-0.72938997,-0.00394495,-0.00000001,-0.80333060,-0.66944391,0.17460264,0.11845140,0.63762385,0.00089277,0.00000000
0.12864324,-0.06519033,0.90821666,0.01140515,-0.62716281,0.76078296,0.16657160,-0.82705951,0.31194285,0.19147992,1.19258511,-0.52515417,0.00000006,-1.10788631,-0.84066451,0.20972604,1.10366464,-0.44752675,-0.00000003,-0.07163806,0.10682830,0.52001935,-0.36971024,0.69642329,-0.70443118,-0.09074181,-0.73082697,-0.00400724,-0.00000001,-0.80929798,-0.68744135,0.15967950,0.14649488,0.63930386,0.00266075,0.00000000
0.13531820,-0.06627064,0.90957361,0.01838188,-0.62768191,0.76025838,0.16638759,-0.83067769,0.31361023,0.19337913,1.18614781,-0.52411109,0.00000006,-1.11103141,-0.84065074,0.20413812,1.09869409,-0.43826360,-0.00000003,-0.06785476,0.10379434,0.52001941,-0.37055656,0.69740778,-0.70635462,-0.09117232,-0.73229522,-0.00404775,-0.00000001,-0.81441325,-0.70133370,0.14904623,0.17006743,0.64070064,0.00409756,0.00000001
0.14334509,-0.06791776,0.91125429,0.02600236,-0.62857401,0.75947493,0.16557899,-0.83278930,0.31511319,0.19525017,1.17866457,-0.52224779,0.00000006,-1.11221325,-0.84027326,0.19757438,1.09249520,-0.42764398,-0.00000003,-0.06347086,0.09962657,0.52001894,-0.37195247,0.69808787,-0.70829791,-0.09171091,-0.73377901,-0.00407738,-0.00000001,-0.81910247,-0.71317345,0.14055790,0.19140445,0.64195591,0.00536879,0.00000001
0.14645934,-0.06760672,0.91308594,0.02909928,-0.62986898,0.75863838,0.16396959,-0.82995898,0.31553051,0.19689468,1.16747880,-0.51726872,0.00000006,-1.10712850,-0.83794338,0.18820363,1.08374357,-0.41365659,-0.00000003,-0.05709456,0.09268039,0.51896542,-0.37574375,0.69708103,-0.71049809,-0.09302733,-0.73527753,-0.00409486,-0.00000001,-0.82293117,-0.71602285,0.14065732,0.20329642,0.64271045,0.00585293,0.00000001
0.15023303,-0.06788174,0.91543067,0.03254853,-0.63124919,0.75779688,0.16189146,-0.82555288,0.31560531,0.19854684,1.15487242,-0.51115561,0.00000006,-1.10006237,-0.83507860,0.17801163,1.07419360,-0.39859241,-0.00000003,-0.05001863,0.08492120,0.51553017,-0.38011822,0.69560730,-0.71282947,-0.09456790,-0.73678076,-0.00410209,-0.00000001,-0.82637268,-0.71594340,0.14348884,0.21224698,0.64330667,0.00611291,0.00000001
0.15532558,-0.06932885,0.91880155,0.03670249,-0.63280278,0.75694901,0.15887669,-0.81799519,0.31499538,0.20021431,1.13942492,-0.50277412,0.00000006,-1.08903420,-0.83114427,0.16617724,1.06304669,-0.38137451,-0.00000003,-0.04154342,0.07553600,0.50733107,-0.38565922,0.69319963,-0.71542382,-0.09655681,-0.73829341,-0.00408882,-0.00000001,-0.82903939,-0.71000606,0.15178473,0.21531454,0.64358664,0.00592456,0.00000001
0.15888971,-0.07059183,0.92396063,0.03982619,-0.63415480,0.75620139,0.15627217,-0.80745143,0.31399900,0.20220685,1.12066567,-0.49188751,0.00000006,-1.07478523,-0.82634759,0.15306370,1.05021918,-0.36239356,-0.00000003,-0.03198506,0.06582660,0.49522424,-0.39125621,0.69070768,-0.71831703,-0.09874944,-0.73981774,-0.00404608,-0.00000001,-0.83040512,-0.69944119,0.16447580,0.21419191,0.64363229,0.00553611,0.00000001
0.16168964,-0.07176276,0.93001372,0.04243463,-0.63540459,0.75550210,0.15387248,-0.79541487,0.31280944,0.20436187,1.10025060,-0.47974840,0.00000006,-1.05892611,-0.82111984,0.13931058,1.03655112,-0.34253100,-0.00000003,-0.02188515,0.05595509,0.48116359,-0.39688122,0.68817377,-0.72135955,-0.10104392,-0.74134815,-0.00398860,-0.00000001,-0.83112061,-0.68656254,0.17936450,0.21097422,0.64356083,0.00504760,0.00000001
0.16428380,-0.07818522,0.93852979,0.04695841,-0.63686961,0.75403625,0.15369229,-0.77857101,0.31110924,0.20699938,1.07523692,-0.46391299,0.00000006,-1.03917801,-0.81465173,0.12411407,1.02057362,-0.32059708,-0.00000003,-0.01091713,0.04627566,0.46186548,-0.40122047,0.68659198,-0.72476178,-0.10320216,-0.74288833,-0.00388025,-0.00000001,-0.82995123,-0.66963398,0.19829248,0.20401330,0.64328462,0.00447632,0.00000001
0.16612597,-0.08337072,0.94799536,0.05006287,-0.63886333,0.75228220,0.15303178,-0.76029152,0.30911279,0.20985040,1.04899490,-0.44689110,0.00000006,-1.01867425,-0.80780661,0.10865252,1.00388467,-0.29820451,-0.00000003,0.00018199,0.03721633,0.44109446,-0.40463114,0.68577176,-0.72826004,-0.10512750,-0.74442458,-0.00374523,-0.00000001,-0.82833350,-0.65232146,0.21762246,0.19667760,0.64300156,0.00393645,0.00000001
0.16646416,-0.08608228,0.95936006,0.05032999,-0.64193350,0.74997449,0.15141526,-0.73914099,0.30652365,0.21312858,1.02029562,-0.42749608,0.00000006,-0.99665833,-0.80020708,0.09266103,0.98577273,-0.27489462,-0.00000003,0.01154332,0.02939723,0.41737756,-0.40618420,0.68647480,-0.73195046,-0.10658698,-0.74595344,-0.00355687,-0.00000001,-0.82581884,-0.63424110,0.23775636,0.18859226,0.64270461,0.00345937,0.00000001
0.16625284,-0.08964632,0.97209269,0.05024561,-0.64497453,0.74759400,0.15028824,-0.71568364,0.30309358,0.21681598,0.98988461,-0.40635228,0.00000006,-0.97327173,-0.79205406,0.07665845,0.96676248,-0.25126684,-0.00000003,0.02336049,0.02265509,0.39116895,-0.40559307,0.68874526,-0.73590642,-0.10750014,-0.74745548,-0.00329944,-0.00000001,-0.82319373,-0.61624998,0.25777930,0.18023330,0.64241767,0.00301932,0.00000001
0.16576675,-0.09363661,0.98550922,0.04998507,-0.64799595,0.74517179,0.14940485,-0.69107294,0.29924306,0.22070792,0.95861781,-0.38433409,0.00000006,-0.94919986,-0.78362399,0.06065031,0.94730306,-0.22748013,-0.00000003,0.03540558,0.01645143,0.36371449,-0.40392986,0.69179946,-0.73999524,-0.10814011,-0.74894416,-0.00300748,-0.00000001,-0.82051337,-0.59830362,0.27774674,0.17173752,0.64213580,0.00259778,0.00000001
0.16515601,-0.09226894,1.00036502,0.04642705,-0.65195066,0.74269038,0.14565656,-0.66463310,0.29460642,0.22487645,0.92637652,-0.36079600,0.00000006,-0.92472702,-0.77491212,0.04554066,0.92686886,-0.20423228,-0.00000003,0.04717910,0.01221102,0.33461839,-0.39936635,0.69696659,-0.74429208,-0.10786764,-0.75038624,-0.00262328,-0.00000001,-0.81714946,-0.58137935,0.29663292,0.16415533,0.64191085,0.00235435,0.00000001
0.16449966,-0.09182625,1.01508248,0.04260713,-0.65553194,0.74037117,0.14252350,-0.63815194,0.29018012,0.22886951,0.89434886,-0.33722535,0.00000006,-0.90084285,-0.76641518,0.03101042,0.90624678,-0.18160056,-0.00000003,0.05847399,0.00870241,0.30618417,-0.39401099,0.70267034,-0.74862564,-0.10724460,-0.75180638,-0.00219482,-0.00000001,-0.81313145,-0.56497353,0.31507644,0.15729986,0.64171070,0.00224411,0.00000001
0.16375206,-0.09323350,1.02952325,0.03826623,-0.65840399,0.73841941,0.14062944,-0.61158836,0.28617427,0.23251161,0.86274827,-0.31358930,0.00000006,-0.87813556,-0.75834793,0.01763901,0.88524908,-0.16020104,-0.00000003,0.06881158,0.00665740,0.27907410,-0.38707197,0.70944756,-0.75303340,-0.10592043,-0.75318265,-0.00167783,-0.00000001,-0.80780560,-0.54960465,0.33263463,0.15189777,0.64156014,0.00240024,0.00000001
0.16217256,-0.09541219,1.04420555,0.03435249,-0.66034752,0.73699993,0.13997194,-0.58551508,0.28334588,0.23526029,0.83314353,-0.29098916,0.00000006,-0.85769784,-0.75107926,0.00575430,0.86439651,-0.14078516,-0.00000003,0.07739099,0.00556708,0.25442216,-0.37931353,0.71659231,-0.75742900,-0.10410628,-0.75451952,-0.00109176,-0.00000001,-0.80128068,-0.53543907,0.34905872,0.14772396,0.64145195,0.00271640,0.00000001
0.16017707,-0.09797662,1.05900860,0.03065229,-0.66182494,0.73584449,0.13993236,-0.55968696,0.28110620,0.23756228,0.80453664,-0.26890707,0.00000006,-0.83839512,-0.74420953,-0.00538707,0.84361637,-0.12236111,-0.00000003,0.08509133,0.00495410,0.23099945,-0.37114543,0.72392112,-0.76181877,-0.10204710,-0.75583661,-0.00047115,-0.00000001,-0.79415643,-0.52187526,0.36491585,0.14416428,0.64136475,0.00311257,0.00000001
0.15708441,-0.09823415,1.07089663,0.02231881,-0.66189647,0.73586816,0.14104302,-0.53580320,0.28160033,0.23844357,0.77994722,-0.24951711,0.00000006,-0.82253301,-0.73943585,-0.01383133,0.82388097,-0.10702068,-0.00000003,0.09019632,0.00530227,0.21144566,-0.36237448,0.73138237,-0.76611197,-0.09952128,-0.75708836,0.00023968,-0.00000001,-0.78587675,-0.50997746,0.37889776,0.14176331,0.64132029,0.00357413,0.00000001
0.15321611,-0.09967356,1.08168352,0.01432697,-0.66264868,0.73537743,0.14110830,-0.51307631,0.28179079,0.23939760,0.75750321,-0.23155068,0.00000006,-0.80787730,-0.73472106,-0.02187434,0.80561483,-0.09275243,-0.00000003,0.09446974,0.00601639,0.19346358,-0.35395181,0.73858649,-0.77019572,-0.09714916,-0.75831658,0.00091189,-0.00000001,-0.77750039,-0.49870676,0.39199138,0.13942008,0.64129615,0.00393367,0.00000001
0.14779650,-0.10347675,1.09026790,0.00702059,-0.66481167,0.73391360,0.13909340,-0.49266347,0.28137404,0.24049705,0.73934990,-0.21643117,0.00000006,-0.79563481,-0.73012364,-0.02911486,0.79028702,-0.08062853,-0.00000003,0.09708008,0.00746241,0.17862499,-0.34622574,0.74527591,-0.77386022,-0.09508443,-0.75949752,0.00150686,-0.00000001,-0.76893109,-0.48868996,0.40330836,0.13719229,0.64131284,0.00408918,0.00000001
0.14301796,-0.10622118,1.09692037,-0.00033736,-0.66716844,0.73211586,0.13745053,-0.47485405,0.28097251,0.24142070,0.72511578,-0.20432107,0.00000006,-0.78551346,-0.72595513,-0.03541037,0.77838278,-0.07095481,-0.00000003,0.09866315,0.00952500,0.16640791,-0.33976111,0.75115162,-0.77701104,-0.09387442,-0.76061070,0.00193465,-0.00000001,-0.76155901,-0.47959566,0.41265568,0.13429983,0.64134341,0.00386191,0.00000001
0.13855994,-0.10843626,1.10260689,-0.00772086,-0.66959941,0.73012608,0.13598904,-0.45834622,0.28057867,0.24225637,0.71284139,-0.19371568,0.00000006,-0.77645284,-0.72200114,-0.04123335,0.76819021,-0.06250619,-0.00000003,0.09973256,0.01189587,0.15550169,-0.33392724,0.75662047,-0.77990502,-0.09309173,-0.76168996,0.00227887,-0.00000001,-0.75478524,-0.47096258,0.42101803,0.13107507,0.64138085,0.00344325,0.00000001
0.13183053,-0.10214511,1.10370517,-0.01163780,-0.67142445,0.72876120,0.13401833,-0.44632661,0.27843988,0.24357627,0.70705467,-0.18754058,0.00000006,-0.77246803,-0.71635288,-0.04705560,0.76304978,-0.05830359,-0.00000002,0.09839426,0.01565729,0.15014710,-0.33004999,0.76100671,-0.78218341,-0.09373985,-0.76265955,0.00240000,-0.00000001,-0.75063342,-0.46494657,0.42512894,0.12737550,0.64150637,0.00236044,0.00000001
0.12698029,-0.09785964,1.10452378,-0.01458434,-0.67344654,0.72719949,0.13205273,-0.43608719,0.27676049,0.24477051,0.70308226,-0.18287775,0.00000006,-0.76940817,-0.71108204,-0.05242168,0.75980490,-0.05539602,-0.00000002,0.09694549,0.01937356,0.14609595,-0.32709369,0.76519012,-0.78405213,-0.09496640,-0.76358294,0.00239255,-0.00000001,-0.74793249,-0.45941696,0.42813030,0.12337203,0.64161325,0.00107752,0.00000001
0.12588839,-0.09758553,1.10478282,-0.01559037,-0.67588335,0.72526705,0.13010165,-0.42940807,0.27599999,0.24571344,0.70273823,-0.18123943,0.00000006,-0.76819777,-0.70656592,-0.05687544,0.76035124,-0.05507852,-0.00000002,0.09527571,0.02299954,0.14465176,-0.32597929,0.76896805,-0.78510129,-0.09734985,-0.76441431,0.00212794,-0.00000001,-0.74813300,-0.45485970,0.42891252,0.11876073,0.64168257,-0.00060560,0.00000001
0.12551047,-0.09969901,1.10399270,-0.01498782,-0.67881799,0.72284436,0.12836508,-0.42596221,0.27623585,0.24639811,0.70609909,-0.18231277,0.00000006,-0.76897085,-0.70271176,-0.06057176,0.76442540,-0.05723613,-0.00000002,0.09333789,0.02655232,0.14566627,-0.32696533,0.77245110,-0.78518701,-0.10083770,-0.76513004,0.00158764,-0.00000001,-0.75091231,-0.45152897,0.42768508,0.11438491,0.64169639,-0.00250657,0.00000001
0.12548953,-0.10300628,1.10267782,-0.01358080,-0.68199277,0.72016656,0.12673415,-0.42413294,0.27696997,0.24695376,0.71131247,-0.18474191,0.00000006,-0.77073556,-0.69918859,-0.06388934,0.77026349,-0.06063132,-0.00000002,0.09126607,0.03006850,0.14791012,-0.32900164,0.77578682,-0.78479105,-0.10487776,-0.76578796,0.00090948,-0.00000002,-0.75498104,-0.44881141,0.42545283,0.11012684,0.64168262,-0.00451647,0.00000001
0.12859905,-0.10852174,1.09967446,-0.01061291,-0.68385583,0.71874410,0.12504195,-0.42700639,0.28041181,0.24657579,0.72159666,-0.19045568,0.00000006,-0.77462685,-0.69741821,-0.06564553,0.78093606,-0.06742182,-0.00000002,0.09001329,0.03246934,0.15388052,-0.33314195,0.77901512,-0.78320199,-0.10981230,-0.76627493,-0.00006515,-0.00000002,-0.76140285,-0.44771931,0.42146888,0.10812914,0.64155918,-0.00629022,0.00000001
0.13101092,-0.11337146,1.09613633,-0.00784316,-0.68525106,0.71777177,0.12317939,-0.43118739,0.28461811,0.24592210,0.73369414,-0.19698671,0.00000006,-0.77943087,-0.69601560,-0.06706228,0.79301572,-0.07526502,-0.00000002,0.08892719,0.03462046,0.16115029,-0.33790022,0.78225899,-0.78127980,-0.11484116,-0.76670194,-0.00110037,-0.00000002,-0.76822239,-0.44723707,0.41706511,0.10740609,0.64139920,-0.00786785,0.00000001
0.13202752,-0.11688966,1.09152842,-0.00546996,-0.68572515,0.71771526,0.12097884,-0.43798339,0.29035345,0.24471679,0.74941820,-0.20515229,0.00000006,-0.78606009,-0.69534808,-0.06780011,0.80790961,-0.08521356,-0.00000002,0.08817443,0.03627211,0.17101885,-0.34389463,0.78553414,-0.77869207,-0.12005873,-0.76700908,-0.00225674,-0.00000002,-0.77583671,-0.44797426,0.41182199,0.10923240,0.64116579,-0.00905319,0.00000001
0.13316956,-0.12105525,1.08597302,-0.00240104,-0.68562585,0.71815127,0.11903840,-0.44680142,0.29771641,0.24278960,0.76839083,-0.21441019,0.00000006,-0.79428661,-0.69548035,-0.06783862,0.82498395,-0.09697710,-0.00000002,0.08780560,0.03736419,0.18318626,-0.35076991,0.78896391,-0.77564645,-0.12494083,-0.76718628,-0.00342899,-0.00000002,-0.78394717,-0.44962996,0.40616924,0.11382750,0.64084542,-0.00976626,0.00000001
0.13437434,-0.12554453,1.07994390,0.00101574,-0.68523359,0.71882659,0.11722695,-0.45663062,0.30589315,0.24050155,0.78898799,-0.22421421,0.00000006,-0.80331171,-0.69601250,-0.06752747,0.84314871,-0.10964815,-0.00000002,0.08762876,0.03817647,0.19650312,-0.35808560,0.79247105,-0.77237195,-0.12965523,-0.76729858,-0.00460919,-0.00000002,-0.79230583,-0.45174479,0.40031177,0.11980699,0.64048147,-0.01024318,0.00000001
0.13567767,-0.12951146,1.07240069,0.00394706,-0.68481153,0.71949112,0.11554253,-0.46880251,0.31632578,0.23709527,0.81326669,-0.23480007,0.00000006,-0.81402445,-0.69773501,-0.06606627,0.86343151,-0.12443116,-0.00000002,0.08813121,0.03834915,0.21227679,-0.36610714,0.79610389,-0.76894015,-0.13340859,-0.76719284,-0.00567699,-0.00000002,-0.80144966,-0.45418558,0.39481136,0.12867172,0.63992280,-0.01018566,0.00000001
0.13752785,-0.13456461,1.06448829,0.00724292,-0.68469787,0.71981353,0.11403903,-0.48156616,0.32732779,0.23336186,0.83849961,-0.24538103,0.00000006,-0.82519126,-0.69975370,-0.06426969,0.88408792,-0.13967635,-0.00000002,0.08877853,0.03847371,0.22881214,-0.37422732,0.79987979,-0.76548696,-0.13671720,-0.76702249,-0.00669681,-0.00000002,-0.81057066,-0.45662683,0.38954434,0.13831878,0.63930178,-0.00998361,0.00000001
0.14047173,-0.14179020,1.05583727,0.01126778,-0.68520659,0.71945739,0.11289837,-0.49551332,0.33946827,0.22897421,0.86564118,-0.25595209,0.00000006,-0.83726633,-0.70236433,-0.06180242,0.90549105,-0.15584593,-0.00000002,0.08971559,0.03850208,0.24687086,-0.38254505,0.80394202,-0.76199120,-0.13913636,-0.76672351,-0.00762067,-0.00000002,-0.81964600,-0.45906889,0.38474393,0.14953054,0.63855642,-0.00949250,0.00000001
0.14076290,-0.14814892,1.04704428,0.01430216,-0.68630999,0.71833664,0.11298917,-0.50996637,0.35271600,0.22388729,0.89370263,-0.26603016,0.00000006,-0.85022020,-0.70516330,-0.05890905,0.92656839,-0.17247476,-0.00000002,0.09039932,0.03853298,0.26590741,-0.39066684,0.80822098,-0.75878072,-0.14044338,-0.76629865,-0.00836892,-0.00000002,-0.82867008,-0.46132046,0.38044700,0.16150066,0.63768107,-0.00889353,0.00000001
0.13972771,-0.15407425,1.03818035,0.01684119,-0.68770820,0.71683139,0.11369531,-0.52467251,0.36651728,0.21845075,0.92222404,-0.27586174,0.00000006,-0.86361372,-0.70805639,-0.05580264,0.94748276,-0.18933326,-0.00000002,0.09095640,0.03856516,0.28543288,-0.39869067,0.81260812,-0.75571299,-0.14119434,-0.76581073,-0.00902936,-0.00000002,-0.83766878,-0.46347672,0.37640181,0.17384997,0.63674086,-0.00824063,0.00000001
0.13887621,-0.15605901,1.02917898,0.01804412,-0.68883538,0.71582580,0.11302066,-0.53889763,0.37979266,0.21243867,0.95121419,-0.28459594,0.00000006,-0.87685335,-0.70970100,-0.05256772,0.96670914,-0.20588104,-0.00000002,0.09122383,0.03856350,0.30413562,-0.40659174,0.81739682,-0.75287944,-0.14033814,-0.76516521,-0.00949554,-0.00000002,-0.84662920,-0.46470013,0.37333533,0.18595244,0.63558847,-0.00772469,0.00000001
0.13795534,-0.15781736,1.02014732,0.01899003,-0.69029415,0.71451640,0.11224863,-0.55283970,0.39278385,0.20624642,0.98006397,-0.29273000,0.00000006,-0.88991117,-0.71090233,-0.04938103,0.98494792,-0.22202751,-0.00000002,0.09138571,0.03859650,0.32243177,-0.41445634,0.82241172,-0.75007117,-0.13886458,-0.76448017,-0.00989585,-0.00000002,-0.85554141,-0.46556708,0.37058836,0.19781384,0.63437361,-0.00729070,0.00000001
0.13689576,-0.15912287,1.01105559,0.01942193,-0.69241697,0.71259940,0.11128203,-0.56621593,0.40520677,0.19969378,1.00863290,-0.29966375,0.00000006,-0.90260518,-0.71121716,-0.04629080,1.00121164,-0.23737130,-0.00000002,0.09133651,0.03869880,0.33991510,-0.42224804,0.82787853,-0.74731350,-0.13615622,-0.76371622,-0.01016440,-0.00000002,-0.86435711,-0.46572122,0.36848012,0.20919296,0.63303363,-0.00702059,0.00000001
0.13588631,-0.15750365,1.00234556,0.01773676,-0.69521499,0.71028626,0.10888046,-0.57904261,0.41664851,0.19296733,1.03622830,-0.30495957,0.00000006,-0.91479576,-0.71052110,-0.04358631,1.01444936,-0.25129139,-0.00000002,0.09124067,0.03905286,0.35654834,-0.42994663,0.83386034,-0.74460131,-0.13219979,-0.76289123,-0.01030356,-0.00000002,-0.87246156,-0.46493915,0.36728391,0.22001591,0.63159996,-0.00690059,0.00000001
0.13490194,-0.15442207,0.99382633,0.01499264,-0.69833338,0.70775765,0.10575875,-0.59159476,0.42759955,0.18615402,1.06333697,-0.30943647,0.00000006,-0.92673463,-0.70931953,-0.04107470,1.02617395,-0.26449963,-0.00000002,0.09112148,0.03953279,0.37275657,-0.43759868,0.84009975,-0.74191201,-0.12761934,-0.76203603,-0.01037802,-0.00000002,-0.88021034,-0.46368894,0.36654380,0.23056078,0.63011920,-0.00685564,0.00000001
0.13209461,-0.15190865,0.98631829,0.01366114,-0.70125985,0.70496577,0.10522014,-0.60334939,0.43563634,0.17981131,1.08735061,-0.31134668,0.00000006,-0.93783581,-0.70610309,-0.04011529,1.03134656,-0.27495518,-0.00000002,0.09142812,0.04110092,0.38883626,-0.44418275,0.84735280,-0.73982608,-0.12126240,-0.76106220,-0.01019229,-0.00000002,-0.88494110,-0.46199957,0.36702314,0.24196130,0.62853712,-0.00666179,0.00000001
0.12899181,-0.15034541,0.97975534,-0.01297228,0.70495069,-0.70119530,-0.10583663,-0.61465454,0.44254756,0.17381282,1.11025357,-0.31223643,0.00000006,-0.94837207,-0.70229566,-0.03979563,1.03384757,-0.28419644,-0.00000002,0.09178243,0.04305099,0.40456092,-0.45043215,0.85519379,-0.73781723,-0.11431134,-0.76006162,-0.00993972,-0.00000002,-0.88841069,-0.46041551,0.36780050,0.25374809,0.62693608,-0.00641160,0.00000001
0.12529810,-0.15068260,0.97508234,-0.01356855,0.71015966,-0.69545674,-0.10876165,-0.62506020,0.44720760,0.16850270,1.13093567,-0.31108522,0.00000006,-0.95777810,-0.69730616,-0.04075546,1.03100634,-0.29100895,-0.00000002,0.09223208,0.04576496,0.41957504,-0.45601186,0.86421037,-0.73596209,-0.10617203,-0.75900733,-0.00955346,-0.00000002,-0.88935751,-0.45904186,0.36917391,0.26630726,0.62529755,-0.00604875,0.00000001
0.12004317,-0.14956993,0.97312140,-0.01313732,0.71550441,-0.68927085,-0.11307754,-0.63454711,0.44924539,0.16436745,1.14953995,-0.30788961,0.00000006,-0.96348482,-0.69181168,-0.04259295,1.02279842,-0.29478055,-0.00000002,0.09421025,0.04855199,0.43141058,-0.46079811,0.87509584,-0.73393434,-0.09714381,-0.75793040,-0.00916316,-0.00000002,-0.88857871,-0.45827836,0.37069842,0.27914235,0.62363279,-0.00573390,0.00000001
0.11400764,-0.14773236,0.97251636,-0.01219161,0.72087604,-0.68282193,-0.11808223,-0.64357489,0.44997200,0.16081965,1.16710532,-0.30367178,0.00000006,-0.96734178,-0.68606466,-0.04486928,1.01190722,-0.29703167,-0.00000002,0.09695268,0.05137555,0.44165689,-0.46518743,0.88691568,-0.73182029,-0.08767120,-0.75684220,-0.00877083,-0.00000002,-0.88693702,-0.45781991,0.37229851,0.29211524,0.62195528,-0.00544307,0.00000001
0.11216994,-0.15222582,0.97727948,-0.01278905,0.72602385,-0.67644584,-0.12307233,-0.65163356,0.44784555,0.15875816,1.18384564,-0.29649219,0.00000006,-0.96156853,-0.68255061,-0.04659565,0.99465561,-0.29360753,-0.00000002,0.10486252,0.05274725,0.44407609,-0.46949643,0.90254748,-0.72839475,-0.07768366,-0.75574762,-0.00873391,-0.00000002,-0.88468438,-0.45738181,0.37420186,0.30344576,0.62021244,-0.00569281,0.00000001
0.10790552,-0.15706569,0.98406059,-0.01162778,0.73183244,-0.66925907,-0.12797780,-0.66030777,0.44478518,0.15716682,1.20121574,-0.28869510,0.00000006,-0.95194435,-0.68016183,-0.04782618,0.97592705,-0.28841093,-0.00000002,0.11533079,0.05329561,0.44432142,-0.47369274,0.91962898,-0.72445214,-0.06745803,-0.75466287,-0.00883155,-0.00000002,-0.88212037,-0.45684046,0.37626535,0.31428683,0.61845773,-0.00611065,0.00000001
0.09878769,-0.16259837,0.99487752,-0.00694985,0.73899001,-0.66047817,-0.13271801,-0.67021286,0.43985707,0.15651579,1.21984553,-0.27966297,0.00000006,-0.93461823,-0.68002331,-0.04806504,0.95424467,-0.27966970,-0.00000002,0.13091591,0.05219729,0.44021881,-0.47766390,0.93960977,-0.71947563,-0.05675617,-0.75359768,-0.00919828,-0.00000002,-0.87893343,-0.45609248,0.37864891,0.32414934,0.61667889,-0.00686470,0.00000001
0.08554555,-0.16780353,1.00901496,0.00211591,0.74778855,-0.64997321,-0.13543509,-0.68168640,0.43274668,0.15706910,1.24369168,-0.27047172,0.00000006,-0.91030294,-0.68213689,-0.04712440,0.93071270,-0.26812270,-0.00000002,0.15142752,0.04939397,0.43319902,-0.48178193,0.96246845,-0.71326602,-0.04546085,-0.75256169,-0.00986891,-0.00000002,-0.87411648,-0.45558709,0.38114572,0.33396930,0.61492860,-0.00781671,0.00000001
0.07024126,-0.17284493,1.02481234,0.01337413,0.75723076,-0.63845438,-0.13710846,-0.69394392,0.42454523,0.15822452,1.27014601,-0.26120090,0.00000006,-0.88249302,-0.68537641,-0.04559403,0.90625602,-0.25517288,-0.00000002,0.17440240,0.04573817,0.42472056,-0.48597336,0.98676592,-0.70643985,-0.03386881,-0.75154030,-0.01069148,-0.00000002,-0.86848462,-0.45520300,0.38369918,0.34376791,0.61319238,-0.00886769,0.00000001
0.05280906,-0.18236209,1.04385376,0.02047890,0.76228523,-0.63203025,-0.13798453,-0.70720237,0.41640249,0.16014338,1.30929065,-0.25379220,0.00000006,-0.85156441,-0.69027770,-0.04423112,0.88228345,-0.24065454,-0.00000002,0.19896206,0.03874752,0.41906399,-0.49233165,1.01342702,-0.69798583,-0.02125023,-0.75047886,-0.01187442,-0.00000002,-0.85648906,-0.45685995,0.38596457,0.35698903,0.61161995,-0.00957961,0.00000001
0.03560502,-0.19183631,1.06323671,0.02772879,0.76710075,-0.62565249,-0.13909176,-0.72178680,0.40665963,0.16381964,1.35375917,-0.24729580,0.00000006,-0.81947756,-0.69374758,-0.04371279,0.85967088,-0.22628462,-0.00000002,0.22351001,0.03054401,0.41527963,-0.49958003,1.04091513,-0.68884850,-0.00802729,-0.74940485,-0.01316924,-0.00000002,-0.84154844,-0.45951957,0.38808170,0.37198040,0.61012810,-0.01006184,0.00000001
0.01885730,-0.20122467,1.08330297,0.03527055,0.77152854,-0.61944294,-0.14067747,-0.73902345,0.39371693,0.17101079,1.40887630,-0.24262400,0.00000006,-0.78507352,-0.69435424,-0.04488361,0.83977860,-0.21221153,-0.00000002,0.24803454,0.01991476,0.41523972,-0.50860840,1.07005692,-0.67834413,0.00640439,-0.74830592,-0.01468782,-0.00000002,-0.82071751,-0.46418476,0.38990217,0.39051217,0.60879743,-0.01008472,0.00000001
0.00141262,-0.20350172,1.10382009,0.04704139,0.77574557,-0.61256981,-0.14409775,-0.76116306,0.37475899,0.18503027,1.47439277,-0.24012050,0.00000006,-0.74719191,-0.68943560,-0.04869425,0.82336050,-0.19839329,-0.00000002,0.27299932,0.00713844,0.41977862,-0.51949376,1.10161793,-0.66593605,0.02285283,-0.74718517,-0.01643064,-0.00000002,-0.79289913,-0.47137418,0.39137483,0.41362315,0.60766387,-0.00941180,0.00000001
-0.01638053,-0.20222311,1.12456262,0.06091671,0.77970600,-0.60524631,-0.14840701,-0.78575444,0.35279334,0.20246391,1.54510844,-0.23870125,0.00000006,-0.70757163,-0.68175423,-0.05382480,0.80867952,-0.18470247,-0.00000002,0.29818431,-0.00671142,0.42660692,-0.53130770,1.13438845,-0.65257591,0.04030966,-0.74605376,-0.01828556,-0.00000002,-0.76158702,-0.47982565,0.39267376,0.43902364,0.60662907,-0.00839098,0.00000001
-0.03542966,-0.21259464,1.13725603,0.07537842,0.78592682,-0.59217346,-0.16114508,-0.81897759,0.32293963,0.23277201,1.62328970,-0.24081616,0.00000006,-0.66361696,-0.66468745,-0.06261076,0.79756212,-0.17175299,-0.00000002,0.32024860,-0.02130684,0.44151714,-0.54684997,1.17158031,-0.63550353,0.06204456,-0.74483579,-0.02043505,-0.00000002,-0.71742308,-0.49342310,0.39319599,0.47325322,0.60595399,-0.00585595,0.00000001
-0.05178960,-0.22175515,1.14923763,0.08856562,0.79330200,-0.57773501,-0.17044149,-0.85312968,0.29318008,0.26483706,1.69539928,-0.24359424,0.00000006,-0.61907887,-0.64693964,-0.07105377,0.78611153,-0.15953153,-0.00000002,0.34093732,-0.03431488,0.45622110,-0.56341094,1.21021163,-0.61720902,0.08574551,-0.74357051,-0.02259863,-0.00000002,-0.67045921,-0.50821531,0.39357606,0.50900149,0.60539275,-0.00308262,0.00000001
-0.06277119,-0.22849356,1.15979564,0.09924454,0.80347806,-0.56094676,-0.17295165,-0.88913935,0.26360908,0.30041581,1.75536537,-0.24769861,0.00000006,-0.57337427,-0.62782967,-0.07881093,0.77399462,-0.14876610,-0.00000002,0.35887471,-0.04414816,0.47051236,-0.58200908,1.25172257,-0.59646994,0.11337858,-0.74221098,-0.02479039,-0.00000002,-0.61789584,-0.52539688,0.39367154,0.54778695,0.60505927,0.00016735,0.00000001
-0.07121526,-0.23157124,1.16829348,0.11082510,0.81692064,-0.54135281,-0.16521384,-0.92340219,0.23167302,0.33942962,1.79646671,-0.25192612,0.00000006,-0.52772337,-0.60470986,-0.08724151,0.76123732,-0.13990492,-0.00000002,0.37632462,-0.04930419,0.48019788,-0.60132772,1.29620683,-0.57413512,0.14564171,-0.74071646,-0.02681379,-0.00000002,-0.56321162,-0.54414737,0.39327461,0.58725876,0.60493547,0.00344746,0.00000001
-0.07839055,-0.23281854,1.17576110,0.12278140,0.83146447,-0.52001178,-0.15224758,-0.95679164,0.19855447,0.38016099,1.82813561,-0.25621513,0.00000006,-0.48209950,-0.57958531,-0.09600880,0.74815983,-0.13199575,-0.00000002,0.39353088,-0.05212162,0.48758045,-0.62100661,1.34217811,-0.55100232,0.18021990,-0.73915428,-0.02875301,-0.00000002,-0.50746691,-0.56368232,0.39263144,0.62707347,0.60491645,0.00674264,0.00000001
-0.08411302,-0.23289885,1.17593753,0.13883613,0.84773320,-0.49388322,-0.13473004,-0.97915077,0.16601767,0.41349816,1.81839561,-0.25962403,0.00000006,-0.44030240,-0.55155760,-0.10488333,0.73478907,-0.12739815,-0.00000002,0.41265395,-0.04845684,0.48341614,-0.63895231,1.39094090,-0.52803934,0.22286710,-0.73732620,-0.02983399,-0.00000002,-0.45534849,-0.58458364,0.39056793,0.66343516,0.60509068,0.00907861,0.00000001
-0.08715828,-0.23484498,1.17622185,0.14979744,0.86144173,-0.47002950,-0.12062795,-0.99570310,0.13509330,0.44122538,1.79657280,-0.26250419,0.00000006,-0.40196264,-0.52436066,-0.11337598,0.72118348,-0.12377211,-0.00000002,0.43145731,-0.04322437,0.47687227,-0.65549105,1.43865216,-0.50669092,0.26698574,-0.73534262,-0.03057786,-0.00000002,-0.40554732,-0.60516864,0.38820669,0.69792777,0.60530049,0.01100172,0.00000001
-0.08484909,-0.24052282,1.17672169,0.15086846,0.87187922,-0.45182535,-0.11366227,-1.00064170,0.10739382,0.45773262,1.75058484,-0.26432663,0.00000006,-0.37053788,-0.49882516,-0.12110491,0.70710826,-0.12208907,-0.00000002,0.44962105,-0.03485650,0.46556941,-0.66921604,1.48426116,-0.48857161,0.31404719,-0.73304760,-0.03064757,-0.00000002,-0.36038116,-0.62512118,0.38524982,0.72868264,0.60558152,0.01209910,0.00000001
-0.08475681,-0.24780920,1.17437661,0.14952698,0.88318187,-0.43154067,-0.10679013,-0.99569988,0.08214796,0.46509430,1.68347621,-0.26496857,0.00000006,-0.34464720,-0.47349459,-0.12865652,0.69420236,-0.12180522,-0.00000002,0.46725029,-0.02444715,0.44964951,-0.68013746,1.52770436,-0.47372320,0.36387292,-0.73042983,-0.03005419,-0.00000002,-0.31905159,-0.64467770,0.38173836,0.75612628,0.60593325,0.01249193,0.00000001
-0.08577298,-0.25589985,1.17060888,0.14692362,0.89458334,-0.41005939,-0.09992655,-0.98581803,0.05812889,0.46788311,1.60580742,-0.26502034,0.00000006,-0.32152364,-0.44826639,-0.13611951,0.68188113,-0.12222100,-0.00000002,0.48461244,-0.01301707,0.43142101,-0.68965709,1.57006466,-0.46051031,0.41508076,-0.72765070,-0.02912926,-0.00000002,-0.27964044,-0.66403621,0.37794948,0.78191441,0.60632068,0.01253249,0.00000001
-0.09052246,-0.26455098,1.16362345,0.13445805,0.90457493,-0.39312249,-0.09549821,-0.96137106,0.03617859,0.46109137,1.51253796,-0.26359311,0.00000005,-0.30832678,-0.42365733,-0.14337118,0.67008555,-0.12418165,-0.00000002,0.49895188,0.00014132,0.40967602,-0.69523215,1.60779929,-0.45251375,0.46913299,-0.72434098,-0.02729359,-0.00000002,-0.24526249,-0.68298888,0.37339920,0.80351681,0.60681218,0.01171751,0.00000001
-0.09510563,-0.27257362,1.15653479,0.12077405,0.91385454,-0.37661904,-0.09187818,-0.93307430,0.01482306,0.45262602,1.41919506,-0.26212505,0.00000005,-0.29846415,-0.39932641,-0.15049477,0.65802389,-0.12650916,-0.00000002,0.51081026,0.01309432,0.38799334,-0.69959635,1.64321625,-0.44640532,0.52335745,-0.72083479,-0.02521632,-0.00000002,-0.21239209,-0.70237023,0.36841625,0.82414675,0.60736197,0.01068028,0.00000001
-0.09935620,-0.27933937,1.14923978,0.10473605,0.92220908,-0.36121097,-0.08993000,-0.89707839,-0.00534292,0.44081339,1.32570493,-0.26057518,0.00000005,-0.29527003,-0.37555152,-0.15736227,0.64542991,-0.12957038,-0.00000002,0.51770627,0.02563650,0.36643547,-0.70153862,1.67399836,-0.44407308,0.57792658,-0.71693611,-0.02265584,-0.00000002,-0.18253674,-0.72260845,0.36256823,0.84283209,0.60802871,0.00919856,0.00000001
-0.10069902,-0.28296730,1.14011872,0.08907180,0.92917639,-0.34807813,-0.08682808,-0.85561514,-0.02316245,0.42674038,1.23572659,-0.25977421,0.00000005,-0.29725674,-0.35321948,-0.16335526,0.63234580,-0.13325210,-0.00000002,0.52001786,0.03706253,0.34597340,-0.70116562,1.69945896,-0.44544831,0.63233167,-0.71263856,-0.01957886,-0.00000002,-0.15506715,-0.74447596,0.35580957,0.86043221,0.60879970,0.00743722,0.00000001
-0.10058799,-0.28502631,1.13008487,0.07358318,0.93528640,-0.33602595,-0.08313500,-0.81141829,-0.03980875,0.41153723,1.14750433,-0.25934765,0.00000005,-0.30183384,-0.33160883,-0.16891098,0.61901665,-0.13724400,-0.00000002,0.52003711,0.04793046,0.32605922,-0.69963485,1.72225916,-0.44867727,0.68665469,-0.70814139,-0.01624365,-0.00000002,-0.12879035,-0.76715833,0.34859568,0.87748992,0.60962278,0.00553607,0.00000001
-0.09669617,-0.28707275,1.12072074,0.06620201,0.94454294,-0.31173763,-0.07921833,-0.76578492,-0.05101508,0.39670095,1.06979489,-0.26139563,0.00000005,-0.31123295,-0.31088889,-0.17251116,0.60474420,-0.14115553,-0.00000002,0.52002251,0.05526611,0.31262568,-0.69439226,1.73339891,-0.45812058,0.73784781,-0.70298374,-0.01227795,-0.00000002,-0.10472497,-0.79335570,0.34005773,0.89451027,0.61061114,0.00355644,0.00000001
-0.09136638,-0.28957263,1.11172533,0.05919534,0.95315021,-0.28690067,-0.07542282,-0.72107744,-0.05906589,0.38303068,0.99563903,-0.26403949,0.00000005,-0.32024750,-0.29057768,-0.17498456,0.59014571,-0.14447129,-0.00000002,0.51679760,0.06055446,0.30164930,-0.68803281,1.74032700,-0.46947274,0.78775305,-0.69762313,-0.00808449,-0.00000002,-0.08050697,-0.82099903,0.33123514,0.91231465,0.61164302,0.00175440,0.00000001
-0.08316065,-0.29297939,1.10346746,0.05299107,0.96113807,-0.26121187,-0.07193006,-0.67822158,-0.06080570,0.37169245,0.92859036,-0.26787525,0.00000005,-0.32849291,-0.27108395,-0.17520441,0.57489532,-0.14659548,-0.00000002,0.50715244,0.06174824,0.29558730,-0.67943954,1.73883200,-0.48464268,0.83508277,-0.69185638,-0.00343550,-0.00000002,-0.05598376,-0.85153365,0.32184294,0.93168783,0.61276197,0.00030753,0.00000001
-0.07924789,-0.29735592,1.09731066,0.04715660,0.96913302,-0.23210269,-0.06845299,-0.63635594,-0.05497610,0.36316487,0.86709672,-0.27232864,0.00000005,-0.33485273,-0.25152987,-0.17349410,0.55900067,-0.14687158,-0.00000002,0.48707604,0.05651388,0.29339096,-0.66933578,1.72868764,-0.50297087,0.87926209,-0.68569976,0.00159731,-0.00000002,-0.03004510,-0.88609582,0.31187612,0.95381129,0.61393940,-0.00056869,0.00000001
-0.07748162,-0.30221736,1.09220445,0.04148008,0.97652459,-0.20115077,-0.06494258,-0.59498543,-0.04536177,0.35604250,0.80838066,-0.27709076,0.00000005,-0.34026980,-0.23194580,-0.17081872,0.54278398,-0.14622360,-0.00000002,0.46178406,0.04806545,0.29312730,-0.65847671,1.71421885,-0.52287859,0.92186594,-0.67934811,0.00682203,-0.00000002,-0.00339869,-0.92267168,0.30162191,0.97731000,0.61514616,-0.00115959,0.00000001
-0.07072127,-0.30825776,1.09069300,0.03584533,0.98536664,-0.15638785,-0.05753740,-0.55275685,-0.02326085,0.35318604,0.75589007,-0.28234407,0.00000005,-0.34343886,-0.21091133,-0.16599788,0.52520841,-0.14252071,-0.00000002,0.41887423,0.02633215,0.29706460,-0.64690661,1.68634987,-0.54645973,0.95834178,-0.67241222,0.01234550,-0.00000002,0.02669756,-0.96652794,0.29065564,1.00646079,0.61637563,-0.00055026,0.00000001
-0.06335303,-0.31537685,1.08917153,0.02920466,0.99305803,-0.10207123,-0.05063799,-0.50950593,0.00300781,0.35173222,0.70504391,-0.28768036,0.00000005,-0.34658271,-0.19008681,-0.16052726,0.50707263,-0.13792612,-0.00000002,0.36980316,0.00072668,0.30171111,-0.63624954,1.65424967,-0.57063389,0.99181986,-0.66529101,0.01766513,-0.00000002,0.05714921,-1.01242626,0.27963465,1.03696775,0.61756581,0.00040968,0.00000001
-0.05476902,-0.32465330,1.08762956,0.02058406,0.99836612,-0.02891631,-0.04478041,-0.46421027,0.03761193,0.35308370,0.65748638,-0.29318294,0.00000005,-0.34967619,-0.16968226,-0.15375707,0.48781663,-0.13154818,-0.00000002,0.30840975,-0.03262311,0.30777615,-0.62741876,1.61368740,-0.59599364,1.01930225,-0.65779907,0.02257710,-0.00000002,0.08831171,-1.06240916,0.26850423,1.07018721,0.61867744,0.00207084,0.00000001
-0.05098947,-0.33051601,1.08849275,0.01355639,0.99889970,0.02315996,-0.03846071,-0.41948843,0.06991202,0.35936925,0.61367017,-0.29831448,0.00000005,-0.35058740,-0.15350875,-0.14516228,0.46929452,-0.12408867,-0.00000002,0.24878064,-0.05821232,0.30866987,-0.62501216,1.57451344,-0.61897188,1.04125082,-0.65015191,0.02609705,-0.00000002,0.11300623,-1.11254311,0.25783551,1.10015142,0.61948371,0.00332582,0.00000001
-0.04961215,-0.33467180,1.09055853,0.00734708,0.99737477,0.06457257,-0.03193774,-0.37505355,0.10106011,0.36812195,0.57172459,-0.30326054,0.00000005,-0.35040751,-0.13945076,-0.13565527,0.45113939,-0.11608839,-0.00000002,0.19003375,-0.07992125,0.30697793,-0.62581772,1.53603339,-0.64075947,1.06043208,-0.64242715,0.02892100,-0.00000002,0.13446677,-1.16275263,0.24739769,1.12848783,0.62013727,0.00437771,0.00000001
-0.05126171,-0.33752313,1.09210038,0.00229598,0.99556011,0.09014182,-0.02700387,-0.33146769,0.12640966,0.38202322,0.53467268,-0.30784744,0.00000005,-0.34816864,-0.12710305,-0.12554115,0.43456647,-0.10749783,-0.00000002,0.13398108,-0.09379048,0.29984084,-0.63688439,1.50016451,-0.65899891,1.07196152,-0.63451236,0.02987799,-0.00000002,0.14789639,-1.21401906,0.23761989,1.15260231,0.62029213,0.00500748,0.00000001
-0.05350985,-0.34105587,1.09473681,-0.00553271,0.99187177,0.12503296,-0.02294811,-0.28682974,0.15132119,0.39664373,0.49921498,-0.31226140,0.00000005,-0.34616032,-0.11521689,-0.11530765,0.41818103,-0.09884125,-0.00000002,0.07624304,-0.10745183,0.29121727,-0.65156263,1.46447194,-0.67618370,1.08079779,-0.62655610,0.03023856,-0.00000002,0.15989774,-1.26622796,0.22789378,1.17619336,0.62032801,0.00562223,0.00000001
-0.05695513,-0.34595147,1.09956241,-0.01889560,0.98356241,0.17838773,-0.02063464,-0.24008751,0.17535667,0.41270268,0.46694571,-0.31632948,0.00000005,-0.34461316,-0.10425398,-0.10483548,0.40217075,-0.09005260,-0.00000002,0.01513425,-0.12069751,0.27962068,-0.67346376,1.42913222,-0.69125915,1.08424735,-0.61851734,0.02940626,-0.00000001,0.16904266,-1.32032096,0.21827117,1.19873750,0.62012565,0.00620693,0.00000001
-0.06002564,-0.34888145,1.10200489,-0.02712029,0.97690219,0.21125230,-0.01729435,-0.19634919,0.19329551,0.43111300,0.43756196,-0.31976253,0.00000005,-0.34046987,-0.09405676,-0.09453080,0.38793370,-0.08167195,-0.00000002,-0.03958210,-0.12696792,0.26635450,-0.69966060,1.39507532,-0.70489818,1.08471346,-0.61050761,0.02805284,-0.00000001,0.17443827,-1.37013829,0.20961328,1.21720541,0.61970562,0.00640604,0.00000001
-0.06290877,-0.35082865,1.10325575,-0.03277871,0.97160542,0.23393887,-0.01345421,-0.15411289,0.20818599,0.45069882,0.40962094,-0.32287809,0.00000005,-0.33502853,-0.08424240,-0.08430988,0.37458324,-0.07349528,-0.00000002,-0.09110223,-0.12975067,0.25225356,-0.72800529,1.36166012,-0.71781898,1.08368778,-0.60251254,0.02643886,-0.00000001,0.17795920,-1.41781747,0.20143780,1.23363531,0.61917663,0.00641235,0.00000001
-0.06753848,-0.35611102,1.10567260,-0.03993344,0.96255934,0.26796526,-0.00891241,-0.11323950,0.21748330,0.47190216,0.38638237,-0.32481435,0.00000005,-0.32852611,-0.07477306,-0.07473031,0.36272350,-0.06624104,-0.00000002,-0.14050846,-0.12832350,0.23711666,-0.76203531,1.32689035,-0.72941422,1.07762647,-0.59452242,0.02409023,-0.00000001,0.17853580,-1.45992374,0.19449449,1.24615812,0.61840433,0.00622769,0.00000001
-0.07192572,-0.35959917,1.10770285,-0.04597863,0.95393968,0.29641497,-0.00481612,-0.07403108,0.22530739,0.49338442,0.36421040,-0.32638156,0.00000005,-0.32135761,-0.06632325,-0.06527942,0.35137591,-0.05948141,-0.00000002,-0.18693496,-0.12516722,0.22273843,-0.79645932,1.29144275,-0.74099022,1.07064402,-0.58653861,0.02173511,-0.00000001,0.17818485,-1.49920404,0.18808293,1.25686240,0.61754811,0.00590636,0.00000001
-0.07582801,-0.35949892,1.10895979,-0.04987856,0.94803971,0.31421354,-0.00163040,-0.03815263,0.23018520,0.51542449,0.34417161,-0.32721061,0.00000005,-0.31285703,-0.05991253,-0.05608582,0.34105262,-0.05371101,-0.00000002,-0.22740199,-0.11855269,0.20987768,-0.83167112,1.25463951,-0.75252783,1.06181979,-0.57856715,0.01936700,-0.00000001,0.17597900,-1.53283215,0.18273495,1.26392817,0.61652404,0.00531165,0.00000001
-0.07744054,-0.35929075,1.11045980,-0.05292474,0.94158351,0.33258063,0.00310420,-0.00435469,0.23272723,0.53752065,0.32661799,-0.32729247,0.00000005,-0.30430666,-0.05484002,-0.04730674,0.33119968,-0.04899199,-0.00000002,-0.26434198,-0.11003204,0.19882374,-0.86702561,1.21562433,-0.76434129,1.05117166,-0.57059997,0.01699308,-0.00000001,0.17273848,-1.56097543,0.17841309,1.26806962,0.61534494,0.00455761,0.00000001
-0.07790821,-0.35902867,1.11208129,-0.05553111,0.93463099,0.35115099,0.00861161,0.02840300,0.23410141,0.55964500,0.31030700,-0.32700062,0.00000005,-0.29573143,-0.05043660,-0.03873490,0.32158193,-0.04479866,-0.00000002,-0.29951835,-0.10055830,0.18867315,-0.90245152,1.17550361,-0.77629250,1.03961122,-0.56263500,0.01461625,-0.00000001,0.16898067,-1.58637619,0.17460434,1.27074873,0.61408830,0.00372390,0.00000001
-0.08246782,-0.35665706,1.11358976,-0.05673869,0.92726696,0.36989805,0.01149632,0.05802556,0.23229030,0.58141994,0.29751304,-0.32577619,0.00000005,-0.28755844,-0.04736586,-0.03085355,0.31249639,-0.04229813,-0.00000002,-0.32969329,-0.08961332,0.18251230,-0.93614328,1.13141286,-0.78925908,1.02598441,-0.55468130,0.01241378,-0.00000001,0.16428913,-1.60306799,0.17241542,1.26927650,0.61260092,0.00268499,0.00000001
-0.08622248,-0.35377288,1.11497200,-0.05732488,0.91982639,0.38784307,0.01452514,0.08632813,0.22978330,0.60290271,0.28566170,-0.32429776,0.00000005,-0.27956063,-0.04482076,-0.02316330,0.30362532,-0.04034828,-0.00000002,-0.35799867,-0.07841995,0.17789979,-0.96869731,1.08635318,-0.80263990,1.01205254,-0.54673952,0.01033628,-0.00000001,0.15945527,-1.61675787,0.17079476,1.26654232,0.61103743,0.00159681,0.00000001
-0.08836726,-0.34986356,1.11610186,-0.05669471,0.91267043,0.40435120,0.01784652,0.11199073,0.22588462,0.62380111,0.27569553,-0.32231137,0.00000005,-0.27191305,-0.04332692,-0.01585527,0.29518321,-0.03949981,-0.00000002,-0.38256475,-0.06672989,0.17638400,-0.99897599,1.03935480,-0.81684911,0.99751055,-0.53882098,0.00850874,-0.00000001,0.15433681,-1.62444425,0.17031069,1.26128411,0.60932106,0.00041006,0.00000001
-0.08918351,-0.34662771,1.11693072,-0.05625101,0.90697837,0.41684985,0.02150023,0.13501401,0.22124094,0.64383495,0.26717398,-0.31996086,0.00000005,-0.26451355,-0.04296441,-0.00880869,0.28718460,-0.03959779,-0.00000002,-0.40320235,-0.05506282,0.17767967,-1.02616274,0.99154949,-0.83189112,0.98312128,-0.53093052,0.00703458,-0.00000001,0.14928779,-1.62624705,0.17098869,1.25410736,0.60746378,-0.00077617,0.00000001
-0.08933549,-0.34372863,1.11760926,-0.05589989,0.90200752,0.42733645,0.02531930,0.15671769,0.21622476,0.66343665,0.25937468,-0.31742847,0.00000005,-0.25723800,-0.04316756,-0.00189284,0.27940777,-0.04016900,-0.00000002,-0.42187580,-0.04340725,0.18038110,-1.05180359,0.94334042,-0.84734958,0.96880841,-0.52305394,0.00573710,-0.00000001,0.14427349,-1.62510824,0.17224774,1.24597168,0.60553598,-0.00196212,0.00000001
-0.08709057,-0.33529738,1.11742806,-0.05006496,0.89440519,0.44346640,0.02950284,0.17589448,0.20924030,0.68175286,0.25420576,-0.31436840,0.00000005,-0.25107926,-0.04414650,0.00454849,0.27198720,-0.04209556,-0.00000002,-0.43770352,-0.03073677,0.18746260,-1.07316434,0.89249676,-0.86426204,0.95376945,-0.51521307,0.00470857,-0.00000001,0.13969490,-1.61447406,0.17547299,1.23509288,0.60338169,-0.00312881,0.00000001
-0.08584600,-0.32868290,1.11736345,-0.04577874,0.88773733,0.45686534,0.03317634,0.19395092,0.20226018,0.69947213,0.24939376,-0.31126723,0.00000005,-0.24494348,-0.04536153,0.01085142,0.26495981,-0.04428239,-0.00000002,-0.45183852,-0.01858742,0.19542702,-1.09281111,0.84159940,-0.88156813,0.93890250,-0.50740051,0.00382001,-0.00000001,0.13529122,-1.60118628,0.17930478,1.22358108,0.60115898,-0.00426996,0.00000001
-0.08660212,-0.32570204,1.11753213,-0.04461828,0.88343465,0.46504569,0.03584555,0.20976664,0.19528872,0.71599716,0.24529558,-0.30808377,0.00000005,-0.23885351,-0.04704874,0.01687752,0.25871873,-0.04698978,-0.00000002,-0.46258843,-0.00748036,0.20515741,-1.10902989,0.79059446,-0.89966142,0.92437947,-0.49964473,0.00321138,-0.00000001,0.13123743,-1.58259094,0.18434978,1.21080375,0.59879959,-0.00536003,0.00000001
-0.08597992,-0.32156619,1.11719000,-0.04181810,0.87775624,0.47567475,0.03909960,0.22437817,0.18775034,0.73142076,0.24219821,-0.30477738,0.00000005,-0.23355569,-0.04895101,0.02269187,0.25291544,-0.05023654,-0.00000002,-0.47203267,0.00394512,0.21702807,-1.12204909,0.73834121,-0.91872966,0.90952438,-0.49194789,0.00273504,-0.00000001,0.12778771,-1.55763590,0.19091326,1.19667733,0.59628868,-0.00637354,0.00000001
-0.08466855,-0.31685287,1.11659241,-0.03819232,0.87126654,0.48746052,0.04264037,0.23838758,0.17992857,0.74629378,0.23960117,-0.30140942,0.00000005,-0.22865394,-0.05096080,0.02840033,0.24733111,-0.05375298,-0.00000002,-0.48082405,0.01552979,0.22996888,-1.13346851,0.68546379,-0.93828517,0.89450318,-0.48428056,0.00232484,-0.00000001,0.12464006,-1.52950096,0.19823609,1.18187678,0.59370172,-0.00734877,0.00000001
-0.08726948,-0.31068698,1.11544752,-0.03477400,0.86456889,0.49943593,0.04330194,0.25071275,0.17183679,0.75940025,0.23776866,-0.29797816,0.00000005,-0.22470100,-0.05295225,0.03368861,0.24263139,-0.05787268,-0.00000002,-0.48736241,0.02673884,0.24535789,-1.14011705,0.63154089,-0.95913392,0.87918943,-0.47674561,0.00209139,-0.00000001,0.12238523,-1.49264920,0.20783196,1.16529942,0.59088683,-0.00824927,0.00000001
-0.08893306,-0.30494961,1.11470711,-0.03172747,0.85827279,0.51031435,0.04405157,0.26255906,0.16395617,0.77189678,0.23601198,-0.29453385,0.00000005,-0.22088569,-0.05467838,0.03874961,0.23826677,-0.06209591,-0.00000002,-0.49306488,0.03750801,0.26091713,-1.14542127,0.57785708,-0.98023909,0.86388534,-0.46926272,0.00189708,-0.00000001,0.12051824,-1.45346522,0.21813117,1.14849186,0.58800161,-0.00908097,0.00000001
-0.08872195,-0.30006927,1.11477554,-0.02943394,0.85300452,0.51912713,0.04498851,0.27344775,0.15649767,0.78317362,0.23440704,-0.29106355,0.00000005,-0.21734558,-0.05587384,0.04335606,0.23457247,-0.06652622,-0.00000002,-0.49709553,0.04739743,0.27681682,-1.14803660,0.52465159,-1.00185716,0.84860057,-0.46188414,0.00178106,-0.00000001,0.11942691,-1.40961742,0.22983697,1.13122439,0.58497536,-0.00977508,0.00000001
-0.08549033,-0.29469237,1.11401772,-0.02567381,0.84590417,0.53060859,0.04734401,0.28412911,0.14835680,0.79349166,0.23356076,-0.28750059,0.00000005,-0.21483342,-0.05683130,0.04762257,0.23123668,-0.07118139,-0.00000002,-0.50093347,0.05822488,0.29416910,-1.14754534,0.47010824,-1.02456450,0.83254588,-0.45457757,0.00164070,-0.00000001,0.11928149,-1.35975325,0.24339952,1.11317086,0.58178085,-0.01030666,0.00000001
-0.08074846,-0.28906718,1.11284673,-0.02117609,0.83773786,0.54332924,0.05040019,0.29470688,0.13987474,0.80333024,0.23309378,-0.28389141,0.00000005,-0.21283515,-0.05766976,0.05171911,0.22808017,-0.07594902,-0.00000002,-0.50467503,0.06952138,0.31224766,-1.14550102,0.41489601,-1.04781663,0.81610632,-0.44730699,0.00148817,-0.00000001,0.11960909,-1.30688071,0.25789043,1.09472454,0.57850206,-0.01075698,0.00000001
-0.08061834,-0.28303584,1.11297345,-0.01847350,0.83089560,0.55377734,0.05100852,0.30509895,0.13039002,0.81186903,0.23369178,-0.28010765,0.00000005,-0.21172325,-0.05819776,0.05529654,0.22562355,-0.08080052,-0.00000002,-0.50730729,0.08179604,0.33145970,-1.13933301,0.35960716,-1.07219362,0.79912180,-0.44018042,0.00133760,-0.00000001,0.12156089,-1.24701476,0.27487537,1.07600307,0.57498890,-0.01088526,0.00000001
-0.08132549,-0.27791682,1.11219203,-0.01552763,0.82227957,0.56652856,0.05158063,0.31565571,0.11978723,0.82008642,0.23495549,-0.27626076,0.00000005,-0.21141472,-0.05864537,0.05872600,0.22314914,-0.08571629,-0.00000002,-0.51041263,0.09532063,0.35177356,-1.13163459,0.30348209,-1.09720719,0.78159767,-0.43309262,0.00113539,-0.00000001,0.12414031,-1.18418884,0.29291162,1.05704641,0.57139069,-0.01088731,0.00000001
-0.08370721,-0.27462229,1.10959446,-0.01209576,0.81009090,0.58386153,0.05207830,0.32654181,0.10694827,0.82766122,0.23755045,-0.27228782,0.00000005,-0.21271290,-0.05893216,0.06185955,0.22063927,-0.09076057,-0.00000002,-0.51446396,0.11134507,0.37429133,-1.12087488,0.24568462,-1.12349379,0.76299423,-0.42608282,0.00082990,-0.00000001,0.12797502,-1.11544228,0.31305063,1.03761888,0.56762242,-0.01063687,0.00000001
-0.08310392,-0.26781458,1.10860777,-0.00825835,0.79791915,0.60038567,0.05285737,0.33690366,0.09498359,0.83432531,0.24061345,-0.26791891,0.00000005,-0.21379939,-0.05797584,0.06432609,0.21882336,-0.09566638,-0.00000002,-0.51748908,0.12578993,0.39505991,-1.11019397,0.19101654,-1.14881158,0.74476773,-0.41926825,0.00044534,-0.00000001,0.13324614,-1.04754162,0.33351579,1.01977777,0.56379175,-0.01011689,0.00000001
-0.08100811,-0.25925025,1.10842669,-0.00421737,0.78559870,0.61638147,0.05376641,0.34700343,0.08345606,0.84053379,0.24391037,-0.26335210,0.00000005,-0.21477999,-0.05639795,0.06645908,0.21735445,-0.10050298,-0.00000002,-0.52000129,0.13944493,0.41495398,-1.09955251,0.13791318,-1.17364490,0.72672981,-0.41255128,0.00002123,-0.00000001,0.13923550,-0.98006457,0.35414407,1.00272989,0.55992973,-0.00946213,0.00000001
-0.08102407,-0.24898463,1.10833478,0.00030305,0.77414119,0.63079727,0.05291667,0.35476568,0.07409608,0.84540009,0.24716009,-0.25845718,0.00000005,-0.21516420,-0.05443456,0.06782178,0.21630509,-0.10504696,-0.00000002,-0.52001017,0.14986502,0.43283051,-1.08972609,0.09126652,-1.19612563,0.71003175,-0.40625599,-0.00044548,-0.00000001,0.14691688,-0.91787416,0.37395853,0.98868650,0.55608362,-0.00851631,0.00000001
-0.08039454,-0.24022156,1.10851932,0.00427026,0.76453388,0.64244139,0.05233338,0.36154062,0.06612011,0.84971023,0.25011054,-0.25357679,0.00000005,-0.21504863,-0.05275794,0.06889519,0.21533284,-0.10940988,-0.00000002,-0.52001572,0.15873879,0.44944450,-1.08069277,0.04803281,-1.21721327,0.69426626,-0.40014955,-0.00088443,-0.00000001,0.15484518,-0.85920727,0.39290494,0.97586960,0.55228508,-0.00753217,0.00000001
-0.07847405,-0.23446354,1.10925698,0.00713069,0.75905192,0.64888585,0.05231206,0.36634091,0.06091218,0.85290855,0.25246245,-0.24872544,0.00000005,-0.21393363,-0.05165486,0.06939004,0.21451484,-0.11341066,-0.00000002,-0.52001470,0.16452004,0.46353382,-1.07324529,0.01162497,-1.23551452,0.68036592,-0.39442074,-0.00126784,-0.00000001,0.16326736,-0.80758768,0.41011512,0.96550602,0.54858208,-0.00647137,0.00000001
-0.07625073,-0.22735532,1.11005604,0.01046562,0.75516927,0.65337723,0.05203863,0.36952189,0.05797710,0.85520059,0.25453839,-0.24400352,0.00000005,-0.21176346,-0.05159832,0.06927636,0.21375103,-0.11703321,-0.00000002,-0.52001220,0.16828117,0.47529805,-1.06761777,-0.01879089,-1.25092399,0.66798544,-0.38910452,-0.00167672,-0.00000001,0.17169568,-0.76206917,0.42571750,0.95700294,0.54499143,-0.00537475,0.00000001
-0.07387600,-0.21957198,1.11088586,0.01403763,0.75208461,0.65689045,0.05163903,0.37189344,0.05617845,0.85703963,0.25647622,-0.23934636,0.00000005,-0.20906571,-0.05206504,0.06885843,0.21301433,-0.12046664,-0.00000002,-0.52000898,0.17103229,0.48589972,-1.06290019,-0.04621076,-1.26488757,0.65636516,-0.38399440,-0.00209831,-0.00000001,0.18012713,-0.71960104,0.44051588,0.94943029,0.54145730,-0.00426024,0.00000001
-0.07530656,-0.22123858,1.11169851,0.01280886,0.75325567,0.65550202,0.05252539,0.37224004,0.05727746,0.85760283,0.25800309,-0.23522133,0.00000005,-0.20536996,-0.05499701,0.06747773,0.21192257,-0.12322370,-0.00000002,-0.51746953,0.17164159,0.49299133,-1.06084132,-0.06505197,-1.27446353,0.64697689,-0.37953648,-0.00256849,-0.00000001,0.18718900,-0.68616134,0.45262980,0.94370216,0.53813380,-0.00329167,0.00000001
-0.07516747,-0.22191145,1.11257851,0.01248134,0.75494510,0.65346277,0.05374473,0.37199771,0.05920777,0.85779637,0.25951004,-0.23122361,0.00000005,-0.20123489,-0.05840844,0.06575701,0.21081881,-0.12585117,-0.00000002,-0.51330584,0.17156366,0.49881068,-1.05989063,-0.08190440,-1.28258789,0.63804311,-0.37529972,-0.00311211,-0.00000001,0.19311865,-0.65559399,0.46376115,0.93820006,0.53489363,-0.00245674,0.00000002
-0.07188905,-0.22059688,1.11359286,0.01395622,0.75766623,0.65011728,0.05562967,0.37057763,0.06280066,0.85724968,0.26097742,-0.22748062,0.00000005,-0.19622122,-0.06277880,0.06335630,0.20969108,-0.12821952,-0.00000002,-0.50589401,0.17011115,0.50208563,-1.06115687,-0.09477936,-1.28780890,0.63001841,-0.37150517,-0.00380258,-0.00000001,0.19678381,-0.63077110,0.47292775,0.93314987,0.53182012,-0.00188905,0.00000002
-0.06761046,-0.21748962,1.11462152,0.01675485,0.76311350,0.64348769,0.05745229,0.36775568,0.06751329,0.85624921,0.26237875,-0.22413588,0.00000005,-0.19031049,-0.06828737,0.06045859,0.20873426,-0.13036577,-0.00000002,-0.49538067,0.16781452,0.50365680,-1.06394196,-0.10378411,-1.29059601,0.62319124,-0.36813504,-0.00452647,-0.00000001,0.19804424,-0.61130285,0.48018673,0.92838287,0.52891833,-0.00158602,0.00000002
-0.06283180,-0.21348600,1.11565733,0.02021360,0.76984704,0.63515180,0.05923797,0.36423284,0.07278580,0.85502189,0.26374704,-0.22099027,0.00000005,-0.18395121,-0.07436506,0.05731242,0.20786290,-0.13240100,-0.00000002,-0.48331672,0.16509585,0.50437623,-1.06748664,-0.11085377,-1.29216671,0.61696285,-0.36497706,-0.00526708,-0.00000001,0.19810238,-0.59451199,0.48649180,0.92375761,0.52610236,-0.00141532,0.00000002
-0.06127189,-0.21408196,1.11620343,0.02062286,0.77633178,0.62697482,0.06153236,0.35866746,0.07817826,0.85335058,0.26497656,-0.21866404,0.00000005,-0.17692013,-0.08157928,0.05350162,0.20688643,-0.13397399,-0.00000002,-0.46840268,0.16158268,0.50346476,-1.07211030,-0.11256041,-1.29104316,0.61285657,-0.36240822,-0.00589968,-0.00000001,0.19548661,-0.58442444,0.49032173,0.91956615,0.52358049,-0.00156308,0.00000002
-0.05926811,-0.21441631,1.11666167,0.02131910,0.78318679,0.61813813,0.06379021,0.35266080,0.08358958,0.85153651,0.26614881,-0.21656102,0.00000005,-0.16988671,-0.08897472,0.04952640,0.20591161,-0.13540800,-0.00000002,-0.45277753,0.15780671,0.50227547,-1.07692313,-0.11266841,-1.28920865,0.60948038,-0.36002320,-0.00647634,-0.00000001,0.19215684,-0.57646513,0.49336323,0.91558498,0.52116793,-0.00179372,0.00000002
-0.05637662,-0.21422745,1.11694407,0.02259079,0.79084253,0.60803330,0.06597953,0.34577179,0.08903861,0.84943682,0.26720664,-0.21490435,0.00000005,-0.16284837,-0.09673264,0.04522234,0.20493998,-0.13656414,-0.00000002,-0.43572977,0.15350521,0.50053042,-1.08211362,-0.10957910,-1.28595197,0.60756475,-0.35800588,-0.00694112,-0.00000001,0.18739924,-0.57276231,0.49482748,0.91202432,0.51897436,-0.00219013,0.00000002
-0.05294813,-0.21415880,1.11700308,0.02418636,0.79951054,0.59629220,0.06807026,0.33826143,0.09454578,0.84714645,0.26812354,-0.21361953,0.00000005,-0.15595891,-0.10469159,0.04077370,0.20404433,-0.13741592,-0.00000002,-0.41773337,0.14863452,0.49855393,-1.08728373,-0.10340627,-1.28165531,0.60724467,-0.35632402,-0.00723052,-0.00000001,0.18194944,-0.57319295,0.49482206,0.90920562,0.51701903,-0.00267157,0.00000002
-0.04925114,-0.21415028,1.11695027,0.02594003,0.80856252,0.58364338,0.07010114,0.33044040,0.10008206,0.84476072,0.26896995,-0.21252069,0.00000005,-0.14914386,-0.11275107,0.03625280,0.20318666,-0.13811557,-0.00000002,-0.39926255,0.14347924,0.49646163,-1.09244394,-0.09569167,-1.27683890,0.60772258,-0.35480991,-0.00743224,-0.00000001,0.17615356,-0.57569021,0.49408183,0.90675783,0.51518285,-0.00319553,0.00000002
-0.04648627,-0.21751748,1.11654890,0.02608605,0.81679857,0.57177144,0.07236718,0.32235348,0.10561663,0.84221244,0.26955369,-0.21185242,0.00000005,-0.14300844,-0.12075113,0.03176555,0.20243090,-0.13826042,-0.00000002,-0.38084882,0.13743214,0.49432883,-1.09697807,-0.08343223,-1.27101696,0.61081362,-0.35376003,-0.00725963,-0.00000001,0.17115411,-0.58336258,0.49165973,0.90595841,0.51373082,-0.00366617,0.00000002
-0.04380459,-0.22178021,1.11606920,0.02567280,0.82568944,0.55857635,0.07463427,0.31402594,0.11141156,0.83964747,0.26984993,-0.21132232,0.00000005,-0.13682386,-0.12869036,0.02739313,0.20189425,-0.13822338,-0.00000002,-0.36227641,0.13094571,0.49218771,-1.10123956,-0.06964421,-1.26492286,0.61480898,-0.35285401,-0.00694189,-0.00000001,0.16655806,-0.59269506,0.48871356,0.90577257,0.51241159,-0.00410507,0.00000002
-0.04128931,-0.22783400,1.11543322,0.02414420,0.83598107,0.54280519,0.07691102,0.30521700,0.11772721,0.83704937,0.26957124,-0.21106873,0.00000004,-0.13054113,-0.13650791,0.02325039,0.20179588,-0.13782249,-0.00000002,-0.34338638,0.12358063,0.49002957,-1.10495603,-0.05279908,-1.25828552,0.62061262,-0.35223573,-0.00633389,-0.00000001,0.16276877,-0.60534757,0.48471943,0.90681309,0.51135814,-0.00448053,0.00000002
-0.04138063,-0.23519140,1.11489260,0.02112767,0.84741539,0.52474070,0.07802492,0.29637370,0.12415426,0.83462256,0.26878005,-0.21108487,0.00000004,-0.12433314,-0.14399759,0.01954709,0.20218204,-0.13715656,-0.00000002,-0.32505724,0.11597434,0.48827687,-1.10771036,-0.03428768,-1.25182462,0.62766576,-0.35182878,-0.00546245,-0.00000001,0.16011702,-0.61959046,0.48029554,0.90880471,0.51053458,-0.00475242,0.00000002
-0.04277525,-0.24320063,1.11439979,0.01736103,0.85914880,0.50536585,0.07853228,0.28751305,0.13063699,0.83228129,0.26773265,-0.21123599,0.00000005,-0.11816252,-0.15132336,0.01606351,0.20281042,-0.13635808,-0.00000002,-0.30700862,0.10824747,0.48672661,-1.10998356,-0.01494313,-1.24545228,0.63534343,-0.35152763,-0.00445928,-0.00000001,0.15803412,-0.63462842,0.47565696,0.91127187,0.50982606,-0.00497252,0.00000002
-0.04603287,-0.25047693,1.11390173,0.01327263,0.86890602,0.48876843,0.07701711,0.27985117,0.13574487,0.83058017,0.26633152,-0.21162018,0.00000004,-0.11308561,-0.15675940,0.01351468,0.20356509,-0.13553849,-0.00000002,-0.29283881,0.10162336,0.48618996,-1.11105633,0.00267658,-1.24028981,0.64281112,-0.35143748,-0.00339032,-0.00000001,0.15790878,-0.64795208,0.47168836,0.91429484,0.50940990,-0.00498949,0.00000002
-0.04829816,-0.25703934,1.11332536,0.00974085,0.87716579,0.47405541,0.07587231,0.27310252,0.14012803,0.82917583,0.26502120,-0.21198477,0.00000004,-0.10869598,-0.16139072,0.01135568,0.20421262,-0.13483317,-0.00000002,-0.28065744,0.09597281,0.48589298,-1.11179149,0.01797555,-1.23590791,0.64933246,-0.35137546,-0.00244770,-0.00000001,0.15790476,-0.65940875,0.46828425,0.91695166,0.50906718,-0.00499233,0.00000002
-0.04857878,-0.26217401,1.11259258,0.00733031,0.88290519,0.46338192,0.07551070,0.26818058,0.14306177,0.82836533,0.26389238,-0.21230990,0.00000005,-0.10568103,-0.16441268,0.00997637,0.20464599,-0.13435642,-0.00000002,-0.27245307,0.09226941,0.48607522,-1.11185169,0.02863302,-1.23308718,0.65396094,-0.35137004,-0.00175776,-0.00000001,0.15814310,-0.66713148,0.46600908,0.91887587,0.50887096,-0.00496692,0.00000002
-0.04740826,-0.26896170,1.10913205,0.03154422,0.87811095,0.47592601,0.03768926,0.10479677,0.14198457,0.72302973,0.36986572,-0.26992136,0.00000003,-0.25471541,-0.18133314,-0.03760215,0.26539582,-0.11559709,-0.00000001,-0.26310593,0.08160285,0.37993422,-0.93278092,0.17380118,-0.92876959,0.65399265,-0.20429829,-0.01100135,-0.00000001,0.15279686,-0.64516503,0.22794136,0.89577037,0.30893537,-0.00383675,0.00000001
-0.04551216,-0.27657589,1.10430753,0.06891333,0.86422956,0.49799335,-0.01899664,-0.13781795,0.13890192,0.56543154,0.52939016,-0.35617596,-0.00000000,-0.47977448,-0.20520289,-0.10828027,0.35630387,-0.08769645,-0.00000000,-0.25318757,0.06745476,0.22063166,-0.66414487,0.38622469,-0.47370356,0.65172589,0.01630659,-0.02521169,-0.00000000,0.14465828,-0.60835403,-0.12802258,0.86014986,0.00913006,-0.00215422,0.00000000
-0.04972496,-0.27757722,1.10404062,0.06497411,0.87265146,0.48338097,-0.02450742,-0.14441259,0.14172654,0.56308562,0.52931833,-0.35708657,-0.00000000,-0.47797188,-0.20774944,-0.10796356,0.35920334,-0.08757601,-0.00000000,-0.24475159,0.06432182,0.22470386,-0.65340024,0.40090507,-0.46816108,0.66168255,0.01595233,-0.02344967,-0.00000000,0.14595121,-0.61136955,-0.13056058,0.86094505,0.00967663,-0.00193154,0.00000000
-0.05277397,-0.27893749,1.10377038,0.06163812,0.87944812,0.47110873,-0.02877926,-0.15166062,0.14455558,0.56020147,0.53006166,-0.35814819,-0.00000000,-0.47683075,-0.21032448,-0.10767906,0.36275303,-0.08742119,-0.00000000,-0.23593386,0.06105126,0.22987147,-0.64007324,0.41691417,-0.46260422,0.67333734,0.01559452,-0.02149257,-0.00000000,0.14729175,-0.61404276,-0.13332051,0.86178321,0.01037108,-0.00168782,0.00000000
-0.05349543,-0.28101552,1.10349321,0.05954143,0.88342869,0.46375981,-0.03058489,-0.16021544,0.14739339,0.55624110,0.53243536,-0.35951158,-0.00000000,-0.47701228,-0.21295661,-0.10745897,0.36760312,-0.08719767,-0.00000000,-0.22635247,0.05750552,0.23722979,-0.62158197,0.43558055,-0.45701876,0.68838888,0.01522964,-0.01914528,-0.00000000,0.14872752,-0.61603153,-0.13652441,0.86270761,0.01136127,-0.00140203,0.00000000
-0.05321822,-0.28400481,1.10334802,0.05752752,0.88673931,0.45758265,-0.03165589,-0.16970061,0.15004556,0.55140078,0.53648269,-0.36120245,-0.00000000,-0.47872600,-0.21553272,-0.10720553,0.37388074,-0.08690914,-0.00000000,-0.21609078,0.05375365,0.24684307,-0.59824127,0.45495364,-0.45231956,0.70606202,0.01492688,-0.01652155,-0.00000000,0.14962590,-0.61672443,-0.13984081,0.86340284,0.01261570,-0.00114084,0.00000000
-0.05244169,-0.28744969,1.10326874,0.05555443,0.88970482,0.45198652,-0.03235917,-0.17965102,0.15260485,0.54612064,0.54136705,-0.36305693,-0.00000000,-0.48120582,-0.21808092,-0.10693543,0.38087231,-0.08658814,-0.00000000,-0.20548892,0.04989870,0.25758389,-0.57247591,0.47468019,-0.44806346,0.72504604,0.01465518,-0.01375960,-0.00000000,0.15025564,-0.61676955,-0.14321350,0.86398363,0.01400225,-0.00089195,0.00000000
-0.05623531,-0.28707451,1.10358334,0.05435855,0.89299989,0.44518936,-0.03745405,-0.19081618,0.15485570,0.53973752,0.54892462,-0.36540532,-0.00000000,-0.48571622,-0.22073184,-0.10637470,0.39044842,-0.08626109,-0.00000000,-0.19383882,0.04592706,0.27218992,-0.53978008,0.49303186,-0.44618359,0.74704188,0.01455803,-0.01065700,-0.00000000,0.14972062,-0.61374599,-0.14615145,0.86408347,0.01572934,-0.00070150,0.00000000
-0.05793694,-0.28806335,1.10422230,0.05316092,0.89565271,0.43968540,-0.04070549,-0.20189425,0.15695965,0.53301591,0.55768067,-0.36789539,-0.00000000,-0.49094304,-0.22341055,-0.10566922,0.40101764,-0.08593079,-0.00000000,-0.18232343,0.04224944,0.28728324,-0.50595784,0.50975490,-0.44531652,0.76899612,0.01453342,-0.00766278,-0.00000000,0.14845100,-0.60929871,-0.14870644,0.86386198,0.01753243,-0.00056505,0.00000000
-0.05545461,-0.29178029,1.10550952,0.05196706,0.89713961,0.43682712,-0.04027491,-0.21279804,0.15876989,0.52561748,0.56883329,-0.37066871,-0.00000000,-0.49760249,-0.22614487,-0.10467419,0.41357306,-0.08559402,-0.00000000,-0.17107749,0.03915993,0.30335128,-0.46988255,0.52322090,-0.44647518,0.79086733,0.01465388,-0.00488535,-0.00000000,0.14571203,-0.60200340,-0.15049559,0.86299789,0.01948750,-0.00053659,0.00000000
-0.05190995,-0.29506624,1.10688806,0.05134500,0.89866978,0.43384650,-0.03916072,-0.22393501,0.16065694,0.51757473,0.58252436,-0.37380946,-0.00000000,-0.50538146,-0.22953190,-0.10314581,0.42846096,-0.08545238,-0.00000000,-0.15941846,0.03657030,0.32094502,-0.43171313,0.53289485,-0.44970909,0.81236857,0.01490995,-0.00228829,-0.00000000,0.14132868,-0.59177959,-0.15143700,0.86151731,0.02157793,-0.00059313,0.00000000
-0.04783413,-0.29813668,1.10831225,0.05100844,0.90021479,0.43080139,-0.03770443,-0.23518863,0.16258238,0.50920963,0.59748441,-0.37713400,-0.00000000,-0.51372033,-0.23324531,-0.10135078,0.44451496,-0.08540832,-0.00000000,-0.14755288,0.03423059,0.33930165,-0.39249662,0.54067278,-0.45398057,0.83368510,0.01523382,0.00021859,-0.00000000,0.13612308,-0.58009142,-0.15195458,0.85972840,0.02373604,-0.00069217,0.00000000
-0.04784191,-0.30104405,1.10919893,0.05082190,0.90077835,0.42989644,-0.03470591,-0.24611139,0.16478999,0.49987522,0.61668992,-0.38124251,-0.00000000,-0.52349520,-0.23843230,-0.09847704,0.46460396,-0.08592704,-0.00000000,-0.13554686,0.03295817,0.35884401,-0.35293943,0.54144633,-0.46102875,0.85255104,0.01565612,0.00210439,-0.00000000,0.12833373,-0.56398964,-0.15106736,0.85717243,0.02602240,-0.00087001,0.00000000
-0.04834842,-0.30369538,1.10941792,0.05012142,0.90122563,0.42935121,-0.03062153,-0.25662491,0.16708183,0.49028820,0.63727182,-0.38564840,-0.00000000,-0.53399330,-0.24369150,-0.09533809,0.48611248,-0.08670894,-0.00000000,-0.12397721,0.03177371,0.37852272,-0.31429723,0.54034114,-0.46853632,0.87029135,0.01605175,0.00376365,-0.00000000,0.12021207,-0.54707748,-0.14999509,0.85472000,0.02833824,-0.00098627,0.00000000
-0.04985237,-0.30583468,1.10830176,0.04839256,0.90143019,0.42952076,-0.02436521,-0.26631978,0.16954221,0.48019576,0.66060638,-0.39064875,-0.00000000,-0.54593742,-0.24909489,-0.09166868,0.51046020,-0.08801722,-0.00000000,-0.11328026,0.03076519,0.39847460,-0.27748504,0.53547865,-0.47696280,0.88577998,0.01639408,0.00496982,-0.00000000,0.11142579,-0.52854460,-0.14855282,0.85247469,0.03071302,-0.00097936,0.00000000
-0.05172031,-0.30775902,1.10497928,0.04637904,0.90149033,0.42991275,-0.01842104,-0.27481964,0.17227624,0.46965358,0.68620181,-0.39610270,-0.00000000,-0.55899888,-0.25457302,-0.08746409,0.53762382,-0.08972016,-0.00000000,-0.10374902,0.02966757,0.41826147,-0.24348594,0.52854604,-0.48533264,0.89914316,0.01658776,0.00586110,-0.00000000,0.10304124,-0.51013392,-0.14754128,0.85106862,0.03315928,-0.00069847,0.00000000
-0.05377024,-0.30957592,1.10055351,0.04422241,0.90146184,0.43040833,-0.01263276,-0.28272194,0.17514715,0.45888644,0.71292746,-0.40178329,-0.00000000,-0.57261884,-0.26008844,-0.08299188,0.56619531,-0.09162045,-0.00000000,-0.09480064,0.02852539,0.43796578,-0.21089347,0.52057850,-0.49367413,0.91144353,0.01670713,0.00659494,-0.00000000,0.09485757,-0.49178419,-0.14674509,0.85008246,0.03564126,-0.00028061,0.00000000
-0.05777415,-0.30981663,1.09298146,0.03957497,0.90207523,0.42975783,-0.00151032,-0.29059976,0.17845611,0.44799063,0.74156511,-0.40788025,0.00000000,-0.58634537,-0.26527506,-0.07785635,0.59943098,-0.09369134,-0.00000000,-0.08701839,0.02672499,0.45737609,-0.18207939,0.51050705,-0.50156730,0.92101681,0.01657617,0.00704467,-0.00000000,0.08818412,-0.47499174,-0.14717804,0.85080278,0.03820999,0.00066292,0.00000000
-0.06152908,-0.31025329,1.08476985,0.03456093,0.90230566,0.42962143,0.00868644,-0.29723844,0.18208557,0.43698776,0.77016115,-0.41387534,0.00000000,-0.59978992,-0.26997322,-0.07263039,0.63342124,-0.09566335,-0.00000000,-0.08040841,0.02422329,0.47525409,-0.15539964,0.50107265,-0.50868481,0.92956704,0.01631632,0.00738379,-0.00000000,0.08291553,-0.46023002,-0.14865248,0.85228860,0.04082050,0.00181128,0.00000000
-0.06478608,-0.31108195,1.07527924,0.02882113,0.90192747,0.43058816,0.01703048,-0.30139869,0.18635590,0.42577094,0.79867464,-0.41966665,0.00000000,-0.61267006,-0.27369472,-0.06722368,0.66892099,-0.09743757,-0.00000001,-0.07614296,0.02031899,0.49006760,-0.13298850,0.49291232,-0.51425123,0.93607122,0.01579869,0.00750171,-0.00000000,0.08045662,-0.44952941,-0.15220985,0.85530549,0.04351459,0.00336931,0.00000000
-0.06748001,-0.31105638,1.06485522,0.02258615,0.90102220,0.43256280,0.02319996,-0.30216470,0.19054748,0.41497353,0.82634056,-0.42417145,0.00000000,-0.62411034,-0.27617404,-0.06196729,0.70441419,-0.09842116,-0.00000001,-0.07442577,0.01572130,0.49999008,-0.11478760,0.48893878,-0.51740164,0.94098550,0.01497637,0.00747818,-0.00000000,0.08167539,-0.44468960,-0.15848474,0.85973924,0.04628122,0.00530810,0.00000000
-0.06989242,-0.31060374,1.05396461,0.01610325,0.89982814,0.43502912,0.02828119,-0.30123356,0.19469970,0.40438592,0.85358268,-0.42803305,0.00000000,-0.63483071,-0.27803230,-0.05678609,0.73990405,-0.09900946,-0.00000001,-0.07398272,0.01077691,0.50746685,-0.09869190,0.48705867,-0.51934409,0.94510490,0.01400171,0.00738392,-0.00000000,0.08473300,-0.44278029,-0.16611829,0.86488152,0.04908409,0.00743727,0.00000000
-0.07249741,-0.30988380,1.04367352,0.01000728,0.89708215,0.44052339,0.03290345,-0.29556438,0.19861729,0.39488176,0.87805843,-0.42830333,0.00000000,-0.64178956,-0.27800643,-0.05204816,0.77411705,-0.09722654,-0.00000001,-0.07725206,0.00494737,0.50620300,-0.08736038,0.49539393,-0.51687372,0.94830680,0.01254262,0.00739289,-0.00000000,0.09405027,-0.45230919,-0.17874475,0.87178314,0.05199477,0.01008463,0.00000000
-0.07317141,-0.30855313,1.03485131,0.00502897,0.89479268,0.44482929,0.03804800,-0.28930306,0.20286667,0.38601974,0.90092784,-0.42658603,0.00000000,-0.64702040,-0.27799278,-0.04733873,0.80716032,-0.09422180,-0.00000001,-0.08096351,-0.00082104,0.50247991,-0.07592656,0.50994253,-0.51249605,0.95259625,0.01095138,0.00775840,-0.00000000,0.10561601,-0.46725416,-0.19359462,0.87900186,0.05493683,0.01284560,0.00000000
-0.06998342,-0.30600089,1.02896667,0.00228756,0.89352953,0.44681370,0.04424094,-0.28185743,0.20777957,0.37844178,0.92058492,-0.42089349,0.00000000,-0.64879537,-0.27800375,-0.04268628,0.83786380,-0.08877359,-0.00000001,-0.08555911,-0.00646721,0.49383843,-0.06428818,0.53691798,-0.50430316,0.95906025,0.00909582,0.00883702,-0.00000000,0.12167864,-0.49303114,-0.21289128,0.88685447,0.05794166,0.01583380,0.00000000
-0.06753618,-0.30262089,1.02812243,0.00074308,0.89331734,0.44669741,0.04944686,-0.27388501,0.21305522,0.37243786,0.93737060,-0.40994352,0.00000000,-0.64698005,-0.27826029,-0.03824380,0.86649108,-0.08033050,-0.00000001,-0.09037331,-0.01154198,0.48085913,-0.05115587,0.57951677,-0.49189797,0.96909696,0.00708037,0.01099774,-0.00000000,0.14156625,-0.53145999,-0.23713155,0.89465892,0.06095920,0.01894316,0.00000000
-0.06545930,-0.29882702,1.02979839,-0.00020291,0.89362770,0.44552928,0.05415898,-0.26564905,0.21851228,0.36722103,0.95272040,-0.39636496,0.00000000,-0.64336932,-0.27863958,-0.03390633,0.89408034,-0.07038999,-0.00000001,-0.09529680,-0.01633106,0.46571103,-0.03727660,0.62992734,-0.47738644,0.98091978,0.00498496,0.01369950,-0.00000000,0.16336626,-0.57621479,-0.26384360,0.90243918,0.06398311,0.02211309,0.00000000
-0.05942235,-0.30681404,1.03884292,-0.00301203,0.89414561,0.44394404,0.05838032,-0.25615385,0.22561654,0.36378181,0.96706975,-0.37368912,0.00000000,-0.63641006,-0.28045139,-0.02997495,0.92061782,-0.05619018,-0.00000001,-0.10008141,-0.02029736,0.44389197,-0.02466724,0.70467794,-0.45666131,0.99680644,0.00295882,0.01780030,-0.00000000,0.18649037,-0.64097226,-0.29744345,0.90778393,0.06678953,0.02502745,0.00000000
-0.05526952,-0.31168151,1.04943740,-0.00589492,0.89509016,0.44113225,0.06466243,-0.24526238,0.23313519,0.36025122,0.98464805,-0.34805575,0.00000000,-0.63006210,-0.28244364,-0.02615858,0.94998902,-0.04135049,-0.00000001,-0.10468630,-0.02336280,0.42025417,-0.01528978,0.78335720,-0.43498901,1.01197469,0.00110543,0.02195085,-0.00000000,0.20646051,-0.70870692,-0.33121070,0.91101915,0.06939115,0.02768608,0.00000000
-0.05488494,-0.31030989,1.06313193,-0.00892481,0.89684182,0.43584490,0.07506222,-0.23157865,0.24148270,0.35653797,1.00868428,-0.31650728,0.00000000,-0.62493712,-0.28479686,-0.02257221,0.98502749,-0.02523103,-0.00000001,-0.10893179,-0.02462651,0.39297903,-0.01237610,0.86989397,-0.41142213,1.02570546,-0.00040244,0.02620093,-0.00000000,0.22012258,-0.78239590,-0.36531314,0.91003585,0.07158317,0.02983322,0.00000000
-0.05565024,-0.30764419,1.07858384,-0.01218926,0.89741194,0.43242177,0.08668718,-0.21256521,0.24740680,0.35335442,1.04375875,-0.28370193,0.00000000,-0.62264591,-0.28546873,-0.02030689,1.02870655,-0.00927768,-0.00000001,-0.11545479,-0.02391187,0.36010078,-0.02309989,0.96509147,-0.38527685,1.03465486,-0.00153773,0.02988265,-0.00000000,0.22340533,-0.86357719,-0.39916772,0.90259665,0.07330322,0.03104449,0.00000000
-0.05699048,-0.30433151,1.09491432,-0.01556964,0.89731050,0.42989197,0.09891605,-0.19088690,0.25211927,0.35043582,1.08435285,-0.25026798,0.00000000,-0.62177169,-0.28529993,-0.01870209,1.07670569,0.00659262,-0.00000001,-0.12311655,-0.02220805,0.32442108,-0.04064242,1.06461930,-0.35784224,1.04121327,-0.00248673,0.03328019,-0.00000000,0.22149847,-0.94850457,-0.43289858,0.89192939,0.07478730,0.03178781,0.00000000
-0.04987875,-0.30053917,1.11776173,-0.02099492,0.89515841,0.43195292,0.10801538,-0.15703608,0.24953923,0.34983814,1.14498401,-0.21498808,0.00000000,-0.62529880,-0.27893001,-0.02159047,1.14016724,0.02173895,-0.00000001,-0.13749608,-0.01775810,0.27503452,-0.08838334,1.17545629,-0.32620749,1.03386712,-0.00285768,0.03433836,-0.00000000,0.19693060,-1.04746020,-0.46480134,0.86658496,0.07549629,0.02999528,0.00000000
-0.04891867,-0.29213011,1.13671744,-0.02492735,0.89250731,0.43511951,0.11610474,-0.12321942,0.24376406,0.35153356,1.20998001,-0.18034995,0.00000000,-0.63098294,-0.26977223,-0.02668821,1.20991623,0.03544631,-0.00000001,-0.15369411,-0.01249467,0.22616158,-0.14583732,1.27929330,-0.29598355,1.01872969,-0.00294468,0.03391324,-0.00000000,0.16310935,-1.14511132,-0.49246758,0.83593237,0.07588265,0.02738211,0.00000000
-0.06026188,-0.27448773,1.14788985,-0.02587683,0.88899153,0.44056123,0.12218953,-0.08947100,0.23159854,0.35781527,1.28370595,-0.14699525,0.00000000,-0.64098144,-0.25503862,-0.03620467,1.29223907,0.04627570,-0.00000001,-0.17352916,-0.00560426,0.17831586,-0.22271739,1.36913049,-0.26858139,0.98801029,-0.00246379,0.03052153,-0.00000000,0.11078121,-1.24015307,-0.51166064,0.79466355,0.07562374,0.02312766,0.00000000
-0.06402180,-0.25319573,1.16763592,-0.02446085,0.88987780,0.44118446,0.11347005,-0.05697367,0.21112299,0.37058622,1.36364448,-0.11517850,0.00000000,-0.65651637,-0.23519316,-0.05080073,1.38346851,0.05470033,-0.00000001,-0.19687355,0.00422418,0.13749050,-0.31208134,1.44023490,-0.24567612,0.94273621,-0.00145912,0.02425359,-0.00000000,0.04574002,-1.32897663,-0.52099788,0.74383700,0.07480754,0.01724668,0.00000000
-0.06399009,-0.23007891,1.19166899,-0.02185720,0.89278156,0.43930745,0.09732565,-0.02510186,0.18649243,0.38660184,1.44668937,-0.08413077,0.00000000,-0.67481959,-0.21279173,-0.06793658,1.47915113,0.06192255,-0.00000001,-0.22197260,0.01552165,0.10017533,-0.40768725,1.50197303,-0.22501926,0.89018476,-0.00019256,0.01654753,-0.00000000,-0.02565769,-1.41469133,-0.52540690,0.68823147,0.07371269,0.01055243,0.00000000
-0.06560886,-0.20950094,1.19916832,-0.02000418,0.89400566,0.43991113,0.08265509,-0.00549503,0.16435806,0.40018857,1.51032174,-0.06103240,0.00000000,-0.70491880,-0.19352540,-0.08509672,1.56295490,0.06400950,-0.00000001,-0.24256140,0.02625930,0.08345049,-0.50461680,1.52552700,-0.21583898,0.82549882,0.00172708,0.00659565,-0.00000000,-0.10299885,-1.47834384,-0.51292145,0.62294823,0.07204716,0.00212842,0.00000000
-0.06883594,-0.19268669,1.20075715,-0.01988126,0.89446986,0.44066527,0.07309246,0.00823402,0.14472535,0.41188738,1.56021845,-0.04215934,0.00000000,-0.73769289,-0.17589803,-0.10226925,1.63648152,0.06496679,-0.00000001,-0.26111382,0.03456276,0.07246349,-0.59888494,1.53766584,-0.21067145,0.76091164,0.00381395,-0.00318241,-0.00000000,-0.17965305,-1.53382051,-0.49610370,0.55710948,0.07024080,-0.00633782,0.00000000
-0.07527967,-0.18339984,1.19052470,-0.02322575,0.89373457,0.44187802,0.07377604,0.01020750,0.13009593,0.41980994,1.58264399,-0.03173689,0.00000000,-0.77581674,-0.16154866,-0.11946644,1.68945289,0.06366475,-0.00000001,-0.27559349,0.03799785,0.07295209,-0.68783045,1.52697456,-0.21352944,0.69652253,0.00623526,-0.01261283,-0.00000000,-0.25493342,-1.57294548,-0.47062126,0.49015990,0.06815277,-0.01488854,0.00000000
-0.08033441,-0.17824420,1.17825592,-0.02586302,0.89117020,0.44641539,0.07655115,0.00462954,0.11792180,0.42361742,1.57850564,-0.02801368,0.00000000,-0.81756645,-0.14944251,-0.13799454,1.71891654,0.06105418,-0.00000001,-0.28777209,0.03687833,0.08015219,-0.77091539,1.49864101,-0.22302668,0.63600522,0.00891509,-0.02110558,-0.00000000,-0.32825083,-1.59773350,-0.43937615,0.42488915,0.06582569,-0.02316492,0.00000000
-0.08469466,-0.17515415,1.16496909,-0.02814525,0.88764310,0.45259088,0.08036783,-0.00472414,0.10697530,0.42536753,1.56108534,-0.02764009,0.00000000,-0.86112934,-0.13845804,-0.15718806,1.73662663,0.05778935,-0.00000001,-0.29880023,0.03348149,0.09070803,-0.85107005,1.46148670,-0.23584354,0.57742387,0.01172418,-0.02912948,-0.00000000,-0.40058675,-1.61535299,-0.40524969,0.36045781,0.06337906,-0.03130414,0.00000000
-0.07582049,-0.17528017,1.15212631,-0.02784791,0.88533443,0.45774570,0.07665674,-0.01955002,0.09610506,0.42047441,1.51386750,-0.03356393,0.00000000,-0.90194029,-0.13087888,-0.17153774,1.71989393,0.05418823,-0.00000001,-0.30703884,0.02939917,0.10125142,-0.92214781,1.40935194,-0.25465965,0.53351760,0.01476711,-0.03389326,-0.00000000,-0.47149083,-1.61386800,-0.36851358,0.30978686,0.06063317,-0.03656374,0.00000000
-0.07066076,-0.17605744,1.13807523,-0.02880486,0.88239634,0.46355706,0.07524478,-0.03592661,0.08486211,0.41383708,1.45893490,-0.04092879,0.00000000,-0.94160229,-0.12411367,-0.18453132,1.69306302,0.05074038,-0.00000001,-0.31478521,0.02508078,0.11102968,-0.99028492,1.35380185,-0.27491152,0.49502042,0.01787954,-0.03753417,-0.00000000,-0.54248273,-1.60723197,-0.33185455,0.26465070,0.05778899,-0.04072617,0.00000000
-0.07292988,-0.17813721,1.12160766,-0.03227073,0.87821388,0.47068828,0.07843239,-0.05540464,0.07287370,0.40371123,1.38857174,-0.05117573,0.00000000,-0.97896683,-0.11897632,-0.19481272,1.64603508,0.04759908,-0.00000001,-0.32154709,0.02029027,0.11927764,-1.05254066,1.29142070,-0.29803506,0.46734184,0.02113097,-0.03892938,-0.00000000,-0.61365074,-1.59029424,-0.29534984,0.23058417,0.05474819,-0.04269427,0.00000000
-0.07482307,-0.17884354,1.10722160,-0.03405130,0.87578213,0.47568643,0.07462337,-0.07924955,0.05858082,0.39377683,1.31010985,-0.06281054,0.00000000,-1.01092863,-0.11582206,-0.20035475,1.58568358,0.04552383,-0.00000001,-0.32753015,0.01751107,0.12767616,-1.10927546,1.22405541,-0.32392558,0.45003733,0.02452181,-0.03825714,-0.00000000,-0.68485898,-1.56453693,-0.25914860,0.20906600,0.05153484,-0.04212133,0.00000000
-0.07652830,-0.17886314,1.09387648,-0.03498814,0.87419975,0.47960347,0.06731393,-0.10527789,0.04313567,0.38393822,1.22759891,-0.07513930,0.00000000,-1.04018903,-0.11365936,-0.20352715,1.51867044,0.04398160,-0.00000001,-0.33312380,0.01573754,0.13614993,-1.16325033,1.15419841,-0.35119960,0.43791988,0.02798236,-0.03655120,-0.00000000,-0.75608736,-1.53437030,-0.22309922,0.19382209,0.04823521,-0.04027788,0.00000000
-0.07727072,-0.17332770,1.08900476,-0.02685936,0.87253755,0.48520786,0.05030015,-0.13746402,0.02247214,0.37821147,1.14453518,-0.08860568,0.00000000,-1.06514740,-0.11587980,-0.19999538,1.43752921,0.04311174,-0.00000001,-0.33759871,0.01745438,0.15067750,-1.21088398,1.07549644,-0.38409325,0.43581948,0.03171911,-0.03313117,-0.00000000,-0.82591420,-1.49280381,-0.18457052,0.19303037,0.04471224,-0.03558231,0.00000000
-0.07720686,-0.16609143,1.08349252,-0.01717503,0.87075752,0.49018148,0.03476252,-0.17215979,0.00005281,0.37422049,1.06321585,-0.10259649,0.00000000,-1.08997858,-0.11978686,-0.19503731,1.35368299,0.04212848,-0.00000001,-0.34068507,0.01981694,0.16886058,-1.25592613,0.99402833,-0.41924882,0.43590295,0.03558671,-0.02942023,-0.00000000,-0.89440352,-1.44749761,-0.14424931,0.19604847,0.04112083,-0.03011010,0.00000000
-0.07553046,-0.15545347,1.07669938,-0.00439440,0.86911184,0.49409744,0.02220386,-0.21187493,-0.02587811,0.37370124,0.98538560,-0.11763619,0.00000000,-1.11455631,-0.12706706,-0.18722685,1.26442707,0.04091844,-0.00000001,-0.34099436,0.02347095,0.19435464,-1.29578495,0.90702844,-0.45892832,0.44035399,0.03971603,-0.02512746,-0.00000000,-0.96021825,-1.39471304,-0.10034301,0.20668617,0.03739255,-0.02308461,0.00000000
-0.07004113,-0.12454195,1.06813323,0.02340296,0.86941105,0.49340177,0.01146469,-0.24906287,-0.05552240,0.37568527,0.91982162,-0.13294882,0.00000000,-1.14585721,-0.13713993,-0.17855065,1.17217660,0.03851176,-0.00000001,-0.33782586,0.02865555,0.22815467,-1.33201814,0.81384248,-0.50335598,0.44469830,0.04413169,-0.02137412,-0.00000000,-1.02277255,-1.33464015,-0.05135433,0.21985753,0.03361801,-0.01566111,0.00000000
-0.06264535,-0.08349364,1.05868065,0.05867704,0.86980021,0.48989996,0.00162639,-0.28498721,-0.08702338,0.37892085,0.86039102,-0.14839794,0.00000000,-1.18052006,-0.14860913,-0.16944157,1.07842910,0.03550678,-0.00000001,-0.33291844,0.03460544,0.26610771,-1.36643851,0.71756345,-0.55015773,0.44898918,0.04869052,-0.01789049,-0.00000000,-1.08369648,-1.27092290,0.00017551,0.23429580,0.02982035,-0.00803861,0.00000000
-0.06183446,-0.07840833,1.04904962,0.07471343,0.86740637,0.49182466,-0.01151344,-0.30604452,-0.11474385,0.37785512,0.82772672,-0.16312359,0.00000000,-1.20191693,-0.15554516,-0.16266304,1.00629604,0.03177514,-0.00000001,-0.32430807,0.03487254,0.27693662,-1.40385759,0.63105094,-0.58814931,0.45025370,0.05254266,-0.01607439,-0.00000000,-1.14688158,-1.20743310,0.04707511,0.23932298,0.02674570,-0.00365643,0.00000000
-0.06122914,-0.07361867,1.03814340,0.09009596,0.86464745,0.49376720,-0.02148092,-0.32328805,-0.14136721,0.37584490,0.80287081,-0.17783570,0.00000000,-1.22183621,-0.16131349,-0.15650138,0.93987697,0.02732530,-0.00000001,-0.31459150,0.03406268,0.28329691,-1.44077957,0.54703504,-0.62403452,0.45040712,0.05616083,-0.01482001,-0.00000000,-1.20907593,-1.14302886,0.09338567,0.24134658,0.02390215,-0.00024292,0.00000000
-0.06103493,-0.06942032,1.02468646,0.10421009,0.86166316,0.49603072,-0.02510770,-0.33290431,-0.16579638,0.37194544,0.79363167,-0.19252066,0.00000000,-1.23880064,-0.16474631,-0.15157358,0.88488621,0.02143906,-0.00000000,-0.30266264,0.03109891,0.28072003,-1.47670650,0.46801260,-0.65570700,0.44833818,0.05931106,-0.01468907,-0.00000000,-1.26928854,-1.07679665,0.13851812,0.23736288,0.02152083,0.00123327,0.00000000
-0.06363082,-0.06420409,1.01025796,0.11437931,0.85765284,0.50054061,-0.02842690,-0.34063202,-0.18803750,0.36766997,0.79345220,-0.20745574,0.00000000,-1.25258029,-0.16713832,-0.14643456,0.84148943,0.01453481,-0.00000000,-0.28951377,0.02725390,0.27517852,-1.50850880,0.39801905,-0.68199384,0.44722885,0.06194161,-0.01480263,-0.00000000,-1.32421923,-1.01115036,0.18115081,0.22998177,0.01967000,0.00148053,0.00000000
-0.06762175,-0.05847892,0.99534363,0.12257128,0.85310215,0.50615710,-0.03159106,-0.34741557,-0.20918468,0.36320657,0.79780269,-0.22251578,0.00000000,-1.26476765,-0.16900991,-0.14118993,0.80388969,0.00712155,-0.00000000,-0.27575505,0.02296825,0.26815462,-1.53824878,0.33254012,-0.70558786,0.44659933,0.06431229,-0.01503844,-0.00000000,-1.37650883,-0.94579703,0.22253367,0.22090195,0.01808443,0.00111333,0.00000000
-0.07149576,-0.04897929,0.98028153,0.13199921,0.84567517,0.51589650,-0.03550339,-0.35310191,-0.22973245,0.35982653,0.80917120,-0.23667876,0.00000000,-1.27466965,-0.16703513,-0.13650389,0.78233284,-0.00144858,-0.00000000,-0.26410875,0.02158209,0.26208341,-1.55865467,0.28220627,-0.72232085,0.44913390,0.06593821,-0.01529920,-0.00000000,-1.41744506,-0.88621521,0.25738892,0.21047696,0.01738012,-0.00014284,0.00000000
-0.07543930,-0.04261485,0.96648204,0.14100677,0.83828014,0.52530211,-0.03822503,-0.35909986,-0.25001377,0.35690808,0.82096875,-0.25037605,0.00000000,-1.28441465,-0.16376762,-0.13202173,0.76487774,-0.01057448,-0.00000000,-0.25336489,0.02161034,0.25732657,-1.57544756,0.23740843,-0.73689926,0.45321745,0.06732928,-0.01545309,-0.00000000,-1.45371008,-0.82977992,0.28959286,0.20064919,0.01698400,-0.00144783,0.00000000
-0.07952186,-0.04252082,0.95520794,0.14921032,0.83119804,0.53418916,-0.03857512,-0.36572081,-0.26976222,0.35491288,0.83362395,-0.26314193,0.00000000,-1.29384530,-0.15791450,-0.12794717,0.75562644,-0.02081190,-0.00000000,-0.24442595,0.02446745,0.25519851,-1.58501434,0.20368272,-0.74716783,0.46039855,0.06825073,-0.01539322,-0.00000000,-1.48063326,-0.77963805,0.31649435,0.19201560,0.01720425,-0.00285044,0.00000000
-0.08254254,-0.04040515,0.94605869,0.15808816,0.82218438,0.54531294,-0.04067924,-0.37263000,-0.28855661,0.35333836,0.84574819,-0.27454796,0.00000000,-1.30436015,-0.15049848,-0.12389692,0.75230217,-0.03243456,-0.00000000,-0.23694226,0.03052940,0.25694317,-1.58820283,0.17996214,-0.75393367,0.47080868,0.06872898,-0.01505970,-0.00000000,-1.49788463,-0.73580307,0.33827803,0.18511532,0.01802980,-0.00422977,0.00000000
-0.08503227,-0.03727868,0.93797183,0.16726731,0.81202459,0.55743361,-0.04365116,-0.37968317,-0.30687389,0.35197404,0.85760689,-0.28527412,0.00000000,-1.31541729,-0.14230098,-0.11985883,0.75194162,-0.04474984,-0.00000000,-0.23018618,0.03819376,0.26062420,-1.58820224,0.16124420,-0.75894809,0.48283345,0.06898566,-0.01458937,-0.00000000,-1.51030004,-0.69512165,0.35750279,0.17908172,0.01915801,-0.00559745,0.00000000
-0.08582472,-0.03356012,0.93019640,0.17795731,0.80130833,0.56880116,-0.05197509,-0.38716623,-0.32436082,0.35087234,0.86766356,-0.29391879,0.00000000,-1.32663810,-0.13139081,-0.11625608,0.75855368,-0.05900671,-0.00000000,-0.22556928,0.04993505,0.26941562,-1.57856405,0.15539546,-0.75999475,0.49937877,0.06862346,-0.01374190,-0.00000000,-1.50755847,-0.66357815,0.37045208,0.17634144,0.02112463,-0.00681683,0.00000000
-0.08704567,-0.03067720,0.92358959,0.18635091,0.79157901,0.57896304,-0.05897321,-0.39383745,-0.34057269,0.34919900,0.87727219,-0.30170736,0.00000000,-1.33697248,-0.11996274,-0.11285831,0.76681203,-0.07354519,-0.00000000,-0.22141415,0.06180687,0.27742869,-1.56669426,0.15305495,-0.75952643,0.51687628,0.06804270,-0.01285593,-0.00000000,-1.50055218,-0.63480258,0.38164774,0.17489274,0.02334298,-0.00792275,0.00000000
-0.08912358,-0.02946557,0.91931975,0.19025870,0.78431493,0.58705914,-0.06335001,-0.39888489,-0.35423452,0.34638256,0.88598502,-0.30778378,0.00000000,-1.34553385,-0.10749880,-0.10987055,0.77836287,-0.08864690,-0.00000000,-0.21818264,0.07393967,0.28388503,-1.55036092,0.15773103,-0.75602847,0.53627807,0.06702475,-0.01189291,-0.00000000,-1.48501647,-0.61156273,0.38933632,0.17602740,0.02606478,-0.00880172,0.00000000
-0.08917853,-0.02885916,0.91507494,0.19548221,0.77648854,0.59492320,-0.07013273,-0.40247318,-0.36588785,0.34273341,0.89414161,-0.31227896,0.00000000,-1.35304224,-0.09459052,-0.10734446,0.79195255,-0.10428964,-0.00000000,-0.21588331,0.08665716,0.29055524,-1.52926242,0.16837579,-0.75024241,0.55769610,0.06559349,-0.01078022,-0.00000000,-1.46058989,-0.59351748,0.39416653,0.18048333,0.02925154,-0.00926678,0.00000000
-0.08822199,-0.02855534,0.91084254,0.20133656,0.76827610,0.60258985,-0.07810831,-0.40533188,-0.37653694,0.33866799,0.90202034,-0.31598341,0.00000000,-1.36002409,-0.08146007,-0.10504925,0.80656141,-0.12020288,-0.00000000,-0.21405014,0.09966696,0.29733235,-1.50578117,0.18200490,-0.74331230,0.58012217,0.06395555,-0.00959269,-0.00000000,-1.43171823,-0.57806951,0.39756751,0.18659991,0.03267078,-0.00952487,0.00000000
-0.08953406,-0.02956561,0.91113961,0.20169547,0.76228696,0.60951537,-0.08202789,-0.40502241,-0.38160226,0.33225673,0.91119117,-0.31664959,0.00000000,-1.36344111,-0.06893201,-0.10352967,0.82393348,-0.13650681,-0.00000000,-0.21227281,0.11016212,0.29931626,-1.47801304,0.20223965,-0.73268765,0.60434824,0.06171424,-0.00833915,-0.00000000,-1.39341056,-0.56799692,0.39776173,0.19653295,0.03674014,-0.00936434,0.00000000
-0.09067472,-0.03022758,0.91145319,0.20166901,0.75623459,0.61655188,-0.08545534,-0.40420240,-0.38528746,0.32542026,0.92118132,-0.31647941,0.00000000,-1.36614454,-0.05648675,-0.10242855,0.84202874,-0.15304038,-0.00000000,-0.21065469,0.12006053,0.30098218,-1.44822264,0.22401929,-0.72143078,0.62925214,0.05929513,-0.00703407,-0.00000000,-1.35182440,-0.55958176,0.39715996,0.20803204,0.04100607,-0.00897018,0.00000000
-0.09147257,-0.03019294,0.91179967,0.20089218,0.75013298,0.62387121,-0.08790651,-0.40236121,-0.38621274,0.31773302,0.93281019,-0.31463650,0.00000000,-1.36742067,-0.04420706,-0.10216435,0.86157072,-0.17003325,-0.00000000,-0.20935510,0.12876548,0.30201235,-1.41438746,0.24888878,-0.70890945,0.65551138,0.05652046,-0.00562589,-0.00000000,-1.30368185,-0.55448139,0.39496613,0.22266325,0.04566520,-0.00810876,0.00000000
-0.09220493,-0.02868727,0.91133857,0.20190886,0.74321985,0.63115710,-0.09218355,-0.40021837,-0.38502342,0.30955204,0.94707322,-0.31148592,0.00000000,-1.36908889,-0.03243128,-0.10281321,0.88195580,-0.18773405,-0.00000000,-0.20779152,0.13645411,0.30557108,-1.37449408,0.27638593,-0.69617683,0.68382406,0.05344581,-0.00392408,-0.00000000,-1.24875641,-0.55235106,0.39170304,0.24072827,0.05066456,-0.00665110,0.00000000
-0.09290455,-0.02644610,0.91047364,0.20380573,0.73584056,0.63837433,-0.09736574,-0.39792475,-0.38277680,0.30112410,0.96265346,-0.30768156,0.00000000,-1.37095320,-0.02090747,-0.10391858,0.90276247,-0.20578888,-0.00000000,-0.20609595,0.14363454,0.31039399,-1.33157158,0.30519691,-0.68333834,0.71316332,0.05022117,-0.00207545,-0.00000000,-1.19043946,-0.55170584,0.38790530,0.26051012,0.05583403,-0.00489532,0.00000000
-0.09299120,-0.02285944,0.90998173,0.20194721,0.72899038,0.64596754,-0.10254940,-0.39746007,-0.37775525,0.29214299,0.98367667,-0.30249307,0.00000000,-1.37111247,-0.00973692,-0.10643616,0.92532021,-0.22465308,-0.00000000,-0.20392293,0.14776829,0.31860277,-1.27793813,0.33399069,-0.67273766,0.74450022,0.04673282,-0.00009457,-0.00000000,-1.12502813,-0.55337459,0.38371849,0.28344148,0.06139806,-0.00261647,0.00000000
-0.09335697,-0.01898787,0.90958244,0.19951399,0.72280437,0.65300310,-0.10646547,-0.39842069,-0.37146133,0.28281274,1.00646687,-0.29723707,0.00000000,-1.36992002,0.00095047,-0.10908323,0.94849515,-0.24373774,-0.00000000,-0.20121716,0.15054685,0.32800815,-1.22023284,0.36216152,-0.66327703,0.77643192,0.04321078,0.00192529,-0.00000000,-1.05801892,-0.55541581,0.37960875,0.30682769,0.06704504,-0.00027215,0.00000000
-0.09428101,-0.01454646,0.90936834,0.19596712,0.71807617,0.65903634,-0.10786408,-0.40223190,-0.36262298,0.27278426,1.03279090,-0.29184595,0.00000000,-1.36602414,0.01067155,-0.11198927,0.97290421,-0.26326343,-0.00000000,-0.19744590,0.15061499,0.33980668,-1.15438354,0.38908628,-0.65609640,0.80955309,0.03962137,0.00402314,-0.00000000,-0.98781425,-0.55820161,0.37565282,0.33112371,0.07285785,0.00220309,0.00000000
-0.09546995,-0.01123347,0.90870953,0.19404300,0.71364707,0.66403532,-0.11005592,-0.41095135,-0.35203084,0.26248357,1.06272531,-0.28697965,0.00000000,-1.36061740,0.01942924,-0.11520064,0.99802637,-0.28329864,-0.00000000,-0.19262001,0.14804089,0.35816866,-1.07895160,0.41442648,-0.65161413,0.84450960,0.03606422,0.00644537,-0.00000000,-0.91256577,-0.56174892,0.37241489,0.35700452,0.07877453,0.00506434,0.00000000
-0.09679133,-0.00848468,0.90782839,0.19292758,0.70935762,0.66850758,-0.11264274,-0.42212480,-0.34056178,0.25204673,1.09446514,-0.28237572,0.00000000,-1.35445535,0.02770523,-0.11856468,1.02350497,-0.30358854,-0.00000000,-0.18726687,0.14414564,0.37981233,-0.99872857,0.43897429,-0.64848089,0.88038385,0.03252318,0.00902979,-0.00000000,-0.83479524,-0.56567687,0.36953580,0.38367775,0.08474314,0.00811860,0.00000000
-0.10126987,-0.00876480,0.91068399,0.19649199,0.69985062,0.67613047,-0.12019828,-0.44118929,-0.32596678,0.23995727,1.13043749,-0.27904725,0.00000000,-1.34366667,0.03495305,-0.12239315,1.04913747,-0.32423738,-0.00000000,-0.18119159,0.13473450,0.40743390,-0.90942222,0.46012709,-0.64852011,0.91703963,0.02918350,0.01182592,-0.00000000,-0.75335681,-0.56966704,0.36780813,0.40950093,0.09067214,0.01104768,0.00000000
-0.10389855,-0.00549218,0.91419727,0.19904619,0.69157624,0.68273634,-0.12638849,-0.46213460,-0.31033176,0.22731675,1.16566169,-0.27607092,0.00000000,-1.32965672,0.04181426,-0.12641160,1.07434738,-0.34459755,-0.00000000,-0.17483765,0.12385110,0.43231925,-0.82120669,0.47951722,-0.64903510,0.95223922,0.02597695,0.01435636,-0.00000000,-0.67484629,-0.57288790,0.36611998,0.43277210,0.09651143,0.01343416,0.00000000
-0.10282752,0.00488589,0.91902590,0.19964246,0.68599141,0.68752337,-0.12988584,-0.48684165,-0.29261678,0.21357416,1.19938791,-0.27379891,0.00000000,-1.30920422,0.04790221,-0.13080987,1.09871197,-0.36438024,-0.00000000,-0.16792639,0.11002322,0.45173231,-0.73517269,0.49538195,-0.65050137,0.98452592,0.02303669,0.01635544,-0.00000000,-0.60219175,-0.57457024,0.36451095,0.45093903,0.10217133,0.01473544,0.00000000
-0.10329196,0.01541330,0.92419749,0.19940145,0.68101931,0.69246292,-0.13018014,-0.51794261,-0.27164888,0.19761300,1.22917211,-0.27271208,0.00000000,-1.28257072,0.05155505,-0.13457865,1.12106872,-0.38321054,-0.00000000,-0.15938617,0.09270802,0.46810722,-0.65078795,0.50815809,-0.65302920,1.01447439,0.02048717,0.01810899,-0.00000000,-0.53530121,-0.57479507,0.36319152,0.46400547,0.10754240,0.01503984,0.00000000
-0.10452414,0.02601538,0.92954051,0.19873807,0.67634100,0.69746572,-0.12887049,-0.55224067,-0.24905455,0.18054263,1.25698507,-0.27221766,0.00000000,-1.25284719,0.05399032,-0.13803269,1.14242136,-0.40156478,-0.00000000,-0.15003149,0.07364918,0.48296303,-0.56722754,0.51938999,-0.65608776,1.04325378,0.01813301,0.01973976,-0.00000000,-0.47129270,-0.57429099,0.36201677,0.47452164,0.11276899,0.01484579,0.00000000
-0.10472681,0.03614612,0.93609953,0.19291183,0.67478436,0.70157069,-0.12348944,-0.59602642,-0.22493716,0.16265874,1.27741039,-0.27328035,0.00000000,-1.21494377,0.05380280,-0.14123715,1.15960288,-0.41795573,-0.00000000,-0.13887447,0.05133971,0.49404040,-0.48713356,0.52555144,-0.66072941,1.06808662,0.01644518,0.02103369,-0.00000000,-0.41581428,-0.57115346,0.36163107,0.47756863,0.11749391,0.01324517,0.00000000
-0.10437632,0.04655251,0.94267786,0.18677551,0.67436272,0.70461810,-0.11774202,-0.64208162,-0.20083545,0.14459567,1.29456627,-0.27457830,0.00000000,-1.17528665,0.05317184,-0.14459203,1.17530930,-0.43371859,-0.00000000,-0.12699352,0.02865773,0.50393885,-0.40866673,0.53002691,-0.66581345,1.09140801,0.01497900,0.02218869,-0.00000000,-0.36316985,-0.56686169,0.36169466,0.47830865,0.12204269,0.01122076,0.00000000
-0.10291946,0.05751021,0.94929487,0.18003409,0.67626226,0.70560306,-0.11127170,-0.69267541,-0.17676501,0.12617439,1.30518365,-0.27634683,0.00000000,-1.13212180,0.05165397,-0.14824778,1.18806648,-0.44822532,-0.00000000,-0.11366490,0.00523077,0.51147920,-0.33345398,0.53112966,-0.67178190,1.11170638,0.01395611,0.02306579,-0.00000000,-0.31619370,-0.56026089,0.36265677,0.47443485,0.12623914,0.00834877,0.00000000
-0.10254104,0.06779938,0.95639753,0.16964528,0.68065953,0.70553350,-0.10072534,-0.74834549,-0.15241967,0.10685338,1.30635178,-0.27805007,0.00000000,-1.08463621,0.04991633,-0.15231352,1.19877076,-0.46150392,-0.00000000,-0.09853914,-0.01863815,0.51639736,-0.26058412,0.52885771,-0.67871529,1.12925303,0.01335797,0.02374121,-0.00000000,-0.27387193,-0.55161393,0.36465970,0.46679738,0.13008814,0.00476729,0.00000000
-0.10270185,0.07775428,0.96374303,0.15739068,0.68613338,0.70475852,-0.08811624,-0.80655342,-0.12793688,0.08708248,1.30279553,-0.27972054,0.00000000,-1.03498983,0.04806881,-0.15658423,1.20844889,-0.47416863,-0.00000000,-0.08251480,-0.04272806,0.52000427,-0.18888569,0.52489841,-0.68613130,1.14542401,0.01297221,0.02431578,-0.00000000,-0.23387747,-0.54194379,0.36718291,0.45727813,0.13376340,0.00083108,0.00000000
-0.10268831,0.08639483,0.96990991,0.14251038,0.69558972,0.70000279,-0.07643193,-0.86564082,-0.10692920,0.06882580,1.28317845,-0.28000331,0.00000000,-0.98220062,0.04853189,-0.16294128,1.21509087,-0.48564437,-0.00000000,-0.06339482,-0.06318282,0.52000988,-0.12060631,0.51595247,-0.69484442,1.15738225,0.01312676,0.02452863,-0.00000000,-0.19988990,-0.52823436,0.37220842,0.44405052,0.13694417,-0.00374915,0.00000000
-0.10261824,0.09532041,0.97507674,0.12877473,0.70416230,0.69505852,-0.06682971,-0.92286766,-0.08787958,0.05191163,1.25861251,-0.27955690,0.00000000,-0.92966688,0.05007707,-0.16995472,1.22083807,-0.49692497,-0.00000000,-0.04324738,-0.08089309,0.52001357,-0.05365731,0.50544399,-0.70388609,1.16791451,0.01341879,0.02461166,-0.00000000,-0.16714093,-0.51276225,0.37868008,0.43089068,0.13996570,-0.00821658,0.00000000
-0.10243510,0.10481607,0.97824377,0.11742163,0.71140182,0.69017714,-0.06144235,-0.97637361,-0.07274618,0.03768249,1.22414851,-0.27765217,0.00000000,-0.87764376,0.05378642,-0.17828074,1.22479558,-0.50781500,-0.00000000,-0.02104503,-0.09311432,0.52001357,0.01063090,0.49181020,-0.71358442,1.17559469,0.01398578,0.02443504,-0.00000000,-0.13686909,-0.49376479,0.38804424,0.41786683,0.14266868,-0.01245839,0.00000000
-0.10319852,0.11526521,0.98006707,0.10115081,0.72294092,0.68152153,-0.05151048,-1.03033280,-0.06134161,0.02665595,1.17812192,-0.27454722,0.00000000,-0.82254994,0.06035362,-0.18734227,1.22914529,-0.51802737,-0.00000000,0.00511682,-0.10015539,0.52001578,0.07414374,0.47405136,-0.72429419,1.18081117,0.01480625,0.02409423,-0.00000000,-0.10891227,-0.47129181,0.40040982,0.40575141,0.14507559,-0.01641732,0.00000000
-0.10443523,0.12619109,0.98121876,0.08236463,0.73620337,0.67058033,-0.03927788,-1.08451867,-0.05180143,0.01723072,1.12631416,-0.27084211,0.00000000,-0.76592064,0.06834973,-0.19677156,1.23369110,-0.52790093,-0.00000000,0.03325843,-0.10460640,0.52001917,0.13726889,0.45422992,-0.73550963,1.18479574,0.01575346,0.02367132,-0.00000000,-0.08211294,-0.44708106,0.41427612,0.39409038,0.14733449,-0.02023481,0.00000000
-0.10698022,0.14323634,0.98161453,0.07075355,0.74060738,0.66715109,-0.03747165,-1.12290943,-0.04764131,0.01359452,1.07237935,-0.26514748,0.00000000,-0.71535468,0.08041930,-0.20695718,1.23569214,-0.53659320,-0.00000000,0.05922003,-0.10336052,0.52002037,0.19408235,0.43301731,-0.74659878,1.18516576,0.01691715,0.02306852,-0.00000000,-0.05439501,-0.42355749,0.42932469,0.39032632,0.14937831,-0.02229536,0.00000000
-0.10971943,0.15940115,0.98152918,0.06050734,0.74401766,0.66444606,-0.03588897,-1.15614629,-0.04426707,0.01090626,1.01973128,-0.25923511,0.00000000,-0.66695774,0.09276811,-0.21676843,1.23702574,-0.54477906,-0.00000000,0.08419914,-0.10107909,0.52002114,0.24807106,0.41147166,-0.75750327,1.18419373,0.01813089,0.02237775,-0.00000000,-0.02633047,-0.40055880,0.44444212,0.38950554,0.15137793,-0.02373864,0.00000000
-0.11284705,0.17380509,0.98048133,0.05300880,0.74561894,0.66335070,-0.03476254,-1.17907536,-0.04246463,0.01011390,0.96965647,-0.25288740,0.00000000,-0.62289864,0.10567535,-0.22583082,1.23702431,-0.55195224,-0.00000000,0.10721321,-0.09672661,0.52002114,0.29641038,0.38926008,-0.76803815,1.18053699,0.01944472,0.02151102,-0.00000000,0.00242732,-0.37860981,0.45969695,0.39457139,0.15328920,-0.02394739,0.00000000
-0.11630562,0.18869725,0.97901171,0.04779882,0.74655902,0.66276085,-0.03336058,-1.19361699,-0.04169290,0.01045179,0.92467523,-0.24718840,0.00000000,-0.58210039,0.11784169,-0.23349629,1.23630452,-0.55773330,-0.00000000,0.12792727,-0.09143421,0.52002054,0.33830702,0.36648729,-0.77802378,1.17404294,0.02082411,0.02041950,-0.00000000,0.03135849,-0.35778394,0.47457859,0.40504745,0.15512852,-0.02308224,0.00000000
-0.11992967,0.20383352,0.97733110,0.04373347,0.74717188,0.66242659,-0.03182103,-1.20396483,-0.04143653,0.01135479,0.88224101,-0.24181399,0.00000000,-0.54293263,0.12963754,-0.24046329,1.23522592,-0.56281823,-0.00000000,0.14749134,-0.08567183,0.52001965,0.37698233,0.34343395,-0.78773457,1.16612995,0.02223629,0.01921557,-0.00000000,0.06037636,-0.33751956,0.48927346,0.41822851,0.15693189,-0.02168013,0.00000000
-0.12241327,0.21841457,0.97545069,0.04121621,0.74646258,0.66352040,-0.02890443,-1.20454788,-0.04323762,0.01382372,0.85027838,-0.23897353,0.00000000,-0.50817412,0.13922520,-0.24532697,1.23353672,-0.56543094,-0.00000000,0.16345666,-0.07970144,0.52001929,0.40521726,0.31972164,-0.79636031,1.15385211,0.02368654,0.01761448,-0.00000000,0.08795360,-0.31918412,0.50228280,0.43799448,0.15868868,-0.01903565,0.00000000
-0.12579051,0.23390622,0.97343338,0.03865312,0.74597532,0.66430110,-0.02703454,-1.20171261,-0.04515611,0.01646870,0.82316256,-0.23728463,0.00000000,-0.47574651,0.14745635,-0.24930443,1.23158956,-0.56707489,-0.00000000,0.17731984,-0.07410757,0.52001679,0.42924181,0.29711506,-0.80421543,1.14037740,0.02510600,0.01593323,-0.00000000,0.11405394,-0.30224630,0.51378101,0.45912981,0.16050975,-0.01619029,0.00000000
-0.13095506,0.25121903,0.97114193,0.03599931,0.74594897,0.66447055,-0.02725875,-1.19204068,-0.04730940,0.01946578,0.80574006,-0.23789889,0.00000000,-0.44798103,0.15297456,-0.25150952,1.22912669,-0.56678128,-0.00000000,0.18697858,-0.06926685,0.52001047,0.44484520,0.27671987,-0.81052887,1.12450922,0.02646389,0.01409170,-0.00000000,0.13720050,-0.28810367,0.52225685,0.48300365,0.16245948,-0.01294315,0.00000000
-0.13655919,0.26869455,0.96922475,0.03516722,0.74604213,0.66431642,-0.02946446,-1.17770445,-0.04998836,0.02289420,0.79694462,-0.24107154,0.00000000,-0.42443490,0.15624493,-0.25221267,1.22652352,-0.56444913,-0.00000000,0.19270864,-0.06538954,0.51881069,0.45297921,0.25878361,-0.81524551,1.10667729,0.02772715,0.01214659,-0.00000000,0.15679662,-0.27727586,0.52708977,0.50841963,0.16461381,-0.00954097,0.00000000
-0.14238310,0.28625140,0.96749467,0.03524577,0.74619037,0.66399628,-0.03266072,-1.16103590,-0.05293019,0.02653830,0.79246265,-0.24552329,0.00000000,-0.40299851,0.15839136,-0.25216487,1.22385037,-0.56109768,-0.00000000,0.19647437,-0.06199395,0.51701409,0.45737845,0.24207675,-0.81916344,1.08786345,0.02894310,0.01014969,-0.00000000,0.17461754,-0.26810542,0.53010112,0.53460670,0.16687047,-0.00606128,0.00000000
-0.14869601,0.29384533,0.96739602,0.03823482,0.74710923,0.66242212,-0.03953251,-1.14111781,-0.05649849,0.03078708,0.79791945,-0.25377223,0.00000000,-0.38696435,0.15719111,-0.25007880,1.22128201,-0.55465955,-0.00000000,0.19526127,-0.06005938,0.51295584,0.45263627,0.22868577,-0.82083684,1.06659007,0.02995050,0.00801240,-0.00000000,0.18730190,-0.26416871,0.52774006,0.56139326,0.16953284,-0.00268092,-0.00000000
-0.15477748,0.30156267,0.96793473,0.04135526,0.74807632,0.66070497,-0.04626514,-1.12136221,-0.05975090,0.03493366,0.80499893,-0.26310360,0.00000000,-0.37200907,0.15470253,-0.24731013,1.21905243,-0.54712385,-0.00000000,0.19253682,-0.05849938,0.50867873,0.44565776,0.21646583,-0.82181776,1.04476476,0.03086963,0.00585306,-0.00000000,0.19847926,-0.26218516,0.52362543,0.58799702,0.17235120,0.00059780,-0.00000000
-0.16039611,0.30952686,0.96974802,0.04474060,0.74918479,0.65874189,-0.05272143,-1.10193145,-0.06237151,0.03887581,0.81532413,-0.27459988,0.00000000,-0.35921136,0.14963734,-0.24317625,1.21749961,-0.53739327,-0.00000000,0.18678966,-0.05768852,0.50396377,0.43420640,0.20658819,-0.82141358,1.02183580,0.03161221,0.00364962,-0.00000000,0.20664255,-0.26410788,0.51600337,0.61423475,0.17548144,0.00367326,-0.00000000
-0.16561382,0.31670284,0.97226149,0.04818808,0.74946976,0.65779310,-0.05728161,-1.08303928,-0.06366879,0.04221047,0.82706612,-0.28773314,0.00000000,-0.34874597,0.14222664,-0.23811115,1.21639216,-0.52610862,-0.00000000,0.17833762,-0.05746715,0.49953774,0.41930634,0.19917503,-0.81963903,0.99820948,0.03214510,0.00142696,-0.00000000,0.21246493,-0.26993424,0.50530189,0.63980711,0.17892195,0.00656043,-0.00000000
-0.17063107,0.32348475,0.97512501,0.05166645,0.74934167,0.65735048,-0.06089351,-1.06441665,-0.06430438,0.04524136,0.83951646,-0.30168495,0.00000000,-0.33944654,0.13364324,-0.23258042,1.21550739,-0.51404679,-0.00000000,0.16853313,-0.05754051,0.49525613,0.40268201,0.19299418,-0.81717944,0.97423446,0.03257314,-0.00080531,-0.00000000,0.21711676,-0.27771255,0.49306053,0.66504699,0.18251757,0.00935345,-0.00000000
-0.17539829,0.35061350,0.97927326,0.05384318,0.74829429,0.65804291,-0.06431196,-1.03912783,-0.06233912,0.04646213,0.85609961,-0.31706649,0.00000000,-0.34045419,0.11931933,-0.22661044,1.21239138,-0.50170219,-0.00000000,0.15571532,-0.05659306,0.49147880,0.38296351,0.19089581,-0.81283450,0.95007116,0.03265481,-0.00298501,-0.00000000,0.21763709,-0.28877664,0.47789514,0.68742031,0.18644205,0.01154389,-0.00000000
-0.17912723,0.37824744,0.98369700,0.05558131,0.74684548,0.65924257,-0.06731811,-1.01186132,-0.05885887,0.04676994,0.87356412,-0.33238980,0.00000000,-0.34452453,0.10275262,-0.22030105,1.20832527,-0.48949403,-0.00000000,0.14196040,-0.05505401,0.48795521,0.36267376,0.19063133,-0.80775464,0.92624754,0.03260009,-0.00508033,-0.00000000,0.21691021,-0.30081654,0.46193323,0.70875853,0.19046131,0.01355243,-0.00000000
-0.18077958,0.40689173,0.98867184,0.05644331,0.74460864,0.66146940,-0.06950092,-0.98063958,-0.05234864,0.04525178,0.89279163,-0.34759676,0.00000000,-0.35472015,0.08170029,-0.21331294,1.20235920,-0.47755840,-0.00000000,0.12633125,-0.05233173,0.48493955,0.34124148,0.19403449,-0.80120498,0.90310276,0.03227263,-0.00700685,-0.00000000,0.21368885,-0.31480816,0.44437814,0.72802681,0.19467029,0.01519716,-0.00000000
-0.17727183,0.43807819,0.99319464,0.05507500,0.74229932,0.66409802,-0.07022969,-0.94607788,-0.04213435,0.04167062,0.91299164,-0.36182156,0.00000000,-0.37049913,0.05563606,-0.20514511,1.19401681,-0.46613565,-0.00000000,0.10925332,-0.04755997,0.48280099,0.31957141,0.20139329,-0.79314399,0.88123745,0.03165547,-0.00867636,-0.00000000,0.20829767,-0.32915646,0.42625391,0.74488312,0.19895776,0.01648955,-0.00000000
-0.17118402,0.47053573,0.99749154,0.05259094,0.73994565,0.66692007,-0.07023065,-0.90984619,-0.03006804,0.03705796,0.93367803,-0.37555525,0.00000000,-0.38906994,0.02706586,-0.19638738,1.18448663,-0.45496926,-0.00000000,0.09145100,-0.04176344,0.48110110,0.29778248,0.21072987,-0.78432733,0.86001199,0.03089345,-0.01021735,-0.00000000,0.20182154,-0.34368321,0.40784529,0.76053363,0.20328450,0.01760577,-0.00000000
-0.17095636,0.48588490,1.00289595,0.04897412,0.73416603,0.67375010,-0.06828303,-0.87594181,-0.01657650,0.03228581,0.95146996,-0.38693190,0.00000000,-0.40852094,-0.00224186,-0.18767494,1.17402458,-0.44368091,-0.00000000,0.07453448,-0.03507803,0.48249790,0.27944580,0.22306423,-0.77485859,0.84138393,0.02972628,-0.01128902,-0.00000000,0.19383220,-0.35718405,0.38975838,0.77279907,0.20763256,0.01833953,-0.00000000
-0.17029710,0.49905771,1.00820613,0.04464937,0.72773546,0.68125552,-0.06556287,-0.84215593,-0.00238007,0.02730512,0.96869689,-0.39753020,0.00000000,-0.42864847,-0.03234478,-0.17853625,1.16270745,-0.43238866,-0.00000000,0.05766904,-0.02783957,0.48458600,0.26200593,0.23675632,-0.76492012,0.82378322,0.02841812,-0.01217011,-0.00000000,0.18536358,-0.37040070,0.37177637,0.78397703,0.21197818,0.01896739,-0.00000000
-0.16877466,0.50787777,1.01332831,0.03891118,0.72002989,0.69013411,-0.06130052,-0.80860686,0.01322611,0.02190733,0.98479384,-0.40657195,0.00000000,-0.45012894,-0.06403810,-0.16854498,1.14968038,-0.42108843,-0.00000000,0.04090579,-0.01949501,0.48805651,0.24635971,0.25316381,-0.75404227,0.80823684,0.02682799,-0.01267005,-0.00000000,0.17593642,-0.38304856,0.35400429,0.79297996,0.21631883,0.01938343,-0.00000000
-0.16402717,0.51666665,1.01815081,0.03177357,0.71209353,0.69910336,-0.05628271,-0.77381212,0.03079821,0.01572606,1.00082016,-0.41427454,0.00000000,-0.47344205,-0.09834800,-0.15677893,1.13375092,-0.40981537,-0.00000000,0.02362028,-0.00978137,0.49182758,0.23139474,0.27230012,-0.74180275,0.79455829,0.02496900,-0.01283073,-0.00000000,0.16571136,-0.39496535,0.33653870,0.79991400,0.22065008,0.01963233,-0.00000000
-0.15766715,0.52543998,1.02282357,0.02393269,0.70394701,0.70802331,-0.05088010,-0.73839438,0.04935325,0.00915304,1.01681125,-0.42130756,0.00000000,-0.49767140,-0.13396616,-0.14412548,1.11637020,-0.39855582,-0.00000000,0.00607364,0.00061682,0.49574897,0.21677028,0.29280081,-0.72888225,0.78181356,0.02297556,-0.01282178,-0.00000000,0.15508732,-0.40651658,0.31922632,0.80581343,0.22497663,0.01979766,-0.00000000
-0.15148045,0.53610778,1.02555740,0.00994394,0.69960189,0.71319163,-0.04261478,-0.70126611,0.06853690,0.00280398,1.03307319,-0.42672515,0.00000000,-0.52367014,-0.17089532,-0.12882286,1.09447289,-0.38742945,-0.00000000,-0.01211475,0.01288239,0.49914241,0.20254055,0.31669816,-0.71366864,0.77185100,0.02059554,-0.01225294,-0.00000000,0.14392047,-0.41670990,0.30254135,0.80892426,0.22931144,0.01980506,-0.00000000
-0.14609912,0.54483825,1.02782106,-0.00241997,0.69437641,0.71875298,-0.03506695,-0.66600794,0.08634088,-0.00252942,1.04852319,-0.43180892,0.00000000,-0.54714650,-0.20560209,-0.11357242,1.07314348,-0.37642124,-0.00000000,-0.02987355,0.02445349,0.50237441,0.18833987,0.34027866,-0.69807285,0.76239711,0.01810553,-0.01157263,-0.00000000,0.13305835,-0.42646778,0.28614730,0.81135058,0.23362809,0.01982677,-0.00000000
-0.14232849,0.54969406,1.02914453,-0.01152763,0.68765509,0.72536772,-0.02897190,-0.63449001,0.10138555,-0.00583152,1.06234896,-0.43622515,0.00000000,-0.56557810,-0.23586422,-0.09842630,1.05295026,-0.36564919,-0.00000000,-0.04677315,0.03463565,0.50528371,0.17419744,0.36322552,-0.68171239,0.75396097,0.01539553,-0.01066941,-0.00000000,0.12280579,-0.43535483,0.27033508,0.81240851,0.23790868,0.01987714,-0.00000000
-0.13964441,0.55548286,1.02984214,-0.01761703,0.68085825,0.73181611,-0.02380691,-0.60656887,0.11382622,-0.00679088,1.07512403,-0.43998933,0.00000000,-0.57868826,-0.26122895,-0.08445274,1.03524625,-0.35562071,-0.00000000,-0.06254619,0.04286511,0.50741500,0.15960979,0.38463014,-0.66470736,0.74615276,0.01248139,-0.00959432,-0.00000000,0.11300984,-0.44340691,0.25510409,0.81206888,0.24212931,0.01994899,-0.00000000
-0.13750359,0.56173807,1.03022707,-0.02219599,0.67399782,0.73815250,-0.01910653,-0.58044612,0.12496490,-0.00657889,1.08737338,-0.44342750,0.00000000,-0.58913761,-0.28414497,-0.07106546,1.01878703,-0.34596419,-0.00000000,-0.07775594,0.05011820,0.50915718,0.14479963,0.40526360,-0.64737999,0.73865855,0.00946517,-0.00843330,-0.00000000,0.10344218,-0.45104185,0.24016370,0.81103063,0.24632001,0.02003159,-0.00000000
-0.13307004,0.56976008,1.02888000,-0.02505906,0.66888255,0.74281722,-0.01381455,-0.55803204,0.13374683,-0.00369968,1.09902489,-0.44578013,0.00000000,-0.59349507,-0.30202329,-0.05895234,1.00556207,-0.33800748,-0.00000000,-0.09143429,0.05587445,0.50946635,0.12937869,0.42393252,-0.62897331,0.73224229,0.00617491,-0.00691986,-0.00000000,0.09397385,-0.45720145,0.22613540,0.80763072,0.25039923,0.02008938,-0.00000000
-0.12855843,0.57736981,1.02727354,-0.02713067,0.66412920,0.74707311,-0.00883891,-0.53708953,0.14228058,-0.00007593,1.11020827,-0.44775245,0.00000000,-0.59583998,-0.31855407,-0.04761148,0.99398494,-0.33075905,-0.00000000,-0.10435238,0.06088878,0.50949103,0.11379173,0.44145426,-0.61048907,0.72593778,0.00280462,-0.00533233,-0.00000000,0.08430998,-0.46276984,0.21247734,0.80331165,0.25441253,0.02011327,-0.00000000
-0.12389073,0.58415520,1.02514863,-0.02762199,0.66017342,0.75059170,-0.00449773,-0.51909071,0.15031797,0.00503691,1.12045574,-0.44896391,0.00000000,-0.59415966,-0.33238959,-0.03781516,0.98570341,-0.32492715,-0.00000000,-0.11575001,0.06441925,0.50894672,0.09787285,0.45668152,-0.59184951,0.71985632,-0.00072573,-0.00359661,-0.00000000,0.07425497,-0.46715534,0.19955970,0.79715407,0.25829399,0.02006935,-0.00000000
-0.11609705,0.58865213,1.02237105,-0.02753688,0.65714633,0.75325578,0.00247259,-0.50288379,0.15841040,0.01131460,1.12977171,-0.44919765,0.00000000,-0.58990777,-0.34441620,-0.02961536,0.98012322,-0.32042027,-0.00000000,-0.12604618,0.06766919,0.50763857,0.08143107,0.47033417,-0.57282424,0.71380299,-0.00441971,-0.00172842,-0.00000000,0.06366907,-0.47019225,0.18746957,0.78901893,0.26202291,0.01992927,-0.00000000
-0.10674038,0.59200490,1.01926732,-0.02716216,0.65455037,0.75545371,0.01075717,-0.48757279,0.16653028,0.01817472,1.13862216,-0.44894278,0.00000000,-0.58436990,-0.35553849,-0.02221384,0.97589397,-0.31657580,-0.00000000,-0.13579160,0.07077888,0.50594872,0.06472783,0.48319942,-0.55360579,0.70776349,-0.00819550,0.00020601,-0.00000000,0.05281767,-0.47255471,0.17579314,0.77989489,0.26567560,0.01974111,-0.00000000
-0.09180272,0.60570425,1.01714385,-0.02042584,0.65449297,0.75561816,0.01621867,-0.47481027,0.17628346,0.02608612,1.14519823,-0.44723177,0.00000000,-0.57495773,-0.36536691,-0.01768631,0.97583181,-0.31404740,-0.00000000,-0.14299011,0.07262602,0.50348866,0.04782275,0.49278569,-0.53476292,0.70066202,-0.01219062,0.00205632,-0.00000000,0.04081935,-0.47318131,0.16533917,0.76754004,0.26903403,0.01932985,-0.00000000
-0.07915314,0.61615771,1.01536107,-0.01522177,0.65531605,0.75488818,0.02174594,-0.46332443,0.18625286,0.03425565,1.15054464,-0.44512224,0.00000000,-0.56470841,-0.37471923,-0.01416685,0.97611529,-0.31142724,-0.00000000,-0.14917168,0.07369972,0.50146019,0.03194436,0.50112402,-0.51655561,0.69299632,-0.01620854,0.00378387,-0.00000000,0.02945516,-0.47362763,0.15520440,0.75453669,0.27229032,0.01892950,-0.00000000
-0.07107973,0.62011939,1.01425970,-0.01308435,0.65796041,0.75243986,0.02740596,-0.45439181,0.19665471,0.04294142,1.15343189,-0.44221559,0.00000000,-0.55278522,-0.38311955,-0.01266351,0.97709090,-0.30862364,-0.00000000,-0.15331946,0.07322659,0.50029498,0.01811936,0.50696623,-0.49961936,0.68420178,-0.02027209,0.00526586,-0.00000000,0.01935925,-0.47371292,0.14570805,0.74023604,0.27534226,0.01855101,-0.00000000
-0.06042130,0.62710077,1.01436889,-0.00859096,0.66304451,0.74782646,0.03246139,-0.44714400,0.20860687,0.05117610,1.15381169,-0.43855065,0.00000000,-0.53934813,-0.39176980,-0.01258065,0.97776270,-0.30502546,-0.00000000,-0.15525895,0.07147043,0.49961546,0.00647518,0.51133531,-0.48366934,0.67400098,-0.02434511,0.00641865,-0.00000000,0.01051549,-0.47400489,0.13658942,0.72451490,0.27819553,0.01811601,-0.00000000
-0.04847036,0.63559198,1.01508319,-0.00291898,0.66928935,0.74206370,0.03721150,-0.44073862,0.22133414,0.05918524,1.15293753,-0.43450677,0.00000000,-0.52515435,-0.40054494,-0.01320804,0.97828251,-0.30102992,-0.00000000,-0.15609433,0.06907278,0.49917895,-0.00407859,0.51496780,-0.46821252,0.66309655,-0.02842288,0.00740685,-0.00000000,0.00229781,-0.47440016,0.12765960,0.70808321,0.28094950,0.01765277,-0.00000000
-0.04577987,0.63782048,1.01727748,-0.00306659,0.67299742,0.73850894,0.04086120,-0.43559840,0.23455834,0.06563330,1.14856064,-0.42972150,0.00000000,-0.51027602,-0.40895951,-0.01557264,0.97598219,-0.29497626,-0.00000000,-0.15454963,0.06504767,0.49869180,-0.01154895,0.51977700,-0.45308036,0.64976615,-0.03235848,0.00775121,-0.00000000,-0.00326472,-0.47737998,0.11823395,0.68982512,0.28347489,0.01704343,-0.00000000
-0.04349252,0.63933641,1.01988280,-0.00327280,0.67669588,0.73488486,0.04490199,-0.43047684,0.24830151,0.07116477,1.14292431,-0.42474928,0.00000000,-0.49509948,-0.41747603,-0.01825925,0.97273254,-0.28820589,-0.00000000,-0.15214688,0.06060632,0.49759126,-0.01834779,0.52558833,-0.43770763,0.63547713,-0.03624553,0.00783383,-0.00000000,-0.00842730,-0.48167846,0.10836441,0.67070365,0.28593630,0.01628522,-0.00000000
-0.04201148,0.63942713,1.02331054,-0.00359635,0.68039727,0.73114562,0.04972611,-0.42539260,0.26308256,0.07486308,1.13476849,-0.41940320,0.00000000,-0.47932649,-0.42619649,-0.02158988,0.96758401,-0.28000250,-0.00000000,-0.14802797,0.05533243,0.49526411,-0.02380360,0.53340364,-0.42185414,0.61927050,-0.04003552,0.00739296,-0.00000000,-0.01278998,-0.48861390,0.09760702,0.64985555,0.28826967,0.01522929,-0.00000000
-0.04325101,0.63921165,1.02692580,-0.00519107,0.68415511,0.72738576,0.05305517,-0.41895846,0.27814141,0.07664803,1.12433672,-0.41360885,0.00000000,-0.46342912,-0.43448812,-0.02570008,0.96086568,-0.27031881,-0.00000000,-0.14272264,0.04955684,0.49052498,-0.02876539,0.54452366,-0.40471813,0.60093027,-0.04372177,0.00633231,-0.00000000,-0.01707878,-0.49915245,0.08531582,0.62697434,0.29050320,0.01369967,-0.00000000
-0.04585081,0.63884318,1.03063500,-0.00742126,0.68792963,0.72360373,0.05563574,-0.41184938,0.29333922,0.07747631,1.11276698,-0.40759039,0.00000000,-0.44746971,-0.44256541,-0.03020006,0.95336235,-0.25989485,-0.00000000,-0.13682406,0.04353041,0.48457977,-0.03348016,0.55729592,-0.38694084,0.58152324,-0.04735616,0.00496177,-0.00000000,-0.02133062,-0.51149243,0.07225772,0.60307652,0.29268682,0.01193319,-0.00000000
-0.04725840,0.63959521,1.03434885,-0.00943113,0.69159228,0.71996570,0.05710092,-0.40192327,0.30793461,0.07564291,1.09798932,-0.40038419,0.00000000,-0.43068072,-0.44882050,-0.03603808,0.94439393,-0.24762401,-0.00000000,-0.12918666,0.03676731,0.47293285,-0.03860359,0.57646412,-0.36615306,0.55877572,-0.05084157,0.00251908,-0.00000000,-0.02745214,-0.53132570,0.05552848,0.57545638,0.29473510,0.00908018,-0.00000000
-0.05178138,0.63987029,1.03797877,-0.01326189,0.69491512,0.71664822,0.05772698,-0.39087445,0.32180741,0.07325239,1.08244467,-0.39278066,0.00000000,-0.41370532,-0.45438242,-0.04221504,0.93513674,-0.23477639,-0.00000000,-0.12122700,0.03014734,0.45882252,-0.04484099,0.59803689,-0.34387460,0.53495657,-0.05431102,-0.00029667,-0.00000000,-0.03505306,-0.55373377,0.03745951,0.54642856,0.29671118,0.00577154,-0.00000000
-0.06253516,0.63919139,1.04144037,-0.02073423,0.69756329,0.71397722,0.05667521,-0.37758029,0.33423531,0.06974765,1.06536758,-0.38438246,0.00000000,-0.39635715,-0.45855814,-0.04906989,0.92530185,-0.22077532,-0.00000000,-0.11262284,0.02381367,0.43978542,-0.05330636,0.62441868,-0.31861481,0.50899452,-0.05774854,-0.00385851,-0.00000000,-0.04561278,-0.58129120,0.01671106,0.51458567,0.29854283,0.00155166,-0.00000000
-0.06629531,0.63861710,1.04387915,-0.02574356,0.70016438,0.71134537,0.05563201,-0.36352050,0.34388104,0.06640073,1.04716289,-0.37526891,0.00000000,-0.37871143,-0.46060953,-0.05681307,0.91564298,-0.20617712,-0.00000000,-0.10310403,0.01880542,0.41697431,-0.06604031,0.65454090,-0.29044268,0.48162687,-0.06105897,-0.00795841,-0.00000000,-0.06146246,-0.61235911,-0.00530757,0.47979006,0.30008122,-0.00354479,-0.00000000
-0.06655864,0.63809520,1.04580629,-0.02952119,0.70274162,0.70873290,0.05459311,-0.34907803,0.35213566,0.06313273,1.02839446,-0.36579755,0.00000000,-0.36091688,-0.46159875,-0.06500041,0.90607238,-0.19128023,-0.00000000,-0.09312793,0.01445988,0.39227620,-0.08090859,0.68653339,-0.26081446,0.45355657,-0.06430589,-0.01232733,-0.00000000,-0.07995712,-0.64518231,-0.02796130,0.44351807,0.30147299,-0.00907953,-0.00000000
-0.07371709,0.64116335,1.05478501,-0.03698851,0.70907533,0.70255119,0.04760084,-0.33448032,0.35730052,0.05991355,1.00805271,-0.35475624,0.00000000,-0.34024563,-0.46084517,-0.07334180,0.89771098,-0.17524362,-0.00000000,-0.07969137,0.01086364,0.35888690,-0.10563600,0.72346008,-0.22730342,0.42376938,-0.06717615,-0.01745732,-0.00000000,-0.11170885,-0.68322366,-0.05150501,0.40204537,0.30232343,-0.01617934,-0.00000000
-0.07862340,0.64566499,1.06249452,-0.04360922,0.71424323,0.69725990,0.04223080,-0.31882057,0.36278346,0.05643576,0.98813033,-0.34309182,0.00000000,-0.31974775,-0.46017724,-0.08113931,0.88953078,-0.15940712,-0.00000000,-0.06756064,0.00751897,0.32221836,-0.13795678,0.75943041,-0.19553135,0.39458734,-0.06980639,-0.02232289,-0.00000000,-0.15046962,-0.72085321,-0.07292043,0.36098090,0.30297256,-0.02303537,-0.00000000
-0.07902543,0.65303361,1.06766546,-0.04854623,0.71727198,0.69394135,0.04011865,-0.30103648,0.36890268,0.05244074,0.96904606,-0.33018124,0.00000000,-0.29959652,-0.45968044,-0.08784903,0.88171303,-0.14397089,-0.00000000,-0.05804154,0.00467742,0.27899128,-0.18546428,0.79348791,-0.16723727,0.36661544,-0.07195660,-0.02665963,-0.00000000,-0.20324832,-0.75765848,-0.09007920,0.32073262,0.30321908,-0.02940381,-0.00000000
-0.08103420,0.65764016,1.07201898,-0.05449197,0.71904135,0.69168121,0.03984066,-0.28326458,0.37527311,0.04848393,0.95073092,-0.31609657,0.00000000,-0.28191328,-0.46005803,-0.09311377,0.87296265,-0.12956744,-0.00000000,-0.05133625,0.00295062,0.23468333,-0.24594736,0.81983572,-0.14870557,0.34302545,-0.07359831,-0.02955404,-0.00000000,-0.26864538,-0.78802913,-0.09836712,0.28520373,0.30308294,-0.03409648,-0.00000000
-0.08384633,0.66086555,1.07596385,-0.06094072,0.72016490,0.68993491,0.04047889,-0.26549864,0.38176912,0.04454622,0.93280029,-0.30142492,0.00000000,-0.26546404,-0.46087274,-0.09765603,0.86374611,-0.11568040,-0.00000000,-0.04603787,0.00178119,0.18983489,-0.31291816,0.84232867,-0.13505501,0.32162642,-0.07498581,-0.03172729,-0.00000000,-0.34035152,-0.81518233,-0.10221960,0.25203449,0.30275542,-0.03795126,-0.00000000
-0.08073772,0.66669816,1.07988834,-0.06115094,0.71956956,0.69047785,0.04147998,-0.25147802,0.38846633,0.04064617,0.91464466,-0.28532586,0.00000000,-0.25664935,-0.46276709,-0.10062557,0.85136962,-0.10439892,-0.00000000,-0.04466841,0.00247234,0.15545078,-0.38714713,0.84591615,-0.13974765,0.31130451,-0.07563990,-0.03076726,-0.00000000,-0.41997844,-0.82614869,-0.09094295,0.23172270,0.30197826,-0.03808238,-0.00000000
-0.07658559,0.67427349,1.08455753,-0.06006331,0.71796590,0.69208753,0.04395625,-0.23891626,0.39515927,0.03676955,0.89627135,-0.26911989,0.00000000,-0.25008336,-0.46436274,-0.10336050,0.83804774,-0.09403765,-0.00000000,-0.04434433,0.00301476,0.12471852,-0.46199834,0.84224802,-0.15061565,0.30423242,-0.07605046,-0.02891037,-0.00000000,-0.50118876,-0.83128005,-0.07490510,0.21522923,0.30105466,-0.03716284,-0.00000000
-0.07034644,0.68533409,1.09071589,-0.05637738,0.71431428,0.69580042,0.04938085,-0.22927241,0.40184367,0.03293977,0.87746280,-0.25270012,0.00000000,-0.24801502,-0.46536076,-0.10562622,0.82283545,-0.08551686,-0.00000000,-0.04611102,0.00325973,0.10129000,-0.53809452,0.82406849,-0.17383449,0.30366030,-0.07597396,-0.02525974,-0.00000000,-0.58556610,-0.82474172,-0.04934486,0.20637262,0.29983792,-0.03414197,-0.00000000
-0.06143897,0.69625753,1.09713650,-0.04966989,0.71192503,0.69842881,0.05378423,-0.22474696,0.40788445,0.02941425,0.85805166,-0.23762710,0.00000000,-0.24885751,-0.46496403,-0.10793021,0.80711472,-0.07914243,-0.00000000,-0.04672701,0.00200444,0.08849449,-0.60916889,0.79172659,-0.20832026,0.30555752,-0.07533249,-0.02101804,-0.00000000,-0.66650075,-0.80629414,-0.01341856,0.20290133,0.29818621,-0.02955135,-0.00000000
-0.05119735,0.70711231,1.10368812,-0.04144928,0.71013045,0.70047867,0.05767404,-0.22278072,0.41360345,0.02604085,0.83833945,-0.22322752,0.00000000,-0.25115553,-0.46386990,-0.11025335,0.79113972,-0.07384120,-0.00000000,-0.04676764,-0.00000098,0.08101549,-0.67773235,0.75230360,-0.24843958,0.30868939,-0.07440853,-0.01648080,-0.00000000,-0.74571401,-0.78189224,0.02769078,0.20212270,0.29631695,-0.02417584,-0.00000000
-0.03928829,0.71542937,1.10807037,-0.03069134,0.71041083,0.70025820,0.06334688,-0.22462486,0.41855463,0.02283049,0.82040513,-0.21094705,0.00000000,-0.25336373,-0.46075407,-0.11276224,0.77780825,-0.07165606,-0.00000000,-0.04402637,-0.00420533,0.08223414,-0.73921543,0.69490415,-0.30225548,0.30995247,-0.07272971,-0.01262178,-0.00000000,-0.81831336,-0.74135345,0.08365395,0.20347235,0.29364890,-0.01784584,-0.00000000
-0.02897216,0.72057110,1.11142349,-0.02194608,0.71016675,0.70041603,0.06781528,-0.22580883,0.42346093,0.01942730,0.80420923,-0.19960257,0.00000000,-0.25521573,-0.45719776,-0.11522038,0.76609474,-0.07052842,-0.00000000,-0.04143795,-0.00893259,0.08424064,-0.79913712,0.63290739,-0.35894784,0.30839300,-0.07098649,-0.00969784,-0.00000000,-0.88774896,-0.69643319,0.14355959,0.20350651,0.29073328,-0.01183768,-0.00000000
-0.02184187,0.71936202,1.11271834,-0.01723366,0.70903504,0.70148975,0.06988903,-0.22567242,0.42827770,0.01563845,0.79149020,-0.19013007,0.00000000,-0.25635532,-0.45276061,-0.11757703,0.75761753,-0.07151569,-0.00000000,-0.03915520,-0.01470569,0.08782282,-0.85593593,0.56171602,-0.42139313,0.30118862,-0.06911446,-0.00864409,-0.00000000,-0.95085758,-0.64275014,0.21135004,0.20090963,0.28732210,-0.00647324,-0.00000000
-0.01774482,0.71307158,1.11215854,-0.01825764,0.70716393,0.70305192,0.07282758,-0.22230832,0.43258217,0.01155740,0.78277171,-0.18237828,0.00000000,-0.25758943,-0.44747114,-0.11995681,0.75179714,-0.07339749,-0.00000000,-0.03863342,-0.02027560,0.09105804,-0.90601337,0.49280369,-0.48155454,0.29272863,-0.06778610,-0.00837333,-0.00000000,-1.00539839,-0.58955246,0.27832797,0.19629933,0.28425136,-0.00224727,-0.00000000
-0.01516440,0.70424044,1.11067140,-0.02214945,0.70490932,0.70484489,0.07619708,-0.21733041,0.43663043,0.00733025,0.77605337,-0.17548686,0.00000000,-0.25887075,-0.44175565,-0.12234820,0.74730527,-0.07572652,-0.00000000,-0.03899215,-0.02574391,0.09411974,-0.95273018,0.42503089,-0.54057419,0.28364080,-0.06672960,-0.00849407,-0.00000000,-1.05565548,-0.53659767,0.34489956,0.19068240,0.28135100,0.00140945,-0.00000000
-0.01441078,0.69795591,1.10824704,-0.02576068,0.70375872,0.70566624,0.07807157,-0.21051188,0.43933022,0.00325177,0.77269375,-0.17107214,0.00000000,-0.25957730,-0.43591765,-0.12419999,0.74574703,-0.07857640,-0.00000000,-0.04009227,-0.02944462,0.09819600,-0.98668957,0.36925480,-0.59194779,0.27657896,-0.06665885,-0.00885032,-0.00000000,-1.09364831,-0.49210209,0.40395662,0.18476740,0.27935231,0.00397924,-0.00000000
-0.01326086,0.69327885,1.10517550,-0.02923206,0.70220208,0.70691574,0.07954792,-0.20345230,0.44160399,-0.00075225,0.77001452,-0.16741638,0.00000000,-0.26024932,-0.43007034,-0.12591696,0.74489945,-0.08149396,-0.00000000,-0.04144193,-0.03272299,0.10268726,-1.01707006,0.31787845,-0.64043570,0.27022079,-0.06691026,-0.00927705,-0.00000000,-1.12794018,-0.45076171,0.46031913,0.17882113,0.27765775,0.00627354,-0.00000000
-0.01131832,0.69181687,1.10080945,-0.03242410,0.69984519,0.70903355,0.08022930,-0.19591053,0.44302616,-0.00460732,0.76869631,-0.16527863,0.00000000,-0.26085213,-0.42420444,-0.12736422,0.74547261,-0.08454689,-0.00000000,-0.04329069,-0.03515664,0.10800865,-1.04029298,0.27530155,-0.68315166,0.26526999,-0.06780595,-0.00984478,-0.00000000,-1.15483034,-0.41573143,0.51129240,0.17281236,0.27657124,0.00801689,-0.00000000
-0.01456890,0.68891573,1.09628725,-0.03655986,0.69825500,0.71052241,0.07912795,-0.18814798,0.44363526,-0.00818334,0.76826477,-0.16448963,0.00000000,-0.26170221,-0.41860220,-0.12841575,0.74650037,-0.08742104,-0.00000000,-0.04560146,-0.03706238,0.11341034,-1.05832887,0.24213241,-0.71946913,0.26199946,-0.06930511,-0.01049861,-0.00000000,-1.17614079,-0.38785213,0.55600572,0.16707395,0.27605692,0.00936934,-0.00000000
-0.02041604,0.68529505,1.09168684,-0.04116682,0.69703656,0.71168512,0.07713398,-0.18027496,0.44383788,-0.01161982,0.76827681,-0.16437505,0.00000000,-0.26267588,-0.41313189,-0.12926933,0.74775541,-0.09020586,-0.00000000,-0.04814328,-0.03870414,0.11885218,-1.07377160,0.21366720,-0.75258720,0.25956911,-0.07110602,-0.01119551,-0.00000000,-1.19466078,-0.36354843,0.59758914,0.16147076,0.27582881,0.01052634,-0.00000000
-0.02880926,0.68217486,1.08649588,-0.04558137,0.69758081,0.71151954,0.07101630,-0.17298026,0.44268835,-0.01453067,0.76877528,-0.16606228,0.00000000,-0.26424649,-0.40768495,-0.12983502,0.74949425,-0.09236504,-0.00000000,-0.05090486,-0.04029743,0.12500198,-1.08269060,0.19790059,-0.77742332,0.25974435,-0.07369494,-0.01199434,-0.00000000,-1.20677948,-0.34828466,0.63114238,0.15603754,0.27634048,0.01125905,-0.00000000
-0.03999921,0.68142498,1.08156192,-0.05095654,0.69719172,0.71219331,0.06409290,-0.16644159,0.44136578,-0.01725808,0.76908839,-0.16813257,0.00000000,-0.26556316,-0.40289959,-0.12998883,0.75128824,-0.09421486,-0.00000000,-0.05349112,-0.04173562,0.13109107,-1.08974457,0.18611860,-0.79983836,0.26091996,-0.07650441,-0.01279635,-0.00000000,-1.21774352,-0.33567634,0.66204274,0.15052195,0.27706715,0.01185008,-0.00000000
-0.05678263,0.68541557,1.07714176,-0.05825250,0.69493884,0.71454877,0.05555923,-0.16141483,0.43969709,-0.01961860,0.76903045,-0.17096883,0.00000000,-0.26637197,-0.39943710,-0.12931879,0.75319296,-0.09544602,-0.00000000,-0.05572675,-0.04286358,0.13705878,-1.09306824,0.18230593,-0.81741142,0.26409641,-0.07975494,-0.01360473,-0.00000000,-1.22639775,-0.32837903,0.68763733,0.14484143,0.27822396,0.01215778,-0.00000000
-0.07052740,0.68709338,1.07419395,-0.06481529,0.69264233,0.71664220,0.04969440,-0.15771620,0.43796650,-0.02166045,0.76808751,-0.17343399,0.00000000,-0.26733333,-0.39726624,-0.12794241,0.75438720,-0.09630293,-0.00000000,-0.05775414,-0.04334422,0.14259499,-1.09329987,0.18500169,-0.83134264,0.26950306,-0.08330642,-0.01431958,-0.00000000,-1.23493207,-0.32495904,0.70867205,0.13879213,0.27967966,0.01226159,-0.00000000
-0.08275283,0.68761486,1.07198226,-0.07101035,0.69031632,0.71859664,0.04516379,-0.15468156,0.43620476,-0.02354296,0.76670188,-0.17571358,0.00000000,-0.26837099,-0.39574122,-0.12621284,0.75522637,-0.09697273,-0.00000000,-0.05967740,-0.04350122,0.14791542,-1.09198546,0.19095172,-0.84345293,0.27602485,-0.08700835,-0.01498766,-0.00000000,-1.24340606,-0.32347783,0.72742659,0.13255839,0.28128487,0.01226344,-0.00000000
-0.08823490,0.68451130,1.07294106,-0.07376379,0.68918920,0.71947002,0.04404525,-0.15439291,0.43401536,-0.02487460,0.76287746,-0.17635539,0.00000000,-0.26962468,-0.39615476,-0.12342295,0.75452441,-0.09759555,-0.00000000,-0.06056963,-0.04223672,0.15308389,-1.08614433,0.20599955,-0.85118926,0.28653863,-0.09098824,-0.01532436,-0.00000000,-1.25315177,-0.32631943,0.74078679,0.12575246,0.28316271,0.01212002,-0.00000000
-0.09494614,0.68203193,1.07476211,-0.07626829,0.68878764,0.71971285,0.04204957,-0.15518861,0.43173891,-0.02610896,0.75827014,-0.17633712,0.00000000,-0.27077782,-0.39738822,-0.12014833,0.75339401,-0.09832148,-0.00000000,-0.06076700,-0.04059250,0.15842870,-1.07841146,0.22399764,-0.85795885,0.29864275,-0.09502443,-0.01547642,-0.00000000,-1.26353216,-0.33019465,0.75284129,0.11872631,0.28508526,0.01196899,-0.00000000
-0.10411569,0.68080091,1.07830739,-0.07827529,0.68984008,0.71869797,0.03829987,-0.15815294,0.42928892,-0.02714874,0.75209731,-0.17499858,0.00000000,-0.27172992,-0.40026134,-0.11590429,0.75140691,-0.09925367,-0.00000000,-0.05957473,-0.03818887,0.16412619,-1.06689477,0.24789624,-0.86279488,0.31392723,-0.09917323,-0.01525918,-0.00000000,-1.27518165,-0.33613697,0.76228434,0.11125977,0.28709728,0.01180275,-0.00000000
-0.10529346,0.67898399,1.08230305,-0.07708769,0.69106424,0.71771389,0.03707330,-0.16314539,0.42720944,-0.02842373,0.74483788,-0.17215973,0.00000000,-0.27265596,-0.40469456,-0.11054371,0.74861753,-0.10097778,-0.00000000,-0.05722168,-0.03491153,0.17060632,-1.05110240,0.27694169,-0.86666328,0.33256370,-0.10337242,-0.01458000,-0.00000000,-1.28816903,-0.34339991,0.77012068,0.10308824,0.28912354,0.01164002,-0.00000000
-0.10247535,0.67687410,1.08652365,-0.07430265,0.69237280,0.71674395,0.03710824,-0.16915193,0.42531529,-0.02981633,0.73703516,-0.16857077,0.00000000,-0.27356890,-0.40990764,-0.10462479,0.74542701,-0.10309784,-0.00000000,-0.05428824,-0.03119732,0.17747775,-1.03317237,0.30856067,-0.87004775,0.35287619,-0.10759681,-0.01366986,-0.00000000,-1.30182540,-0.35132316,0.77715379,0.09456424,0.29115686,0.01147904,-0.00000000
-0.09923358,0.68050623,1.09026361,-0.06938608,0.69626689,0.71353447,0.03558790,-0.17795248,0.42424226,-0.03175622,0.72896111,-0.16356690,0.00000000,-0.27414140,-0.41784054,-0.09694157,0.74125499,-0.10637008,-0.00000000,-0.04869651,-0.02676719,0.18605191,-1.00745821,0.34803838,-0.87303019,0.37877533,-0.11186528,-0.01184023,-0.00000000,-1.31733143,-0.36071739,0.78255236,0.08445447,0.29315200,0.01123596,-0.00000000
-0.09533269,0.68359882,1.09332263,-0.06307732,0.70113760,0.70936507,0.03504825,-0.18777050,0.42378697,-0.03402366,0.72108036,-0.15837273,0.00000000,-0.27435556,-0.42661554,-0.08872468,0.73716944,-0.11007199,-0.00000000,-0.04196521,-0.02230496,0.19532530,-0.97875726,0.39008731,-0.87621230,0.40662879,-0.11613465,-0.00963493,-0.00000000,-1.33331418,-0.37044057,0.78766888,0.07354469,0.29511788,0.01090448,-0.00000000
-0.09011353,0.68561238,1.09501958,-0.05398331,0.70794261,0.70325887,0.03646909,-0.19962336,0.42456698,-0.03694621,0.71358627,-0.15279786,0.00000000,-0.27385324,-0.43707424,-0.07944059,0.73325694,-0.11463326,-0.00000000,-0.03295473,-0.01777856,0.20599717,-0.94408208,0.43727899,-0.87979358,0.43839103,-0.12040582,-0.00667827,-0.00000000,-1.35025108,-0.38082153,0.79222107,0.06103492,0.29702479,0.01039623,-0.00000000
-0.08378005,0.68768591,1.09406126,-0.04587303,0.71430695,0.69717473,0.04010680,-0.21166313,0.42672250,-0.04031096,0.70749420,-0.14710009,0.00000000,-0.27253288,-0.44735718,-0.07008383,0.73101062,-0.11968300,-0.00000000,-0.02359120,-0.01438098,0.21622328,-0.90590346,0.48762393,-0.88371342,0.47204953,-0.12467222,-0.00339815,-0.00000000,-1.36697686,-0.39236060,0.79679435,0.04637360,0.29882744,0.00953314,-0.00000000
-0.07688941,0.68978947,1.09177518,-0.03825193,0.72039831,0.69105107,0.04484972,-0.22379631,0.42956564,-0.04389682,0.70210326,-0.14134088,0.00000000,-0.27080354,-0.45755228,-0.06069071,0.72959751,-0.12497694,-0.00000000,-0.01405112,-0.01154781,0.22622648,-0.86597311,0.53954554,-0.88780254,0.50665623,-0.12893628,0.00004371,-0.00000000,-1.38359714,-0.40447888,0.80137831,0.03063649,0.30057779,0.00849264,-0.00000000
-0.06774107,0.69180709,1.08927429,-0.03320818,0.72416443,0.68695331,0.05077641,-0.23489651,0.43227687,-0.04688747,0.70025110,-0.13684088,0.00000000,-0.26863793,-0.46511492,-0.05227223,0.73099625,-0.13062210,-0.00000000,-0.00643910,-0.01033742,0.23494115,-0.82483715,0.59417498,-0.89201611,0.54135019,-0.13305189,0.00341938,-0.00000000,-1.39779651,-0.41978067,0.80640101,0.01134278,0.30215278,0.00669299,-0.00000000
-0.05601335,0.69062978,1.08649349,-0.02788048,0.72890800,0.68156528,0.05817715,-0.24567275,0.43482950,-0.04970844,0.69953078,-0.13308108,0.00000000,-0.26655018,-0.47181949,-0.04415627,0.73309320,-0.13620165,-0.00000000,0.00066878,-0.00931061,0.24338049,-0.78340006,0.65038788,-0.89610940,0.57632589,-0.13710436,0.00689801,-0.00000000,-1.41093659,-0.43674541,0.81136918,-0.00913921,0.30367941,0.00456933,-0.00000000
-0.03912687,0.68306249,1.08315301,-0.02198561,0.73559493,0.67358834,0.06852353,-0.25580102,0.43706483,-0.05219009,0.70107412,-0.13080172,0.00000000,-0.26461822,-0.47680804,-0.03664536,0.73658651,-0.14164992,-0.00000000,0.00676834,-0.00865095,0.25126907,-0.74136013,0.70976776,-0.89996189,0.61186469,-0.14103061,0.01058252,-0.00000000,-1.42195845,-0.45703611,0.81622845,-0.03199776,0.30510926,0.00179766,-0.00000000
-0.02877330,0.68056190,1.08078885,-0.01792636,0.73948044,0.66874844,0.07498623,-0.26462001,0.43937507,-0.05423122,0.70482254,-0.13039041,0.00000000,-0.26324293,-0.48058575,-0.02951308,0.74058717,-0.14601745,-0.00000000,0.00964581,-0.00877494,0.25793290,-0.70264643,0.77106166,-0.90275156,0.64596909,-0.14476280,0.01406855,-0.00000000,-1.42957973,-0.48142219,0.82119000,-0.05647701,0.30649528,-0.00155900,-0.00000000
-0.02168618,0.68059468,1.07891297,-0.01478616,0.74199718,0.66550720,0.07950965,-0.27278441,0.44172257,-0.05605208,0.70967358,-0.13091311,0.00000000,-0.26214585,-0.48375797,-0.02257012,0.74484140,-0.14984459,-0.00000000,0.01091222,-0.00929075,0.26398435,-0.66559571,0.83331239,-0.90501004,0.67935610,-0.14839798,0.01745533,-0.00000000,-1.43550134,-0.50785607,0.82620293,-0.08176664,0.30785939,-0.00520814,-0.00000000
-0.01991490,0.67778200,1.07801354,-0.01439882,0.74348235,0.66330045,0.08401823,-0.27919883,0.44390208,-0.05698979,0.71685183,-0.13408080,0.00000000,-0.26327363,-0.48543322,-0.01586629,0.74832624,-0.15133460,-0.00000000,0.00643962,-0.00932639,0.26896802,-0.63367015,0.90074098,-0.90525591,0.71167362,-0.15172018,0.02099619,-0.00000000,-1.43478799,-0.54299951,0.83112264,-0.10758194,0.30924693,-0.00951638,-0.00000000
-0.02081805,0.67618829,1.07719076,-0.01481995,0.74418700,0.66227937,0.08574397,-0.28504419,0.44539130,-0.05727045,0.72430623,-0.13797547,0.00000000,-0.26545304,-0.48602208,-0.00960773,0.75094229,-0.15212694,-0.00000000,-0.00022940,-0.00934948,0.27395234,-0.60397172,0.96885937,-0.90493244,0.74290931,-0.15491323,0.02446939,-0.00000000,-1.43159187,-0.58090597,0.83630508,-0.13280600,0.31063774,-0.01389538,-0.00000000
-0.02707008,0.67703277,1.07652152,-0.01685843,0.74335432,0.66365004,0.08190657,-0.28975141,0.44550011,-0.05623699,0.73231274,-0.14332394,0.00000000,-0.26973540,-0.48443806,-0.00423970,0.75182092,-0.15152393,-0.00000000,-0.01129123,-0.00934748,0.27893776,-0.57872778,1.03835773,-0.90347004,0.77198148,-0.15784796,0.02780731,-0.00000000,-1.42342937,-0.62433827,0.84201229,-0.15684763,0.31203517,-0.01841591,-0.00000000
-0.03567068,0.67646271,1.07602108,-0.01993777,0.74164879,0.66606939,0.07688383,-0.29380849,0.44449544,-0.05417867,0.73982537,-0.14958546,0.00000000,-0.27580196,-0.48131239,0.00050511,0.75079751,-0.14985211,-0.00000000,-0.02582260,-0.00880841,0.28388676,-0.55698323,1.10866666,-0.90131104,0.79879147,-0.16051878,0.03111047,-0.00000000,-1.41097069,-0.67336285,0.84795588,-0.17765394,0.31345907,-0.02267378,-0.00000000
-0.04544558,0.67518538,1.07560515,-0.02353667,0.73947644,0.66898578,0.07126535,-0.29754058,0.44293392,-0.05160793,0.74709105,-0.15630350,0.00000000,-0.28276056,-0.47741571,0.00493832,0.74882299,-0.14764588,-0.00000000,-0.04208875,-0.00800081,0.28881738,-0.53698832,1.17938054,-0.89880377,0.82447052,-0.16305763,0.03439628,-0.00000000,-1.39636433,-0.72518343,0.85401767,-0.19684263,0.31489629,-0.02680032,-0.00000000
-0.06627734,0.67810136,1.07540190,-0.02938701,0.73417723,0.67581856,0.05821982,-0.30023578,0.43911070,-0.04731473,0.75314701,-0.16353524,0.00000000,-0.29200184,-0.47181115,0.00855135,0.74452126,-0.14446986,-0.00000000,-0.06320774,-0.00553507,0.29406282,-0.52132773,1.25036895,-0.89570403,0.84633446,-0.16520523,0.03770142,-0.00000000,-1.37561667,-0.78566313,0.86035079,-0.20781532,0.31636691,-0.02982040,-0.00000000
-0.08420240,0.68078583,1.07525980,-0.03410026,0.72978663,0.68122506,0.04670212,-0.30299109,0.43603560,-0.04340877,0.75824881,-0.17028503,0.00000000,-0.30077907,-0.46653280,0.01216247,0.74020320,-0.14140187,-0.00000000,-0.08388393,-0.00344051,0.29867706,-0.50643247,1.31926310,-0.89298260,0.86582178,-0.16722438,0.04080362,-0.00000000,-1.35465944,-0.84687859,0.86650217,-0.21560632,0.31783715,-0.03232436,-0.00000000
-0.09631407,0.68300736,1.07523990,-0.03655060,0.72751117,0.68405217,0.03826517,-0.30586657,0.43445650,-0.04027728,0.76144207,-0.17607108,0.00000000,-0.30862826,-0.46190685,0.01576974,0.73585236,-0.13854989,-0.00000000,-0.10367449,-0.00208834,0.30202907,-0.49306798,1.38396847,-0.89101803,0.88055611,-0.16898651,0.04349991,-0.00000000,-1.33328331,-0.90956545,0.87228972,-0.21703398,0.31930658,-0.03379608,-0.00000000
-0.10867122,0.68532532,1.07566249,-0.04231216,0.72544229,0.68634868,0.02947366,-0.30831146,0.43363479,-0.03764701,0.76291859,-0.18017039,0.00000000,-0.31548035,-0.45828781,0.01930144,0.73179287,-0.13631605,-0.00000000,-0.12244705,-0.00085649,0.30362451,-0.48071000,1.44359827,-0.89002883,0.89009035,-0.17051902,0.04578235,-0.00000000,-1.31270921,-0.97284710,0.87707835,-0.21151927,0.32075220,-0.03414676,-0.00000000
-0.12115112,0.68769145,1.07630622,-0.04972525,0.72341216,0.68831819,0.02050266,-0.31054109,0.43319160,-0.03526735,0.76353657,-0.18342631,0.00000000,-0.32183400,-0.45517215,0.02279535,0.72787911,-0.13439128,-0.00000000,-0.14071056,0.00031520,0.30434173,-0.46885520,1.50068986,-0.88952744,0.89702457,-0.17193671,0.04785787,-0.00000000,-1.29253614,-1.03642631,0.88136756,-0.20253335,0.32218587,-0.03393693,-0.00000000
-0.12987620,0.68538886,1.07780194,-0.05582366,0.72556877,0.68571043,0.01532696,-0.31326893,0.43326339,-0.03383729,0.75972587,-0.18329899,0.00000000,-0.32527778,-0.45472220,0.02552972,0.72424561,-0.13426635,-0.00000000,-0.15290704,0.00131856,0.30213180,-0.45596811,1.54394627,-0.89228195,0.89352489,-0.17302570,0.04884710,-0.00000000,-1.27896202,-1.09569705,0.88037580,-0.18474640,0.32364255,-0.03271541,-0.00000000
-0.13667342,0.68448704,1.07961977,-0.06014882,0.72823608,0.68259853,0.01065708,-0.31567436,0.43270504,-0.03229049,0.75458175,-0.18183430,0.00000000,-0.32764930,-0.45419264,0.02753805,0.72080082,-0.13458183,-0.00000000,-0.16350421,0.00231471,0.29840553,-0.44244450,1.58244550,-0.89622986,0.88656604,-0.17401387,0.04950943,-0.00000000,-1.26823866,-1.15411711,0.87665641,-0.16366221,0.32513103,-0.03112421,-0.00000000
-0.13961495,0.68638688,1.08208215,-0.06093262,0.73199433,0.67854440,0.00700055,-0.31743506,0.43088651,-0.03051021,0.74677032,-0.17769471,0.00000000,-0.32787615,-0.45350379,0.02809433,0.71773350,-0.13577802,-0.00000000,-0.17090274,0.00329645,0.29164663,-0.42764792,1.61143053,-0.90256429,0.87268913,-0.17480020,0.04951795,-0.00000000,-1.26321828,-1.21083522,0.86748159,-0.13598374,0.32668334,-0.02879366,-0.00000000
-0.14181384,0.69235021,1.08559954,-0.05884528,0.73661947,0.67373186,0.00378751,-0.31794742,0.42708790,-0.02806548,0.73695540,-0.17069784,0.00000000,-0.32593834,-0.45128748,0.02694874,0.71509492,-0.13767378,-0.00000000,-0.17594586,0.00401320,0.28101125,-0.41120508,1.63110888,-0.91139942,0.85212779,-0.17540674,0.04895376,-0.00000000,-1.26459026,-1.26738918,0.85163724,-0.10090128,0.32832509,-0.02553880,-0.00000000
-0.14364140,0.70034540,1.08964443,-0.05531966,0.74164361,0.66850871,0.00079613,-0.31783563,0.42229933,-0.02528853,0.72613871,-0.16227236,0.00000000,-0.32291821,-0.44830763,0.02495223,0.71267080,-0.13991934,-0.00000000,-0.17981125,0.00459746,0.26843762,-0.39393902,1.64613378,-0.92148519,0.82822448,-0.17592339,0.04810319,-0.00000000,-1.26915812,-1.32386100,0.83245796,-0.06211685,0.33001164,-0.02182180,-0.00000000
-0.13631427,0.71015614,1.09460604,-0.04776796,0.74763852,0.66238582,0.00010306,-0.31686562,0.41617635,-0.02221509,0.71263063,-0.14962837,0.00000000,-0.31873322,-0.44383970,0.02100394,0.70998108,-0.14375684,-0.00000000,-0.18108803,0.00431838,0.25283903,-0.37413719,1.64651656,-0.93536961,0.79382813,-0.17622299,0.04626428,-0.00000000,-1.28182638,-1.38021469,0.80443364,-0.01298598,0.33184591,-0.01660772,-0.00000000
-0.12867792,0.71834302,1.09984148,-0.03952032,0.75340599,0.65636671,0.00063310,-0.31560186,0.40967259,-0.01898943,0.69885212,-0.13582355,0.00000000,-0.31430137,-0.43858585,0.01648699,0.70716441,-0.14811790,-0.00000000,-0.18201333,0.00337186,0.23613308,-0.35348454,1.64213502,-0.95050865,0.75598651,-0.17646745,0.04408870,-0.00000000,-1.29721689,-1.43705559,0.77338785,0.03948235,0.33374697,-0.01083326,-0.00000000
-0.12042312,0.72328210,1.10562420,-0.02988729,0.75879943,0.65062827,0.00360923,-0.31375033,0.40240705,-0.01545935,0.68453234,-0.11969709,0.00000000,-0.30937585,-0.43176010,0.01083274,0.70409364,-0.15352616,-0.00000000,-0.18223561,0.00109046,0.21721222,-0.33113018,1.62822509,-0.96815687,0.71125394,-0.17660175,0.04123981,-0.00000000,-1.31805205,-1.49487078,0.73629922,0.09862559,0.33578175,-0.00393803,-0.00000000
-0.10822664,0.72611666,1.11044037,-0.01838592,0.76350921,0.64539951,0.01323452,-0.31134099,0.39646104,-0.01242002,0.67106807,-0.10201950,0.00000000,-0.30436951,-0.42369619,0.00454104,0.70107448,-0.15981212,-0.00000000,-0.18276587,-0.00359070,0.19599864,-0.30789486,1.60630190,-0.98765272,0.66028273,-0.17668505,0.03778654,-0.00000000,-1.34359729,-1.55297649,0.69432348,0.16094853,0.33795831,0.00347552,-0.00000000
-0.09405934,0.72789890,1.11477327,-0.00594695,0.76768535,0.64026439,0.02618009,-0.30865270,0.39117470,-0.00962605,0.65803158,-0.08356632,0.00000000,-0.29932287,-0.41501331,-0.00206938,0.69808114,-0.16653691,-0.00000000,-0.18345012,-0.00947173,0.17363873,-0.28421894,1.58037198,-1.00807273,0.60619211,-0.17674279,0.03403107,-0.00000000,-1.37149775,-1.61122751,0.64990407,0.22486140,0.34020561,0.01114824,-0.00000000
-0.08199857,0.73198485,1.11844528,0.00234349,0.77422732,0.63235760,0.02627780,-0.30796909,0.38986215,-0.00765374,0.64907640,-0.06629352,0.00000000,-0.29539239,-0.41034409,-0.00682635,0.69581676,-0.17444082,-0.00000000,-0.18391071,-0.01596193,0.15433677,-0.26434124,1.54939342,-1.02733338,0.54538834,-0.17681184,0.02972889,-0.00000000,-1.39875889,-1.66023481,0.60651648,0.27996159,0.34254962,0.01694985,-0.00000000
-0.07016090,0.73557913,1.12139797,0.00979853,0.78003597,0.62508839,0.02669098,-0.30771795,0.38977304,-0.00591847,0.64189172,-0.04982023,0.00000000,-0.29212773,-0.40609622,-0.01138150,0.69394016,-0.18266027,-0.00000000,-0.18503878,-0.02346239,0.13553961,-0.24587333,1.51650918,-1.04615867,0.48232976,-0.17688681,0.02516438,-0.00000000,-1.42587948,-1.70662260,0.56333393,0.33174565,0.34495795,0.02208646,-0.00000000
-0.05876945,0.73818988,1.12291193,0.01558252,0.78455621,0.61924076,0.02774113,-0.30833167,0.39213055,-0.00465732,0.63824797,-0.03494592,0.00000000,-0.29019466,-0.40269110,-0.01553300,0.69283885,-0.19151084,-0.00000000,-0.18750173,-0.03298335,0.11775202,-0.23022506,1.47981381,-1.06411326,0.41476199,-0.17697351,0.02007522,0.00000000,-1.45271838,-1.74777091,0.52056158,0.37689766,0.34749511,0.02589307,-0.00000000
-0.04637387,0.73787034,1.12300766,0.02064345,0.78632355,0.61657625,0.03320941,-0.30955139,0.39702559,-0.00380470,0.63881296,-0.02236088,0.00000000,-0.29009658,-0.39944607,-0.01953838,0.69239062,-0.20077670,-0.00000000,-0.19231364,-0.04552264,0.10057657,-0.21792413,1.43886542,-1.08095741,0.34272191,-0.17704728,0.01428425,0.00000000,-1.47895372,-1.78411663,0.47840121,0.41545817,0.35018244,0.02847502,-0.00000000
-0.03347621,0.73608553,1.12239420,0.02534181,0.78668380,0.61547941,0.04088523,-0.31107411,0.40318927,-0.00315636,0.64148223,-0.01092048,0.00000000,-0.29091585,-0.39628124,-0.02347071,0.69226861,-0.21025026,-0.00000000,-0.19829991,-0.05957109,0.08370721,-0.20729691,1.39579034,-1.09724641,0.26844573,-0.17711464,0.00814237,0.00000000,-1.50488758,-1.81806076,0.43654686,0.45072296,0.35294473,0.03044466,-0.00000000
-0.02270670,0.73718220,1.12186825,0.03290407,0.78967035,0.61107910,0.04382233,-0.31596017,0.40845108,-0.00130370,0.65039164,-0.00426942,0.00000000,-0.29419538,-0.39508119,-0.02646904,0.69319636,-0.21963207,-0.00000000,-0.20370731,-0.07060107,0.07181144,-0.20388867,1.35471129,-1.10919857,0.19426888,-0.17721619,0.00229817,0.00000000,-1.52452826,-1.84036744,0.40082437,0.47618937,0.35573965,0.03098422,-0.00000000
-0.01286021,0.73812723,1.12101507,0.04024305,0.79291993,0.60625064,0.04602981,-0.32200676,0.41289034,0.00112529,0.66126257,0.00082727,0.00000000,-0.29797062,-0.39422712,-0.02929019,0.69425648,-0.22868641,-0.00000000,-0.20870635,-0.08062608,0.06083006,-0.20292538,1.31567264,-1.11937141,0.12164739,-0.17734972,-0.00316915,0.00000000,-1.54233718,-1.85929704,0.36699170,0.49893251,0.35851404,0.03117286,-0.00000000
-0.00485974,0.73876888,1.11950791,0.04713789,0.79676908,0.60062349,0.04678200,-0.33037442,0.41568449,0.00470694,0.67605603,0.00281521,0.00000000,-0.30273739,-0.39406523,-0.03175698,0.69558179,-0.23708571,-0.00000000,-0.21288858,-0.08864116,0.05167746,-0.20685200,1.28071380,-1.12598622,0.05213666,-0.17754722,-0.00788271,0.00000000,-1.55648315,-1.87147224,0.33693883,0.51622915,0.36124745,0.03065966,-0.00000000
0.00441425,0.74000770,1.11843252,0.05357524,0.79998952,0.59573662,0.04737512,-0.34127882,0.41658023,0.00951161,0.69479340,0.00168464,0.00000000,-0.30824938,-0.39379823,-0.03437300,0.69676012,-0.24436732,-0.00000000,-0.21604352,-0.09633354,0.04361386,-0.21525258,1.24999213,-1.12910402,-0.01368238,-0.17782487,-0.01189087,0.00000000,-1.56755066,-1.87767279,0.31023774,0.52860516,0.36389449,0.02951830,-0.00000000
0.01432500,0.74154508,1.11757314,0.05978221,0.80287564,0.59120524,0.04788749,-0.35345164,0.41652682,0.01492778,0.71550268,-0.00100518,0.00000000,-0.31413403,-0.39347875,-0.03706364,0.69786501,-0.25109005,-0.00000000,-0.21868487,-0.10386458,0.03609475,-0.22589022,1.22138894,-1.13047349,-0.07765558,-0.17814259,-0.01554633,0.00000000,-1.57707918,-1.88088608,0.28521246,0.53852105,0.36649832,0.02806287,-0.00000000
0.01776523,0.74207228,1.11700940,0.06336156,0.80519271,0.58784556,0.04569034,-0.37012929,0.41353372,0.02171097,0.74062264,-0.00754018,0.00000000,-0.32093325,-0.39419979,-0.03955000,0.69775110,-0.25548768,-0.00000000,-0.21844351,-0.11088317,0.03014257,-0.24235794,1.20088303,-1.12641096,-0.13463594,-0.17864738,-0.01805354,0.00000000,-1.58235312,-1.87590098,0.26498005,0.54217285,0.36890996,0.02585102,-0.00000000
0.01944799,0.74227017,1.11338532,0.06655178,0.80690640,0.58535862,0.04275626,-0.38867927,0.40944165,0.02888100,0.76652288,-0.01515091,0.00000000,-0.32802415,-0.39560124,-0.04182127,0.69704551,-0.25904414,-0.00000000,-0.21694063,-0.11747757,0.02497088,-0.26048815,1.18314755,-1.12056065,-0.18934676,-0.17923355,-0.02026535,0.00000000,-1.58622062,-1.86832356,0.24633789,0.54415584,0.37125075,0.02345512,-0.00000000
0.01761580,0.74180943,1.10364032,0.06896622,0.80744559,0.58464056,0.03835021,-0.41097406,0.40315178,0.03682474,0.79398388,-0.02491307,0.00000000,-0.33569843,-0.39836332,-0.04366240,0.69515646,-0.26091844,-0.00000000,-0.21291472,-0.12322349,0.02136017,-0.28194350,1.17095339,-1.11113524,-0.23951840,-0.17998266,-0.02188634,0.00000000,-1.58727539,-1.85556185,0.23087622,0.54280126,0.37344971,0.02069109,-0.00000000
0.01105082,0.74001807,1.09968376,0.07019077,0.80947900,0.58207625,0.03169012,-0.43760374,0.39461267,0.04554463,0.82267827,-0.03681076,0.00000000,-0.34434682,-0.40314424,-0.04487719,0.69188565,-0.25958398,-0.00000000,-0.20580879,-0.12865524,0.02016683,-0.30634919,1.16353703,-1.09831738,-0.28601781,-0.18090525,-0.02323846,0.00000000,-1.58526587,-1.83736682,0.21874478,0.53868294,0.37551966,0.01761506,-0.00000000
0.00211945,0.73756146,1.09862149,0.07081625,0.81221193,0.57855475,0.02390128,-0.46640083,0.38494894,0.05465260,0.85198957,-0.04977619,0.00000000,-0.35348219,-0.40893453,-0.04577880,0.68792397,-0.25664514,-0.00000000,-0.19716282,-0.13392985,0.02018218,-0.33222997,1.15850997,-1.08380365,-0.33068097,-0.18191466,-0.02445616,0.00000000,-1.58172429,-1.81645513,0.20827840,0.53318286,0.37752503,0.01438300,0.00000000
-0.00637687,0.73660374,1.08657002,0.07125216,0.81421834,0.57600051,0.01396565,-0.50216061,0.37235662,0.06436737,0.88234210,-0.06576252,0.00000000,-0.36459222,-0.41920781,-0.04512442,0.68257493,-0.24973013,-0.00000000,-0.18422122,-0.13745299,0.02504869,-0.36140466,1.16014421,-1.06464231,-0.37017435,-0.18322773,-0.02546898,0.00000000,-1.57347822,-1.78812885,0.20254534,0.52522695,0.37944737,0.01088697,0.00000000
-0.01527042,0.73509490,1.07604647,0.07057822,0.81687486,0.57246780,0.00383211,-0.53952283,0.35982516,0.07362971,0.91340876,-0.08266275,0.00000000,-0.37694737,-0.43253860,-0.04328723,0.67681408,-0.24127787,-0.00000000,-0.17042610,-0.13968703,0.03153887,-0.39155439,1.16384113,-1.04390657,-0.40808588,-0.18465413,-0.02649336,0.00000000,-1.56364930,-1.75780344,0.19816318,0.51714253,0.38137764,0.00738228,0.00000000
-0.02495842,0.73248374,1.06857872,0.06768987,0.82089049,0.56702036,-0.00669466,-0.58008999,0.34741554,0.08198725,0.94590390,-0.10139077,0.00000000,-0.39179310,-0.45198473,-0.03908437,0.67022949,-0.22975130,-0.00000000,-0.15492401,-0.13934289,0.04127637,-0.42365408,1.17166424,-1.02002168,-0.44283375,-0.18630736,-0.02754084,0.00000000,-1.55065536,-1.72347975,0.19648287,0.50880146,0.38332379,0.00386025,0.00000000
-0.03417801,0.73084116,1.05934906,0.07145365,0.82488602,0.56046897,-0.01821923,-0.62512755,0.33654019,0.08875746,0.97947192,-0.12178656,0.00000000,-0.40944472,-0.48126897,-0.03089305,0.66262162,-0.21737723,-0.00000000,-0.13716578,-0.13252710,0.05690664,-0.45777971,1.18314254,-0.99256819,-0.47471476,-0.18820101,-0.02879128,0.00000000,-1.53284442,-1.68428373,0.19818304,0.50256199,0.38535616,0.00084440,0.00000000
-0.04316339,0.72968286,1.04923844,0.07853156,0.82873702,0.55327511,-0.03023869,-0.67240030,0.32643205,0.09473403,1.01357663,-0.14301625,0.00000000,-0.42849934,-0.51547211,-0.02070749,0.65450186,-0.20457941,-0.00000000,-0.11827949,-0.12247551,0.07548327,-0.49291837,1.19644868,-0.96333069,-0.50516236,-0.19021487,-0.03014321,0.00000000,-1.51262498,-1.64265144,0.20157354,0.49737319,0.38743168,-0.00191837,0.00000000
-0.05513880,0.73170298,1.03747523,0.08476872,0.83155823,0.54685283,-0.04771966,-0.72694570,0.31802514,0.09933248,1.04980576,-0.16628575,0.00000000,-0.45233089,-0.56444889,-0.00442938,0.64531749,-0.19208483,-0.00000000,-0.09745727,-0.10166376,0.10406961,-0.53045106,1.21439123,-0.92862177,-0.53064263,-0.19255890,-0.03171689,0.00000000,-1.48441744,-1.59509718,0.20931607,0.49724460,0.38966429,-0.00364022,0.00000000
-0.06660873,0.73262036,1.02432799,0.09154281,0.83302373,0.54203081,-0.06240175,-0.78202367,0.30925882,0.10464345,1.08761990,-0.18958719,0.00000000,-0.47754362,-0.61597055,0.01305403,0.63607931,-0.17994232,-0.00000000,-0.07766958,-0.07700630,0.13382924,-0.56777757,1.23303831,-0.89259273,-0.55415827,-0.19498642,-0.03327897,0.00000000,-1.45516503,-1.54809582,0.21612675,0.50088966,0.39207447,-0.00470490,0.00000000
-0.07706773,0.73133242,1.00841272,0.09943672,0.83224142,0.54071516,-0.07150979,-0.83816677,0.29977357,0.11137944,1.12860453,-0.21295261,0.00000000,-0.50551903,-0.67258245,0.03294804,0.62673283,-0.16850400,-0.00000000,-0.05995099,-0.04465744,0.16593553,-0.60469157,1.25309312,-0.85392344,-0.57374477,-0.19758086,-0.03481787,0.00000000,-1.42382264,-1.50220048,0.22107360,0.51208198,0.39483991,-0.00445523,0.00000000
-0.08621572,0.72901309,0.99066418,0.10590307,0.82728475,0.54623830,-0.07751223,-0.89465314,0.29063302,0.11891815,1.17134368,-0.23569490,0.00000000,-0.53490490,-0.73169321,0.05392391,0.61677146,-0.15787834,-0.00000000,-0.04481195,-0.00886222,0.19861558,-0.64010042,1.27351081,-0.81371510,-0.58882022,-0.20024246,-0.03611174,0.00000000,-1.39142644,-1.45809209,0.22361638,0.52925831,0.39790732,-0.00322866,0.00000000
-0.09470820,0.72617811,0.97199911,0.11164424,0.82015622,0.55512428,-0.08195343,-0.95131093,0.28166476,0.12685823,1.21496010,-0.25812560,0.00000000,-0.56499594,-0.79205322,0.07544073,0.60650271,-0.14765905,-0.00000000,-0.03096268,0.02865618,0.23158254,-0.67475647,1.29410970,-0.77273726,-0.60164016,-0.20293760,-0.03728310,0.00000000,-1.35850382,-1.41487765,0.22495706,0.54942679,0.40112570,-0.00151365,0.00000000
-0.09794948,0.72248620,0.95486069,0.11591557,0.82156867,0.55247986,-0.07971446,-1.00946963,0.27127713,0.13609214,1.25721109,-0.27859029,0.00000000,-0.59563607,-0.84885967,0.09476715,0.59644794,-0.13883786,-0.00000000,-0.01409548,0.06266328,0.26755130,-0.70317119,1.31222558,-0.73564440,-0.60963136,-0.20549402,-0.03808995,0.00000000,-1.32361245,-1.36859703,0.22794215,0.57233125,0.40435976,0.00110784,0.00000000
-0.09980798,0.72157776,0.93779618,0.11864412,0.82591897,0.54545140,-0.07914662,-1.06904531,0.26077977,0.14564230,1.29756844,-0.29840255,0.00000000,-0.62616682,-0.90567231,0.11370274,0.58647144,-0.13055049,-0.00000000,0.00493493,0.09636243,0.30602109,-0.72912145,1.32878041,-0.70071417,-0.61621064,-0.20800920,-0.03873645,0.00000000,-1.28789604,-1.31984568,0.23243245,0.59513336,0.40754193,0.00397536,0.00000000
-0.09890091,0.72623610,0.92087942,0.11826460,0.83598906,0.52955383,-0.08190611,-1.13145554,0.25006330,0.15582490,1.33413947,-0.31690967,0.00000000,-0.65647906,-0.96249807,0.13185664,0.57665074,-0.12333078,-0.00000000,0.02829172,0.12944570,0.34949309,-0.75014257,1.34221387,-0.67010874,-0.61996597,-0.21044187,-0.03906228,0.00000000,-1.25053072,-1.26615274,0.23993331,0.61773074,0.41062081,0.00733495,0.00000000
-0.09755452,0.72600579,0.90638942,0.12274735,0.84319675,0.51638293,-0.08544589,-1.18702722,0.24003632,0.16491841,1.36780751,-0.33337158,0.00000000,-0.68233454,-1.01179886,0.14644167,0.57198977,-0.11640041,-0.00000000,0.05351480,0.15046093,0.38445893,-0.76501423,1.35236561,-0.64530021,-0.62017637,-0.21295872,-0.03876554,0.00000000,-1.22171283,-1.21541893,0.24619825,0.63444108,0.41353533,0.00956948,0.00000000
-0.09598847,0.72333103,0.89311272,0.12965119,0.84890807,0.50453836,-0.08936875,-1.23917997,0.23035407,0.17346737,1.40002382,-0.34881091,0.00000000,-0.70596170,-1.05733728,0.15924221,0.56990874,-0.10961469,-0.00000000,0.07967100,0.16544208,0.41517162,-0.77681118,1.36087632,-0.62338996,-0.61861438,-0.21551770,-0.03815753,0.00000000,-1.19716859,-1.16616464,0.25184530,0.64820784,0.41636783,0.01124147,0.00000000
-0.09127242,0.73902655,0.88239563,0.14384364,0.85486871,0.48869422,-0.09841999,-1.28046930,0.22256738,0.17979887,1.42673504,-0.36120459,0.00000000,-0.72301143,-1.09545648,0.16846967,0.57593799,-0.10330278,-0.00000000,0.11138842,0.16646376,0.43467435,-0.77941275,1.36502612,-0.60987282,-0.61113769,-0.21824270,-0.03645125,0.00000000,-1.18481028,-1.12008011,0.25652581,0.65301704,0.41888818,0.01135146,0.00000000
-0.08511492,0.75144184,0.87270433,0.15657251,0.85958594,0.47512311,-0.10418749,-1.31794274,0.21535388,0.18564808,1.45151711,-0.37257662,0.00000000,-0.73952836,-1.13073874,0.17689079,0.58342713,-0.09734100,-0.00000000,0.14158791,0.16619043,0.45144409,-0.77958816,1.36755037,-0.59863037,-0.60224330,-0.22094955,-0.03452786,0.00000000,-1.17356229,-1.07500947,0.26100621,0.65659106,0.42131126,0.01125444,0.00000000
-0.07607450,0.75729662,0.86506456,0.16649009,0.86252367,0.46650663,-0.10346740,-1.34778440,0.20928682,0.19053258,1.47244179,-0.38190535,0.00000000,-0.75497955,-1.16034698,0.18369922,0.59383625,-0.09207948,-0.00000000,0.16875152,0.16332698,0.46274796,-0.77491099,1.36682355,-0.59193754,-0.59051353,-0.22361998,-0.03217022,0.00000000,-1.16453552,-1.03196692,0.26508617,0.65769434,0.42353970,0.01074340,0.00000000
-0.07101826,0.76269162,0.85856575,0.17254046,0.86612272,0.45727935,-0.10467479,-1.37198162,0.20448501,0.19507460,1.48951864,-0.38961780,0.00000000,-0.76978272,-1.18512309,0.18958426,0.60615695,-0.08715730,-0.00000000,0.19239931,0.15995756,0.47151417,-0.76678842,1.36256242,-0.58881360,-0.57654512,-0.22614466,-0.02950352,0.00000000,-1.15530038,-0.98971468,0.26949683,0.65753114,0.42557549,0.01012361,0.00000000
-0.06795414,0.76785672,0.85263741,0.17664875,0.87001222,0.44772640,-0.10684095,-1.39335644,0.20031583,0.19944534,1.50467181,-0.39652222,0.00000000,-0.78426200,-1.20748305,0.19500765,0.61943346,-0.08240476,-0.00000000,0.21428919,0.15633519,0.47901157,-0.75694311,1.35653424,-0.58747441,-0.56145728,-0.22859645,-0.02668227,0.00000000,-1.14596105,-0.94785768,0.27407283,0.65673447,0.42751503,0.00944943,0.00000000
-0.06215149,0.76922750,0.84890574,0.17987442,0.87541658,0.43597433,-0.10591184,-1.40844071,0.19831768,0.20335425,1.51416218,-0.40082818,0.00000000,-0.79776907,-1.22299170,0.19937028,0.63524473,-0.07824400,-0.00000000,0.23084772,0.15277614,0.48397601,-0.74363208,1.34487379,-0.59045380,-0.54368538,-0.23069237,-0.02346723,0.00000000,-1.13553214,-0.90653825,0.27925980,0.65457857,0.42921659,0.00867019,-0.00000000
-0.05713754,0.77041006,0.84557837,0.18220633,0.87985694,0.42601782,-0.10564824,-1.42173648,0.19738297,0.20627455,1.52239966,-0.40436038,0.00000000,-0.81126046,-1.23575974,0.20324758,0.65101731,-0.07424816,-0.00000000,0.24388714,0.14835495,0.48851478,-0.72992969,1.33101475,-0.59455073,-0.52533501,-0.23261806,-0.02016578,0.00000000,-1.12422121,-0.86597770,0.28435758,0.65238065,0.43087372,0.00787298,-0.00000000
-0.05370097,0.77121603,0.84305972,0.18279834,0.88260090,0.41976923,-0.10674386,-1.43145490,0.19857530,0.20721777,1.52813148,-0.40634498,0.00000000,-0.82472026,-1.24304676,0.20615429,0.66671222,-0.07058216,-0.00000000,0.24988833,0.14220946,0.49220231,-0.71544486,1.31275856,-0.60088271,-0.50582778,-0.23420334,-0.01669153,0.00000000,-1.11114538,-0.82693475,0.28927696,0.65009886,0.43244219,0.00703982,-0.00000000
-0.05078638,0.77109104,0.84121525,0.18068048,0.88518542,0.41483644,-0.10822228,-1.43839431,0.20287077,0.20514554,1.53226483,-0.40701210,0.00000000,-0.83869642,-1.24518299,0.20815334,0.68056369,-0.06708515,-0.00000000,0.24692425,0.13438651,0.49524203,-0.70192844,1.28982687,-0.60880578,-0.48606816,-0.23542343,-0.01314812,0.00000000,-1.09611213,-0.78971279,0.29387254,0.64794761,0.43393850,0.00616910,-0.00000000
-0.04813277,0.77050048,0.83970791,0.17720470,0.88767523,0.41055468,-0.10989024,-1.44394386,0.20871779,0.20156556,1.53559875,-0.40702048,0.00000000,-0.85293078,-1.24474442,0.20969859,0.69349337,-0.06367262,-0.00000000,0.23947759,0.12572482,0.49795800,-0.68889618,1.26455772,-0.61752433,-0.46618229,-0.23646095,-0.00957012,0.00000000,-1.08010006,-0.75340146,0.29830617,0.64586163,0.43539879,0.00527961,-0.00000000
-0.04794784,0.77038360,0.83895051,0.16901219,0.88697392,0.41480750,-0.11245805,-1.44664061,0.22056727,0.19162168,1.53785837,-0.40570426,0.00000000,-0.86968178,-1.23529005,0.20946366,0.70094991,-0.06060864,-0.00000000,0.21140474,0.11396145,0.50030977,-0.68031710,1.23179758,-0.62808299,-0.44756183,-0.23700298,-0.00603274,0.00000000,-1.06058669,-0.72204268,0.30148441,0.64461142,0.43676078,0.00433572,-0.00000000
-0.04883208,0.77076089,0.83787519,0.16058461,0.88539708,0.42083436,-0.11481741,-1.44886613,0.23450094,0.17960003,1.53986013,-0.40426284,0.00000000,-0.88772941,-1.22251081,0.20853384,0.70600468,-0.05772721,-0.00000000,0.17534898,0.10129911,0.50296551,-0.67306989,1.19685924,-0.63965970,-0.42965591,-0.23741698,-0.00247750,0.00000000,-1.03986716,-0.69347614,0.30377513,0.64402890,0.43810236,0.00339913,-0.00000000
-0.05185465,0.77212656,0.83616382,0.15169340,0.88209617,0.43042058,-0.11676287,-1.45014846,0.25260305,0.16342276,1.54134667,-0.40257138,0.00000000,-0.90837044,-1.20308173,0.20621420,0.70625603,-0.05521082,-0.00000000,0.12332723,0.08683895,0.50622934,-0.66848671,1.15756404,-0.65327203,-0.41317901,-0.23757516,0.00111347,0.00000000,-1.01673484,-0.67049354,0.30429104,0.64478141,0.43940321,0.00247718,-0.00000000
-0.05748649,0.77308023,0.83542997,0.14242090,0.87726539,0.44306335,-0.11754416,-1.45063090,0.27492255,0.14378995,1.54284549,-0.40093023,0.00000000,-0.93240619,-1.17657316,0.20203158,0.70125037,-0.05311613,-0.00000000,0.05443922,0.07016914,0.51059806,-0.66638076,1.11436188,-0.66945553,-0.39887601,-0.23752786,0.00472125,0.00000000,-0.99075246,-0.65426773,0.30278891,0.64751607,0.44063753,0.00168398,-0.00000000
-0.06442297,0.77382791,0.83518481,0.13292941,0.87148917,0.45714176,-0.11771909,-1.45071375,0.29935083,0.12242938,1.54435050,-0.39931422,0.00000000,-0.95813936,-1.14652479,0.19691744,0.69361603,-0.05123230,-0.00000000,-0.02288192,0.05239450,0.51551938,-0.66551346,1.06920660,-0.68692446,-0.38565999,-0.23737788,0.00833743,0.00000000,-0.96334499,-0.64142007,0.30027774,0.65124172,0.44183853,0.00095517,-0.00000000
-0.06399760,0.77862388,0.83509582,0.12683432,0.85021597,0.49884173,-0.11046625,-1.44556034,0.32810813,0.09747511,1.54755032,-0.39757136,0.00000000,-0.99017650,-1.10439348,0.18754165,0.67863834,-0.05051690,-0.00000000,-0.12732691,0.03155542,0.51823533,-0.66924959,1.02067888,-0.70775348,-0.37729117,-0.23700044,0.01171201,0.00000000,-0.93254393,-0.64252442,0.29368621,0.65891004,0.44287866,0.00055147,-0.00000000
-0.06677607,0.78191513,0.83748877,0.12017114,0.83225679,0.53100210,-0.10461500,-1.44045436,0.35216829,0.07652918,1.55060351,-0.39596939,0.00000000,-1.01741433,-1.06738043,0.17915313,0.66615480,-0.04966748,-0.00000000,-0.21629751,0.01292696,0.52004582,-0.67262733,0.97943759,-0.72553110,-0.36990592,-0.23666717,0.01465904,0.00000000,-0.90736079,-0.64449072,0.28755781,0.66520292,0.44375852,0.00010404,-0.00000000
-0.07596228,0.78219694,0.84484571,0.11282907,0.82397407,0.54583818,-0.10196584,-1.43544352,0.36683404,0.06359987,1.55336320,-0.39464971,0.00000000,-1.03505409,-1.04060471,0.17273922,0.65865940,-0.04855004,-0.00000000,-0.27431938,-0.00128024,0.52004510,-0.67528778,0.95276850,-0.73720652,-0.36448765,-0.23642233,0.01675100,0.00000000,-0.89341354,-0.64818102,0.28235534,0.66874480,0.44431800,-0.00043085,-0.00000000
-0.08728864,0.78025836,0.84252185,0.09663739,0.79259712,0.59060174,-0.11679291,-1.47254813,0.45565090,-0.03871682,1.58693540,-0.42589882,0.00000001,-1.17914307,-0.86167514,0.23152597,0.84712803,-0.03524636,0.00000001,-0.32497808,0.00383471,0.52003235,-0.78306061,0.73980063,-0.78916943,-0.01727299,-0.28842005,0.02651890,0.00000000,-0.89910370,-0.68823272,0.12062717,0.40621677,0.52614218,-0.01391554,-0.00000000
-0.09968509,0.77720964,0.83535755,0.07553212,0.74557614,0.64721358,-0.13973449,-1.53071094,0.58154327,-0.18572724,1.63591385,-0.47343245,0.00000001,-1.38645709,-0.60666901,0.32291308,1.13357842,-0.01584957,0.00000001,-0.37195525,0.01861073,0.52001357,-0.94338959,0.43368354,-0.86127615,0.50083977,-0.36653915,0.04012478,0.00000000,-0.91461247,-0.74646538,-0.11936382,0.01065377,0.64859873,-0.03387512,-0.00000001
-0.10859140,0.77717954,0.84121478,0.06947400,0.73774093,0.65652645,-0.14101315,-1.53070569,0.57778579,-0.18689170,1.63427734,-0.47424325,0.00000001,-1.38315487,-0.60292107,0.31452867,1.14957643,-0.01829953,0.00000001,-0.37015918,0.00967813,0.50882238,-0.94829690,0.43730322,-0.85794640,0.49814770,-0.36660010,0.04054473,0.00000000,-0.92848462,-0.75499141,-0.12110221,0.00481375,0.64801359,-0.03607431,-0.00000001
-0.11850379,0.77668566,0.84604424,0.06309369,0.73120195,0.66416025,-0.14231718,-1.53026128,0.57178891,-0.18718053,1.63259530,-0.47533667,0.00000001,-1.37923098,-0.59864938,0.30408090,1.16988111,-0.02178026,0.00000001,-0.36484128,-0.00018785,0.49467790,-0.95556527,0.44190609,-0.85322696,0.49363330,-0.36667076,0.04082055,0.00000000,-0.94414920,-0.76356345,-0.12125953,-0.00158519,0.64722753,-0.03847284,-0.00000001
-0.13042830,0.77526438,0.84881830,0.05608733,0.72744334,0.66860187,-0.14370766,-1.52893877,0.56131339,-0.18571803,1.63082194,-0.47699532,0.00000001,-1.37406266,-0.59332997,0.28950667,1.19879937,-0.02732254,0.00000001,-0.35247967,-0.01192054,0.47462690,-0.96755540,0.44847551,-0.84572786,0.48547447,-0.36676094,0.04080819,0.00000000,-0.96339899,-0.77222800,-0.11825475,-0.00910195,0.64604008,-0.04127009,-0.00000001
-0.13850741,0.77447504,0.84858614,0.05223063,0.72514719,0.67104363,-0.14537512,-1.52821183,0.54658973,-0.18143857,1.62984049,-0.47914582,0.00000001,-1.37191188,-0.58894342,0.27462769,1.22939527,-0.03501851,0.00000001,-0.33222026,-0.02035425,0.45904338,-0.98925138,0.45116416,-0.83517468,0.46837580,-0.36681384,0.03915533,0.00000000,-0.97406149,-0.77314562,-0.10573444,-0.01019506,0.64453703,-0.04218949,-0.00000001
-0.14466383,0.77400178,0.84685087,0.04994980,0.72359496,0.67249709,-0.14718354,-1.52778268,0.52974212,-0.17575061,1.62925518,-0.48154223,0.00000001,-1.37126935,-0.58502311,0.25959632,1.26082981,-0.04379132,0.00000001,-0.30801204,-0.02713847,0.44569346,-1.01580012,0.45191228,-0.82309437,0.44680735,-0.36684802,0.03668224,0.00000000,-0.98043019,-0.77018970,-0.08845637,-0.00807633,0.64287621,-0.04216998,-0.00000001
-0.14648715,0.77549803,0.84190321,0.05731702,0.72535473,0.66970134,-0.14857797,-1.52751064,0.50766695,-0.16505636,1.62999201,-0.48443159,0.00000001,-1.37601793,-0.58107567,0.24520776,1.28901434,-0.05504149,0.00000001,-0.27599540,-0.02600364,0.44247112,-1.05750823,0.44231358,-0.80772555,0.40817493,-0.36680734,0.03076654,0.00000000,-0.96655071,-0.75429809,-0.05809558,0.01218585,0.64104193,-0.03777510,-0.00000001
-0.14766079,0.77809960,0.83710712,0.06602585,0.72761708,0.66603279,-0.15038031,-1.52672493,0.48446593,-0.15298900,1.63076806,-0.48727602,0.00000001,-1.38255060,-0.57729030,0.23148648,1.31539786,-0.06691701,0.00000001,-0.24217533,-0.02141407,0.44253770,-1.10351884,0.42913306,-0.79170400,0.36382982,-0.36675388,0.02360984,0.00000000,-0.94528508,-0.73462933,-0.02436451,0.03957517,0.63918817,-0.03174527,-0.00000001
-0.14753507,0.78291154,0.83261412,0.07741620,0.73088014,0.66061544,-0.15299730,-1.52491128,0.45901337,-0.13817559,1.63162363,-0.49003065,0.00000001,-1.39265120,-0.57382905,0.21909980,1.33818007,-0.08004327,0.00000001,-0.20474812,-0.00991499,0.44918227,-1.15813398,0.40878877,-0.77437705,0.30805898,-0.36667460,0.01397112,0.00000000,-0.90924698,-0.70740634,0.01610715,0.08121878,0.63729525,-0.02244553,-0.00000001
-0.14526905,0.78570533,0.82710278,0.09037092,0.73441505,0.65522379,-0.15214941,-1.51987624,0.43377954,-0.12193532,1.63139367,-0.49206910,0.00000001,-1.40570641,-0.56924564,0.20792577,1.35710883,-0.09369212,0.00000001,-0.16863732,0.00907698,0.46064222,-1.21130252,0.38481224,-0.75911140,0.24645090,-0.36660013,0.00309150,0.00000000,-0.86347908,-0.67910600,0.05506968,0.13456069,0.63561016,-0.01125337,-0.00000001
-0.14193289,0.78748995,0.82108223,0.10409396,0.73798323,0.64975423,-0.14954793,-1.51323080,0.40865517,-0.10498166,1.63062108,-0.49374947,0.00000001,-1.42023909,-0.56410146,0.19735810,1.37411070,-0.10760229,0.00000001,-0.13318467,0.03181542,0.47450984,-1.26374757,0.35901976,-0.74487644,0.18192419,-0.36652803,-0.00840858,0.00000000,-0.81284624,-0.65026718,0.09327766,0.19375174,0.63402867,0.00088501,-0.00000001
-0.13867836,0.78257608,0.81350404,0.11336007,0.73655593,0.65021843,-0.14782040,-1.50281370,0.38824892,-0.09066558,1.62522435,-0.49335492,0.00000001,-1.42686510,-0.55807173,0.18807891,1.38460827,-0.11909664,0.00000002,-0.10598275,0.04879440,0.48169297,-1.29540205,0.34317303,-0.73293012,0.12759773,-0.36692691,-0.01768727,0.00000000,-0.76737070,-0.63266283,0.11934126,0.24545604,0.63290876,0.00926948,-0.00000001
-0.13535655,0.77796394,0.80671906,0.12099419,0.73614138,0.64990115,-0.14520597,-1.49065769,0.36953115,-0.07728676,1.61774600,-0.49174389,0.00000001,-1.43041384,-0.55212492,0.17887768,1.39256394,-0.12925413,0.00000002,-0.08057863,0.06346113,0.48575801,-1.31976414,0.33198029,-0.72070867,0.07820478,-0.36753088,-0.02610722,0.00000000,-0.72410125,-0.61861116,0.14201041,0.29309592,0.63190264,0.01627155,-0.00000001
-0.13190024,0.77395517,0.80152053,0.12537788,0.73784238,0.64810050,-0.14083603,-1.47502363,0.35419053,-0.06578241,1.60610509,-0.48769978,0.00000001,-1.42780745,-0.54634404,0.16983235,1.39543521,-0.13673796,0.00000002,-0.05877014,0.07350332,0.48358700,-1.32954216,0.33009550,-0.70793670,0.03867887,-0.36854509,-0.03280966,0.00000000,-0.68524367,-0.61166483,0.15789072,0.33260682,0.63112396,0.02050880,-0.00000001
-0.12680399,0.77109450,0.79917848,0.12888958,0.73885518,0.64720130,-0.13642207,-1.45433855,0.34228840,-0.05639774,1.58961535,-0.48043990,0.00000001,-1.41837692,-0.54131937,0.16049939,1.39316189,-0.14091504,0.00000002,-0.03988761,0.07872739,0.47440669,-1.32452571,0.33825779,-0.69345456,0.00992955,-0.36998981,-0.03794327,0.00000000,-0.64907610,-0.61183524,0.16772678,0.36471936,0.63057762,0.02236885,-0.00000001
-0.12088779,0.76880789,0.79826468,0.13196398,0.73951638,0.64674646,-0.13198487,-1.43112838,0.33210564,-0.04807292,1.57070148,-0.47157216,0.00000001,-1.40553403,-0.53667283,0.15102269,1.38831627,-0.14343873,0.00000002,-0.02246807,0.08154236,0.46172151,-1.31211209,0.35144359,-0.67811751,-0.01343148,-0.37164977,-0.04229247,0.00000000,-0.61425370,-0.61556429,0.17454068,0.39313257,0.63014734,0.02304030,-0.00000001
-0.11378639,0.76810759,0.80276382,0.13485351,0.73981547,0.64649981,-0.12855184,-1.40036297,0.32583499,-0.04195417,1.54361165,-0.45701274,0.00000001,-1.38381827,-0.53219688,0.13994738,1.37566185,-0.14058311,0.00000002,-0.00837282,0.07807488,0.44266114,-1.27626264,0.37961030,-0.65985560,-0.01980582,-0.37393403,-0.04439796,0.00000000,-0.57661313,-0.62831163,0.17485306,0.41491023,0.63007492,0.02148183,-0.00000001
-0.10683857,0.76757383,0.80934417,0.13721453,0.74010813,0.64622426,-0.12572314,-1.36731279,0.32071045,-0.03650793,1.51376188,-0.44039276,0.00000001,-1.35947227,-0.52751702,0.12818317,1.36055672,-0.13584639,0.00000001,0.00455867,0.07247854,0.42244935,-1.23268938,0.41244355,-0.64064640,-0.02035285,-0.37641409,-0.04575080,0.00000000,-0.53626472,-0.64374852,0.17347144,0.43587527,0.63014168,0.01952720,-0.00000001
-0.10019787,0.76737291,0.82008690,0.13852264,0.74041092,0.64591068,-0.12410705,-1.32969308,0.31787810,-0.03240674,1.47839236,-0.41965178,0.00000001,-1.32986593,-0.52242917,0.11504122,1.34054947,-0.12734734,0.00000002,0.01516266,0.06262445,0.39993468,-1.17366886,0.45460966,-0.61954224,-0.00924525,-0.37928575,-0.04559835,0.00000000,-0.49050039,-0.66456473,0.16870180,0.45521498,0.63048673,0.01678022,-0.00000001
-0.09442800,0.76870418,0.83745784,0.13964662,0.74049038,0.64562893,-0.12383917,-1.28875339,0.31730738,-0.03006196,1.43943381,-0.39453277,0.00000001,-1.29686618,-0.51718920,0.10142640,1.31662381,-0.11512040,0.00000002,0.02349266,0.04968611,0.37756401,-1.10125268,0.50338912,-0.59821343,0.01263186,-0.38246527,-0.04393884,0.00000000,-0.43839374,-0.68956584,0.16142488,0.47549880,0.63108861,0.01395707,-0.00000001
-0.08909354,0.77080154,0.85814291,0.14067858,0.74045843,0.64536333,-0.12424548,-1.24615359,0.31786755,-0.02859538,1.39868081,-0.36722460,0.00000001,-1.26217008,-0.51187319,0.08757517,1.29073930,-0.10102951,0.00000002,0.03068567,0.03520565,0.35526529,-1.02213848,0.55547529,-0.57677227,0.03989371,-0.38579863,-0.04152582,0.00000000,-0.38311586,-0.71665949,0.15289429,0.49625459,0.63181913,0.01109584,-0.00000001
-0.08462882,0.76486593,0.88388616,0.14424214,0.74045062,0.64422679,-0.12609118,-1.20212758,0.32079527,-0.02913493,1.35634196,-0.33542618,0.00000001,-1.22316074,-0.50588530,0.07376002,1.26280189,-0.08264430,0.00000002,0.03508140,0.01562257,0.33561689,-0.92513680,0.61402249,-0.55817097,0.08152920,-0.38941166,-0.03676327,0.00000000,-0.32001263,-0.74992013,0.14051370,0.52062273,0.63284630,0.00861251,-0.00000001
-0.07865071,0.76268780,0.90857345,0.14667106,0.74024701,0.64380008,-0.12666258,-1.16073132,0.32447144,-0.02913423,1.31689703,-0.30398703,0.00000001,-1.18704164,-0.50177562,0.06106259,1.23638642,-0.06343255,0.00000002,0.03938079,-0.00080524,0.32113987,-0.82763857,0.66738510,-0.54368758,0.12317332,-0.39297393,-0.03189292,0.00000000,-0.25800240,-0.77824879,0.13068333,0.54529089,0.63378114,0.00683949,-0.00000001
-0.06964584,0.76802468,0.93114889,0.14683446,0.73967087,0.64480954,-0.12468852,-1.12459552,0.32964468,-0.02805302,1.28324008,-0.27326673,0.00000001,-1.15670407,-0.50142223,0.05060061,1.21301508,-0.04256773,0.00000002,0.04348752,-0.01092249,0.31700566,-0.72914726,0.71037877,-0.53743988,0.16483469,-0.39643472,-0.02680698,0.00000000,-0.19817819,-0.79671365,0.12595329,0.57055849,0.63453096,0.00648709,-0.00000001
-0.06185784,0.77321452,0.95381188,0.14112878,0.73923701,0.64824498,-0.11571456,-1.09280646,0.33368081,-0.02437697,1.26066697,-0.24520031,0.00000001,-1.13120294,-0.50152117,0.04061148,1.19927633,-0.02198780,0.00000002,0.04610836,-0.01653477,0.31826067,-0.63658839,0.74174243,-0.53827417,0.20364037,-0.39963904,-0.02198985,0.00000000,-0.14552072,-0.80651551,0.12575731,0.59272623,0.63508302,0.00669018,-0.00000001
-0.05467829,0.77833080,0.97651869,0.13245934,0.73872012,0.65275830,-0.10321688,-1.06319129,0.33714849,-0.01940349,1.24363565,-0.21846092,0.00000001,-1.10812032,-0.50184649,0.03085879,1.19035375,-0.00155030,0.00000002,0.04798625,-0.01989457,0.32221034,-0.54699582,0.76729113,-0.54264933,0.24101828,-0.40271503,-0.01730713,0.00000000,-0.09644658,-0.81198567,0.12782845,0.61334395,0.63553637,0.00717101,-0.00000001
-0.05111718,0.78077406,0.99624282,0.12011759,0.73599994,0.65943265,-0.09499674,-1.03914917,0.34094286,-0.01220484,1.24609375,-0.19543979,0.00000001,-1.09029901,-0.50342393,0.02255210,1.20171368,0.01787359,0.00000002,0.04665440,-0.01988534,0.33233008,-0.46939933,0.77728397,-0.55539209,0.27301472,-0.40531087,-0.01312969,0.00000000,-0.05935452,-0.80802560,0.13494657,0.62862468,0.63566703,0.00807550,-0.00000001
-0.04778299,0.78277457,1.01421380,0.10734417,0.73271310,0.66625625,-0.08781453,-1.01700091,0.34488806,-0.00441225,1.25599074,-0.17349067,0.00000001,-1.07372952,-0.50526989,0.01479423,1.22080767,0.03690543,0.00000002,0.04451074,-0.01941333,0.34410870,-0.39629903,0.78307593,-0.57002139,0.30313545,-0.40772057,-0.00913498,0.00000000,-0.02628476,-0.80202037,0.14322105,0.64216733,0.63568681,0.00905172,-0.00000001
-0.04490264,0.78388953,1.02867842,0.09374286,0.72848886,0.67355114,-0.08273545,-0.99863946,0.34913468,0.00456823,1.28076637,-0.15368564,0.00000001,-1.05966413,-0.50765258,0.00813403,1.25536990,0.05515317,0.00000002,0.04074348,-0.01801576,0.35920471,-0.33219093,0.78046590,-0.58842373,0.32950497,-0.40975797,-0.00550574,0.00000000,-0.00125958,-0.79192483,0.15380827,0.65223414,0.63548517,0.01017138,-0.00000001
-0.04412030,0.78624415,1.04312134,0.08600930,0.72296977,0.68107074,-0.07784416,-0.98346210,0.35094902,0.01642014,1.32286620,-0.13568266,0.00000001,-1.04513180,-0.50852543,0.00172151,1.30728328,0.07310124,0.00000002,0.03669864,-0.01595517,0.37431061,-0.27955404,0.77368492,-0.60691720,0.35232827,-0.41145730,-0.00246906,0.00000000,0.01551662,-0.78077179,0.16533333,0.65888262,0.63502997,0.01121367,-0.00000001
-0.04438696,0.78921849,1.05755329,0.08120857,0.71678632,0.68868494,-0.07304548,-0.96987659,0.35154712,0.02970777,1.37362826,-0.11858071,0.00000001,-1.03036618,-0.50864351,-0.00456716,1.36787200,0.09089942,0.00000002,0.03251501,-0.01356306,0.38942143,-0.23265278,0.76481855,-0.62545627,0.37337846,-0.41298777,0.00027133,0.00000000,0.02816834,-0.76909029,0.17732728,0.66382194,0.63444769,0.01221727,-0.00000001
-0.04496323,0.79457712,1.07609057,0.08617914,0.70889133,0.69626033,-0.07257955,-0.96351701,0.34325072,0.05257477,1.45007765,-0.10390157,0.00000001,-1.01453245,-0.50207192,-0.01502629,1.45370269,0.10862398,0.00000002,0.02932034,-0.01145422,0.40655455,-0.20233798,0.75285941,-0.64220190,0.39051512,-0.41406226,0.00240178,0.00000000,0.02862353,-0.75857556,0.18937284,0.66404980,0.63346457,0.01298648,-0.00000001
-0.04531569,0.80136001,1.09657407,0.09234477,0.70129949,0.70288235,-0.07488570,-0.95951933,0.33287224,0.07778654,1.53097177,-0.09028936,0.00000001,-0.99946415,-0.49408543,-0.02587184,1.54258978,0.12571444,0.00000002,0.02599557,-0.00887230,0.42448905,-0.17788300,0.74208260,-0.65701389,0.40696123,-0.41503802,0.00435733,0.00000000,0.02563659,-0.74934745,0.20097908,0.66291469,0.63234711,0.01362211,-0.00000001
-0.04522057,0.81099117,1.12095022,0.10090823,0.69438916,0.70766854,-0.08274300,-0.96024507,0.31832966,0.10768788,1.62075531,-0.07881098,0.00000001,-0.98592651,-0.48326889,-0.03749025,1.63758993,0.14153665,0.00000002,0.02241061,-0.00534422,0.44402620,-0.16514753,0.73367012,-0.66795874,0.42202628,-0.41581637,0.00596308,0.00000000,0.01576537,-0.74269271,0.21170673,0.65905356,0.63096088,0.01399057,-0.00000001
-0.04590903,0.81640553,1.14637768,0.11065722,0.68677038,0.71166652,-0.09814374,-0.96488875,0.30190575,0.13929082,1.70376062,-0.06996866,0.00000001,-0.97289485,-0.47153088,-0.04864445,1.72755194,0.15528271,0.00000002,0.01974543,-0.00086720,0.46265447,-0.16107184,0.73128897,-0.67383218,0.43702823,-0.41650036,0.00733075,0.00000000,0.00073552,-0.74115294,0.22039844,0.65283018,0.62933123,0.01387705,-0.00000001
-0.04698929,0.81971145,1.17233098,0.12095442,0.67853016,0.71499181,-0.11727570,-0.97149140,0.28454125,0.17174461,1.78337669,-0.06244437,0.00000001,-0.96011603,-0.45933226,-0.05956655,1.81499493,0.16799067,0.00000002,0.01754013,0.00408429,0.48082817,-0.16132602,0.73192370,-0.67717016,0.45199874,-0.41713718,0.00857937,0.00000000,-0.01687365,-0.74217087,0.22807212,0.64542580,0.62757999,0.01352253,-0.00000001
-0.04741023,0.82630503,1.17576432,0.11624973,0.67785621,0.71746504,-0.11063910,-0.98124051,0.27515569,0.19370987,1.82185721,-0.06084718,0.00000001,-0.95101678,-0.45091233,-0.06512493,1.86945379,0.17467695,0.00000002,0.01526237,0.00796506,0.49428487,-0.16631950,0.74032331,-0.67604047,0.46665698,-0.41772655,0.00962729,0.00000000,-0.03492801,-0.75148022,0.23300223,0.63686877,0.62559444,0.01287768,-0.00000001
-0.04781007,0.83215749,1.17820263,0.10932027,0.67760473,0.71983582,-0.10362065,-0.99021417,0.26795372,0.21203186,1.84653568,-0.06083352,0.00000001,-0.94334882,-0.44344825,-0.06908017,1.91161931,0.17927602,0.00000002,0.01259855,0.01175479,0.50606996,-0.17203394,0.75042731,-0.67408353,0.48091629,-0.41829824,0.01060988,0.00000000,-0.05193635,-0.76218480,0.23786075,0.62815112,0.62351757,0.01230978,-0.00000001
-0.04816771,0.83652765,1.17865109,0.09794154,0.67819273,0.72199512,-0.09583874,-0.99763662,0.26511884,0.22306740,1.84361041,-0.06398693,0.00000001,-0.93854350,-0.43789569,-0.06982908,1.92919791,0.17970063,0.00000002,0.00916263,0.01536242,0.51451206,-0.17919013,0.76393968,-0.67047220,0.49437764,-0.41883466,0.01146183,0.00000000,-0.06685267,-0.77567989,0.24257605,0.61911207,0.62125784,0.01189579,-0.00000001
-0.04872068,0.83420062,1.17484951,0.08402694,0.67936856,0.72380292,-0.08664424,-1.00241709,0.26570413,0.22827205,1.81465244,-0.06961534,0.00000001,-0.93526423,-0.43306684,-0.06806067,1.92400122,0.17675014,0.00000002,0.00483601,0.01961172,0.51840103,-0.18745948,0.78069407,-0.66541719,0.50700194,-0.41930741,0.01221324,0.00000000,-0.07909653,-0.79084873,0.24774359,0.60979617,0.61882168,0.01172529,-0.00000001
-0.04937134,0.82852495,1.16892278,0.06882809,0.68069381,0.72528046,-0.07672603,-1.00587702,0.26799944,0.23056120,1.77267826,-0.07648129,0.00000001,-0.93274814,-0.42859992,-0.06503358,1.90741658,0.17211211,0.00000002,0.00006405,0.02418185,0.52001321,-0.19628544,0.79906940,-0.65964049,0.51920784,-0.41974834,0.01291437,0.00000000,-0.09000412,-0.80685467,0.25313723,0.60034204,0.61629748,0.01167654,-0.00000001
-0.04983464,0.83566689,1.16488183,0.05602382,0.67720777,0.73024756,-0.07063639,-1.00226021,0.27156734,0.22748622,1.70578277,-0.08526959,0.00000001,-0.93229467,-0.42290983,-0.06280953,1.86498702,0.16362239,0.00000002,-0.00600883,0.02796428,0.52001309,-0.20675300,0.81832498,-0.65338928,0.52896202,-0.41996497,0.01345382,0.00000000,-0.09779763,-0.82248902,0.26020280,0.58923322,0.61351877,0.01187963,-0.00000001
-0.05030453,0.83991778,1.15682614,0.04126888,0.67349124,0.73558420,-0.06018670,-0.99663317,0.27548933,0.22271506,1.63336968,-0.09462706,0.00000001,-0.93222731,-0.41678709,-0.06075061,1.81512952,0.15410203,0.00000002,-0.01243442,0.03102007,0.51915872,-0.21788757,0.83756757,-0.64705753,0.53788632,-0.42009655,0.01396585,0.00000000,-0.10501669,-0.83782774,0.26775047,0.57724100,0.61066830,0.01207755,-0.00000001
-0.05078759,0.83838665,1.14074087,0.02261632,0.66923714,0.74157119,-0.04101646,-0.98698622,0.28011900,0.21455145,1.54992175,-0.10512289,0.00000001,-0.93293154,-0.40979898,-0.05902194,1.75041664,0.14252046,0.00000002,-0.01956545,0.03262260,0.51659590,-0.23035619,0.85678422,-0.64056486,0.54515094,-0.42005834,0.01442302,0.00000000,-0.11108683,-0.85257530,0.27626252,0.56348181,0.60767430,0.01226511,-0.00000001
-0.05055434,0.84541732,1.12844968,0.01244630,0.66279691,0.74791110,-0.03426817,-0.97387975,0.28079066,0.20750041,1.47042751,-0.11602724,0.00000001,-0.93281001,-0.40041658,-0.05842252,1.68046689,0.12988627,0.00000002,-0.02661330,0.03327285,0.51188970,-0.24497952,0.87247676,-0.63496125,0.54965711,-0.41980210,0.01476144,0.00000000,-0.11784912,-0.86360842,0.28678593,0.54660362,0.60454577,0.01235958,-0.00000001
-0.04996293,0.85672891,1.11805546,0.00652310,0.65536141,0.75453335,-0.03373864,-0.95904386,0.27948320,0.20100573,1.39291060,-0.12713580,0.00000001,-0.93227541,-0.38983712,-0.05838770,1.60789847,0.11672582,0.00000002,-0.03361956,0.03344697,0.50611174,-0.26068026,0.88640726,-0.62980217,0.55278391,-0.41943693,0.01504049,0.00000000,-0.12495749,-0.87278432,0.29831505,0.52816588,0.60134983,0.01240750,-0.00000001
-0.04480392,0.85852122,1.09819400,-0.00543692,0.65378624,0.75617081,-0.02719727,-0.93922722,0.27433714,0.19413905,1.32736802,-0.13938895,0.00000001,-0.93392807,-0.37686691,-0.05811099,1.52760124,0.10194071,0.00000002,-0.04232135,0.03184165,0.49734139,-0.28132862,0.89371812,-0.62592548,0.55086786,-0.41873634,0.01497333,0.00000000,-0.13390967,-0.87587929,0.31282091,0.50464469,0.59799701,0.01222736,-0.00000001
-0.03991684,0.86175656,1.08121049,-0.01276657,0.65184253,0.75785458,-0.02438765,-0.92028582,0.26763713,0.18867223,1.26806784,-0.15205359,0.00000001,-0.93397039,-0.36324057,-0.05735456,1.45039713,0.08736092,0.00000002,-0.05088988,0.03011744,0.48906764,-0.30357376,0.89802366,-0.62274998,0.54710639,-0.41792217,0.01478360,0.00000000,-0.14408743,-0.87655944,0.32829684,0.47938171,0.59464025,0.01198183,-0.00000001
-0.03557360,0.86787802,1.06998277,-0.01083649,0.64935446,0.75985360,-0.02904982,-0.90309536,0.25782931,0.18600526,1.22125292,-0.16554113,0.00000001,-0.93079191,-0.34830207,-0.05563870,1.37937891,0.07319172,0.00000002,-0.05919191,0.02815544,0.48178726,-0.32901263,0.89631766,-0.62097740,0.53965443,-0.41688064,0.01434872,0.00000000,-0.15671630,-0.87240958,0.34571272,0.45063511,0.59127593,0.01160550,-0.00000001
-0.03034490,0.87443739,1.05869305,-0.00535575,0.64670622,0.76190317,-0.03530033,-0.88757825,0.24725607,0.18463975,1.18683028,-0.18037738,0.00000001,-0.92612863,-0.33346841,-0.05175195,1.31462204,0.05912357,0.00000002,-0.06865366,0.02588975,0.47603214,-0.35818693,0.88784176,-0.62073696,0.52807599,-0.41562209,0.01356873,0.00000000,-0.17185654,-0.86362344,0.36481375,0.41869056,0.58796537,0.01111941,-0.00000001
-0.02467348,0.88121563,1.04737222,0.00190062,0.64392400,0.76391453,-0.04234188,-0.87289792,0.23629998,0.18392496,1.15860379,-0.19588798,0.00000001,-0.92072272,-0.31868711,-0.04677974,1.25299597,0.04510592,0.00000002,-0.07869524,0.02347222,0.47103953,-0.38922885,0.87598079,-0.62126279,0.51443434,-0.41425481,0.01261619,0.00000000,-0.18825243,-0.85251921,0.38475734,0.38514715,0.58468151,0.01057844,-0.00000001
-0.01744667,0.88713378,1.03350365,0.01026254,0.64028287,0.76667386,-0.04630017,-0.86091959,0.22659871,0.18422005,1.14786875,-0.21369191,0.00000001,-0.91568661,-0.30593604,-0.03790341,1.20019710,0.03060369,0.00000002,-0.09157992,0.02085312,0.46980634,-0.42623076,0.85302395,-0.62436473,0.49420449,-0.41257602,0.01101924,0.00000000,-0.20879856,-0.83504903,0.40660673,0.34753674,0.58154148,0.00994960,-0.00000001
-0.00956284,0.89307886,1.01913977,0.01989043,0.63457650,0.77104348,-0.04908033,-0.85021353,0.21752699,0.18525758,1.14216220,-0.23206209,0.00000001,-0.91142410,-0.29391199,-0.02827979,1.15107203,0.01580758,0.00000002,-0.10568716,0.01850774,0.47078028,-0.46495530,0.82712531,-0.62812871,0.47224316,-0.41080379,0.00925355,0.00000000,-0.23039475,-0.81636566,0.42852235,0.30946395,0.57847977,0.00940755,-0.00000001
-0.00036497,0.89907795,1.00378513,0.03204734,0.62472588,0.77861416,-0.04950250,-0.84205115,0.20971450,0.18777989,1.14651239,-0.25156477,0.00000001,-0.90870875,-0.28334221,-0.01716161,1.10929441,0.00042369,0.00000002,-0.12223946,0.01670978,0.47616848,-0.50712526,0.79534304,-0.63321662,0.44681904,-0.40884495,0.00715040,0.00000000,-0.25409096,-0.79525602,0.45057040,0.27046657,0.57557482,0.00903911,-0.00000001
0.00550695,0.90337759,0.98824531,0.04156779,0.61694491,0.78427762,-0.05059380,-0.83757293,0.20654947,0.18947732,1.15538239,-0.27107859,0.00000001,-0.90536773,-0.27841911,-0.00313944,1.07560027,-0.01497336,0.00000002,-0.13698527,0.01550433,0.48419356,-0.54842937,0.76642400,-0.63716912,0.42229059,-0.40688011,0.00524908,0.00000000,-0.28013983,-0.77942115,0.46699372,0.23388578,0.57305461,0.00875580,-0.00000001
0.00971588,0.90682757,0.97261280,0.04976811,0.61019158,0.78897619,-0.05201885,-0.83493662,0.20570807,0.19076237,1.16651225,-0.29059801,0.00000001,-0.90171397,-0.27631941,0.01233472,1.04594779,-0.03037701,0.00000002,-0.15082781,0.01459513,0.49353713,-0.58930033,0.73893678,-0.64055377,0.39821002,-0.40491244,0.00344868,0.00000000,-0.30736500,-0.76622379,0.48060483,0.19851331,0.57072663,0.00851506,-0.00000001
0.01263080,0.91882116,0.96118104,0.06308386,0.60213041,0.79372531,-0.05881728,-0.83414596,0.21492828,0.18788783,1.18004477,-0.30942929,0.00000001,-0.89890784,-0.28481045,0.03255238,1.02455235,-0.04562134,0.00000002,-0.16324885,0.01441922,0.50501138,-0.62865436,0.71977735,-0.64049560,0.37625059,-0.40303355,0.00177371,0.00000000,-0.33764574,-0.76428950,0.48304728,0.16786315,0.56904000,0.00822320,-0.00000001
0.01284427,0.92949325,0.95181644,0.07449530,0.59534842,0.79773331,-0.06026874,-0.83175415,0.22880633,0.18202737,1.19190800,-0.32723796,0.00000001,-0.89455426,-0.29767391,0.05447783,1.00363708,-0.05966755,0.00000002,-0.17455114,0.01431377,0.51243579,-0.66745394,0.70864898,-0.63681990,0.35582656,-0.40125307,-0.00003400,0.00000000,-0.36717728,-0.76916814,0.48075938,0.13908873,0.56753677,0.00774352,-0.00000001
0.00765482,0.93752247,0.94658613,0.08212160,0.59137118,0.80058110,-0.05104987,-0.82615995,0.25199997,0.17019513,1.20043266,-0.34300119,0.00000001,-0.88710576,-0.31928217,0.07981882,0.98368120,-0.07131752,0.00000002,-0.18361597,0.01434923,0.51176029,-0.70514470,0.71358246,-0.62590891,0.33847335,-0.39966953,-0.00210719,0.00000000,-0.39521021,-0.78767234,0.46901068,0.11406567,0.56639993,0.00688822,-0.00000001
0.00184824,0.94494748,0.94691765,0.08711789,0.58518416,0.80557209,-0.03199424,-0.81614089,0.28233188,0.15317541,1.20192909,-0.35637280,0.00000001,-0.87362653,-0.34802532,0.10713410,0.96289474,-0.07979830,0.00000002,-0.18952316,0.01478949,0.49891326,-0.74102098,0.73746026,-0.60647976,0.32508498,-0.39834976,-0.00444020,0.00000000,-0.42141297,-0.82031780,0.44751614,0.09235167,0.56557828,0.00544301,-0.00000001
-0.00426691,0.95207047,0.95003015,0.09075417,0.57759482,0.81122369,-0.00800660,-0.80390918,0.31623286,0.13356191,1.19991148,-0.36854845,0.00000001,-0.85713202,-0.38033596,0.13543653,0.94169295,-0.08669449,0.00000002,-0.19385155,0.01543215,0.47998053,-0.77599001,0.77081048,-0.58279169,0.31367913,-0.39716181,-0.00690312,0.00000000,-0.44670048,-0.86003363,0.42114866,0.07229222,0.56491423,0.00370285,-0.00000001
-0.01456292,0.95823365,0.95577818,0.09065494,0.57569999,0.81261867,0.00144661,-0.78400058,0.34844729,0.11239412,1.18622410,-0.37681472,0.00000001,-0.83434188,-0.41049340,0.15959792,0.91698074,-0.08920067,0.00000002,-0.19337632,0.01365643,0.44769379,-0.80273527,0.82415354,-0.55211812,0.31003925,-0.39616945,-0.00870154,0.00000000,-0.47053793,-0.91449547,0.38356897,0.05666881,0.56454045,0.00142195,-0.00000001
-0.02608444,0.96362436,0.96060252,0.09004087,0.57327121,0.81436342,0.00806051,-0.76356083,0.37772971,0.09263989,1.16954696,-0.38433939,0.00000001,-0.81064630,-0.43855423,0.18175335,0.89156395,-0.09036994,0.00000002,-0.19167580,0.01172657,0.41434661,-0.82691276,0.88089943,-0.52065051,0.30883694,-0.39517537,-0.01011057,0.00000000,-0.49393350,-0.97105509,0.34407955,0.04263197,0.56419140,-0.00075295,-0.00000001
-0.04005697,0.96747023,0.96357948,0.08841013,0.56985718,0.81692445,0.00899571,-0.74205899,0.40114817,0.07571269,1.14688885,-0.39038080,0.00000001,-0.78513980,-0.46242189,0.19989690,0.86473805,-0.08886539,0.00000002,-0.18752463,0.00948841,0.37887868,-0.84595484,0.94445103,-0.48759484,0.31250986,-0.39417779,-0.01074084,0.00000000,-0.51644534,-1.03181028,0.30077046,0.03176830,0.56389171,-0.00271588,-0.00000001
-0.05593262,0.97089797,0.96604115,0.08692238,0.56315380,0.82173741,0.00706311,-0.71694863,0.41994277,0.06038576,1.12178552,-0.39517942,0.00000001,-0.75565982,-0.48338604,0.21495853,0.83838129,-0.08487812,0.00000002,-0.18130380,0.00718803,0.33553523,-0.86375850,1.01504505,-0.45133272,0.32007664,-0.39318946,-0.01096394,0.00000000,-0.54041553,-1.09662199,0.25256112,0.02362301,0.56357872,-0.00477373,-0.00000001
-0.07275983,0.97411668,0.96824527,0.08549824,0.55475450,0.82760125,0.00369602,-0.69003385,0.43642536,0.04585894,1.09545958,-0.39935666,0.00000001,-0.72419292,-0.50289845,0.22847918,0.81225967,-0.07964948,0.00000002,-0.17404816,0.00485654,0.28825390,-0.88094324,1.08916008,-0.41346756,0.32959038,-0.39220560,-0.01098346,0.00000000,-0.56511492,-1.16346216,0.20190160,0.01683691,0.56325895,-0.00687903,-0.00000001
-0.09372527,0.97404909,0.97211349,0.07578399,0.54405159,0.83561969,-0.00209505,-0.65544814,0.44481403,0.03427500,1.07166970,-0.40219748,0.00000001,-0.68396258,-0.51695341,0.23682819,0.79052824,-0.07082732,0.00000002,-0.16316451,0.00185785,0.22182170,-0.90193915,1.17395830,-0.36872855,0.34330839,-0.39122730,-0.01091432,0.00000000,-0.59589303,-1.23570800,0.14248417,0.01318945,0.56281197,-0.00959920,-0.00000001
-0.11548286,0.97290802,0.97711772,0.06223592,0.53473330,0.84267551,-0.00922106,-0.62044924,0.44970322,0.02454754,1.05035126,-0.40525475,0.00000001,-0.64309913,-0.52936894,0.24356394,0.77064759,-0.06141467,0.00000002,-0.15073554,-0.00049136,0.15391119,-0.92412466,1.25931227,-0.32332182,0.35683295,-0.39018399,-0.01102319,0.00000000,-0.62697470,-1.30668926,0.08320825,0.01011213,0.56222069,-0.01224746,-0.00000001
-0.13882473,0.96961987,0.98439413,0.04103592,0.52824450,0.84788692,-0.01901303,-0.58462399,0.44759339,0.01853310,1.03397596,-0.40874538,0.00000001,-0.60097021,-0.53850573,0.24707305,0.75446850,-0.05082105,0.00000002,-0.13521582,-0.00154156,0.08304414,-0.94868970,1.34577763,-0.27657992,0.36997041,-0.38901034,-0.01148812,0.00000000,-0.65866327,-1.37514198,0.02421540,0.00817505,0.56134081,-0.01475190,-0.00000001
-0.15289436,0.97221625,0.98695546,0.03456636,0.52141774,0.85222971,-0.02516718,-0.55291700,0.44109529,0.01573325,1.02143753,-0.41341627,0.00000001,-0.56850588,-0.54428136,0.24907732,0.73851824,-0.04148046,0.00000002,-0.12412637,0.00044768,0.02843381,-0.96908003,1.42067957,-0.23624417,0.38119829,-0.38747188,-0.01189844,0.00000000,-0.68428445,-1.43379653,-0.02710691,0.00700669,0.56010485,-0.01635130,-0.00000001
-0.16232787,0.97775477,0.98715919,0.03546894,0.51449394,0.85625196,-0.02950407,-0.52326936,0.43240297,0.01454069,1.01081729,-0.41867727,0.00000001,-0.54087389,-0.54837638,0.25032914,0.72268218,-0.03276639,0.00000002,-0.11525207,0.00395666,-0.01804815,-0.98738325,1.48980021,-0.19911151,0.39147142,-0.38575107,-0.01228147,0.00000000,-0.70687175,-1.48755181,-0.07459394,0.00622267,0.55869114,-0.01749817,-0.00000001
-0.17024185,0.98200834,0.98797101,0.03509687,0.50710166,0.86049414,-0.03414857,-0.50053167,0.41953990,0.01684259,1.00401163,-0.42488009,0.00000001,-0.52392048,-0.54925686,0.24990608,0.70945770,-0.02584421,0.00000002,-0.11056431,0.00888318,-0.04627183,-0.99950790,1.54316390,-0.17025007,0.39977929,-0.38353857,-0.01256895,0.00000000,-0.72247618,-1.52835631,-0.11264923,0.00576601,0.55682361,-0.01783450,-0.00000001
-0.17751889,0.98556352,0.98866946,0.03539567,0.50058651,0.86414617,-0.03757238,-0.47991732,0.40613228,0.01961945,0.99797952,-0.43119514,0.00000001,-0.50975955,-0.54939324,0.24902827,0.69735104,-0.01942562,0.00000002,-0.10660288,0.01372597,-0.06961238,-1.00972164,1.59183645,-0.14367454,0.40784565,-0.38119808,-0.01278171,0.00000000,-0.73615730,-1.56524944,-0.14805965,0.00546276,0.55485880,-0.01796270,-0.00000001
-0.18352202,0.98772192,0.98914129,0.03704096,0.49589506,0.86673480,-0.03855928,-0.46354952,0.39163548,0.02334624,0.99349523,-0.43773448,0.00000001,-0.50118339,-0.54804146,0.24724086,0.68748003,-0.01401420,0.00000002,-0.10409411,0.01840129,-0.08318661,-1.01611376,1.63112593,-0.12167097,0.41542917,-0.37860185,-0.01284507,0.00000000,-0.74599189,-1.59432065,-0.17818038,0.00546635,0.55269963,-0.01767466,-0.00000001
-0.18863454,0.98888862,0.98951608,0.03760453,0.49133071,0.86927933,-0.03915864,-0.45046479,0.37702808,0.02712451,0.99023044,-0.44410107,0.00000001,-0.49699050,-0.54568708,0.24468507,0.67996770,-0.00946728,0.00000002,-0.10260087,0.02211246,-0.08959365,-1.01917839,1.66237450,-0.10345714,0.42298827,-0.37579533,-0.01272696,0.00000000,-0.75277323,-1.61682487,-0.20397684,0.00565812,0.55040425,-0.01710595,-0.00000001
-0.19330178,0.98955947,0.98984236,0.03762675,0.48682418,0.87179190,-0.03956372,-0.43902165,0.36236537,0.03092852,0.98757535,-0.45038125,0.00000001,-0.49498913,-0.54283148,0.24174498,0.67363465,-0.00535263,0.00000002,-0.10161538,0.02534155,-0.09241707,-1.02057946,1.68960285,-0.08713821,0.43053514,-0.37288380,-0.01251812,0.00000000,-0.75802773,-1.63604569,-0.22761115,0.00594398,0.54804057,-0.01639690,-0.00000001
-0.19746727,0.99723727,0.98997551,0.03817416,0.48324102,0.87374336,-0.03991743,-0.43054941,0.34793442,0.03445649,0.98662543,-0.45601583,0.00000001,-0.49743548,-0.53868073,0.23744361,0.67135817,-0.00229411,0.00000002,-0.10127608,0.02715463,-0.08868726,-1.01849186,1.70733130,-0.07482038,0.43838826,-0.36971706,-0.01210312,0.00000000,-0.75990105,-1.64724076,-0.24619187,0.00606114,0.54554206,-0.01550959,-0.00000001
-0.20185557,1.00086284,0.99012834,0.03799322,0.47958219,0.87578696,-0.03942852,-0.42289749,0.33358994,0.03780389,0.98601222,-0.46142793,0.00000001,-0.50087482,-0.53402352,0.23261970,0.67060077,0.00037531,0.00000002,-0.10091522,0.02847577,-0.08370011,-1.01564431,1.72259724,-0.06341917,0.44630563,-0.36647630,-0.01166028,0.00000000,-0.76099288,-1.65629041,-0.26346719,0.00596603,0.54301172,-0.01462527,-0.00000001
-0.20668951,0.99638379,0.99032038,0.03635598,0.47577709,0.87802416,-0.03725479,-0.41688621,0.31941852,0.04079015,0.98607224,-0.46639511,0.00000001,-0.50629985,-0.52835369,0.22675094,0.67288202,0.00226652,0.00000002,-0.10051131,0.02881306,-0.07619823,-1.01127708,1.73293722,-0.05385120,0.45435137,-0.36308756,-0.01116180,0.00000000,-0.76052171,-1.66104949,-0.27813169,0.00544635,0.54041743,-0.01374697,-0.00000001
-0.21124706,0.99794370,0.99051434,0.03457467,0.47254500,0.87987268,-0.03646754,-0.41144985,0.30500430,0.04359633,0.98706067,-0.47076097,0.00000001,-0.51356214,-0.52152270,0.21970299,0.67823499,0.00355282,0.00000002,-0.10031224,0.02861497,-0.06704684,-1.00572610,1.73903024,-0.04582526,0.46238390,-0.35955909,-0.01063515,0.00000000,-0.75885290,-1.66224802,-0.29060480,0.00430163,0.53776288,-0.01293444,-0.00000001
-0.21566641,1.00252306,0.99070913,0.03272124,0.46959785,0.88152379,-0.03637342,-0.40630096,0.29046866,0.04631248,0.98851353,-0.47482628,0.00000001,-0.52174318,-0.51411158,0.21206546,0.68512374,0.00453665,0.00000002,-0.10021561,0.02814920,-0.05707067,-0.99958330,1.74299967,-0.03857032,0.47040975,-0.35596076,-0.01009441,0.00000000,-0.75658554,-1.66166568,-0.30198222,0.00284438,0.53507763,-0.01215481,-0.00000001
-0.22083540,1.00573123,0.99150497,0.03028001,0.46689832,0.88310212,-0.03492521,-0.40221277,0.27509654,0.04901699,0.99028200,-0.47814488,0.00000001,-0.53187484,-0.50415421,0.20220326,0.69716841,0.00446123,0.00000002,-0.10027641,0.02703917,-0.04564469,-0.99229354,1.74179029,-0.03308725,0.47812524,-0.35214746,-0.00958589,0.00000000,-0.75314915,-1.65679479,-0.31064460,0.00020964,0.53229976,-0.01153505,-0.00000001
-0.22580336,1.00575793,0.99222833,0.02740463,0.46428543,0.88463837,-0.03321105,-0.39855096,0.25938216,0.05169998,0.99185431,-0.48128629,0.00000000,-0.54253125,-0.49324572,0.19154733,0.71117300,0.00413394,0.00000002,-0.10039859,0.02568671,-0.03377539,-0.98465198,1.73895490,-0.02818816,0.48572609,-0.34826678,-0.00907648,0.00000000,-0.74937665,-1.65062475,-0.31843525,-0.00283478,0.52949071,-0.01096272,-0.00000000
-0.23036927,0.99942172,0.99280709,0.02366134,0.46185127,0.88610083,-0.03096543,-0.39574200,0.24298328,0.05433995,0.99303472,-0.48407322,0.00000000,-0.55423707,-0.48043472,0.17930411,0.72909784,0.00330294,0.00000002,-0.10064352,0.02384938,-0.02101946,-0.97630686,1.73286808,-0.02445704,0.49309781,-0.34425142,-0.00856530,0.00000000,-0.74493146,-1.64185762,-0.32448235,-0.00669856,0.52661973,-0.01048523,-0.00000000
-0.23563690,0.99787366,0.99368304,0.01956198,0.46012330,0.88715601,-0.02929249,-0.39288518,0.22659655,0.05686044,0.99369234,-0.48639539,0.00000000,-0.56601441,-0.46734682,0.16620106,0.75205493,0.00233465,0.00000002,-0.10089302,0.02282491,-0.00874352,-0.96766800,1.72432220,-0.02159831,0.49986765,-0.34010628,-0.00814770,0.00000000,-0.73998004,-1.63088191,-0.32896012,-0.01143002,0.52368987,-0.01011629,-0.00000000
-0.24125539,0.99871975,0.99470752,0.01528444,0.45874384,0.88799876,-0.02790560,-0.39000452,0.21021588,0.05932121,0.99408877,-0.48848516,0.00000000,-0.57782757,-0.45412055,0.15266810,0.77752841,0.00129771,0.00000002,-0.10114478,0.02220686,0.00329243,-0.95888215,1.71454668,-0.01917578,0.50633651,-0.33589637,-0.00777688,0.00000000,-0.73477554,-1.61880183,-0.33265328,-0.01659531,0.52073061,-0.00980163,-0.00000000
-0.24663450,0.98991287,0.99547309,0.01112831,0.45667070,0.88916951,-0.02656210,-0.38783249,0.19498771,0.06083180,0.99234027,-0.48998770,0.00000000,-0.58963299,-0.44064534,0.13791350,0.81165910,0.00042071,0.00000002,-0.10165127,0.02212561,0.01543505,-0.94933939,1.70059657,-0.01847928,0.51213330,-0.33149204,-0.00741844,0.00000000,-0.72862315,-1.60335207,-0.33362591,-0.02303022,0.51769024,-0.00957949,-0.00000000
-0.25205141,0.98407197,0.99628359,0.00701959,0.45500702,0.89007998,-0.02601878,-0.38535461,0.18004307,0.06209641,0.99004567,-0.49113411,0.00000000,-0.60140127,-0.42701492,0.12271711,0.84935051,-0.00028158,0.00000002,-0.10245002,0.02259441,0.02731636,-0.93960387,1.68527699,-0.01839393,0.51751095,-0.32702276,-0.00710297,0.00000000,-0.72217530,-1.58680701,-0.33366251,-0.02995707,0.51462376,-0.00939942,-0.00000000
-0.25754389,0.98416293,0.99718362,0.00300610,0.45417574,0.89049548,-0.02707660,-0.38226476,0.16566540,0.06286898,0.98665947,-0.49156797,0.00000000,-0.61309528,-0.41307408,0.10663720,0.89416337,-0.00063445,0.00000002,-0.10383330,0.02416334,0.03867504,-0.92948282,1.66721880,-0.01953088,0.52205020,-0.32242346,-0.00687347,0.00000000,-0.71513659,-1.56807172,-0.33182701,-0.03786778,0.51150507,-0.00930350,-0.00000000
-0.26336375,0.97730905,0.99825114,-0.00196594,0.45258558,0.89127374,-0.02817035,-0.37909988,0.15233657,0.06282613,0.98163199,-0.49115178,0.00000000,-0.62452918,-0.39852265,0.08942811,0.94729793,-0.00046001,0.00000002,-0.10590243,0.02654330,0.04991896,-0.91874164,1.64598644,-0.02235701,0.52565008,-0.31767929,-0.00669543,0.00000000,-0.70749736,-1.54719663,-0.32776502,-0.04713307,0.50833911,-0.00933121,-0.00000000
-0.26934725,0.96698266,0.99940234,-0.00741718,0.45060527,0.89221209,-0.02928138,-0.37589735,0.13953221,0.06237555,0.97578400,-0.49031055,0.00000000,-0.63583297,-0.38366598,0.07165443,1.00459349,-0.00002193,0.00000002,-0.10831451,0.02932879,0.06110550,-0.90769058,1.62316680,-0.02602775,0.52878022,-0.31286258,-0.00654311,0.00000000,-0.69955790,-1.52525175,-0.32258984,-0.05707565,0.50514930,-0.00942074,-0.00000000
-0.27536449,0.96568024,1.00117004,-0.01208204,0.45117274,0.89180267,-0.03138704,-0.37121522,0.12637717,0.06168701,0.96843940,-0.48763993,0.00000000,-0.64797765,-0.36533642,0.05028884,1.07546306,0.00158283,0.00000002,-0.11249810,0.03383914,0.07280734,-0.89565969,1.59490323,-0.03304732,0.52950066,-0.30780259,-0.00662302,0.00000000,-0.69071597,-1.50016141,-0.31333494,-0.06975900,0.50189239,-0.00976662,-0.00000000
-0.28486916,0.96132928,1.00299346,-0.01730441,0.45196775,0.89126915,-0.03263452,-0.36643437,0.11262934,0.06117074,0.96056706,-0.48433772,0.00000000,-0.66098267,-0.34496105,0.02685927,1.15100789,0.00363883,0.00000002,-0.11747282,0.03861112,0.08556516,-0.88304913,1.56416249,-0.04171981,0.52931207,-0.30264553,-0.00675491,0.00000000,-0.68153930,-1.47390115,-0.30231822,-0.08353604,0.49861470,-0.01019650,-0.00000000
-0.30134881,0.95088130,1.00492847,-0.02364180,0.45322520,0.89050174,-0.03216612,-0.36145627,0.09769581,0.06099900,0.95163918,-0.47977212,0.00000000,-0.67570853,-0.32049426,-0.00069832,1.23590279,0.00659731,0.00000002,-0.12402970,0.04390634,0.10043495,-0.86927944,1.52846754,-0.05369809,0.52730519,-0.29729447,-0.00699079,0.00000000,-0.67169309,-1.44530106,-0.28777778,-0.09950048,0.49529538,-0.01079439,-0.00000000
-0.31120166,0.94705403,1.00842464,-0.02721022,0.45430946,0.88978642,-0.03380288,-0.35462213,0.08403155,0.05977054,0.94274861,-0.47374946,0.00000000,-0.69390333,-0.29464912,-0.03101911,1.32576883,0.01012043,0.00000002,-0.13184914,0.04964238,0.11769148,-0.85503250,1.48812234,-0.06953309,0.52291000,-0.29172313,-0.00737257,0.00000000,-0.66203123,-1.41504824,-0.26928648,-0.11847600,0.49192524,-0.01168669,-0.00000000
-0.31774119,0.94653714,1.01270127,-0.02939415,0.45530853,0.88909978,-0.03649229,-0.34685987,0.07100189,0.05801370,0.93387663,-0.46699825,0.00000000,-0.71383244,-0.26811498,-0.06272152,1.41812003,0.01392588,0.00000002,-0.14029993,0.05559882,0.13614134,-0.84054673,1.44545209,-0.08729643,0.51732069,-0.28604180,-0.00782732,0.00000000,-0.65246159,-1.38396919,-0.24881968,-0.13895707,0.48852968,-0.01272620,-0.00000000
-0.32343152,0.93491572,1.01623774,-0.03091470,0.45705172,0.88800240,-0.03999684,-0.33782235,0.05909746,0.05538566,0.92477334,-0.45882410,0.00000000,-0.73995864,-0.24017893,-0.09890849,1.50880933,0.01772515,0.00000002,-0.14936578,0.06048756,0.15871096,-0.82602900,1.39652765,-0.11179723,0.50795156,-0.27997816,-0.00841693,0.00000000,-0.64455801,-1.35160887,-0.22194619,-0.16478522,0.48502868,-0.01433149,-0.00000000
-0.33274630,0.92798984,1.02068555,-0.02886476,0.45791581,0.88746476,-0.04342987,-0.32869491,0.04625415,0.05337069,0.91556484,-0.45028380,0.00000000,-0.76889431,-0.21091935,-0.13795085,1.59738278,0.02126952,0.00000002,-0.15894207,0.06445546,0.18381928,-0.81113112,1.34483469,-0.13941018,0.49723819,-0.27376461,-0.00900818,0.00000000,-0.63736695,-1.31889307,-0.19267926,-0.19244476,0.48147547,-0.01612105,-0.00000000
-0.34930995,0.93045515,1.02695608,-0.01967307,0.45700654,0.88801771,-0.04671824,-0.31938779,0.03153306,0.05258186,0.90614563,-0.44101107,0.00000000,-0.80344874,-0.17901295,-0.18270400,1.68172574,0.02430409,0.00000002,-0.16953924,0.06658161,0.21400505,-0.79547316,1.28760421,-0.17324741,0.48383611,-0.26725131,-0.00960271,0.00000000,-0.63160044,-1.28546655,-0.15862547,-0.22376712,0.47781792,-0.01827919,-0.00000000
-0.35696566,0.92337424,1.03020298,-0.01727830,0.45743656,0.88779604,-0.04765911,-0.30842558,0.02166636,0.04959940,0.89907932,-0.43185839,0.00000000,-0.84277445,-0.15438516,-0.22122143,1.74583483,0.02569075,0.00000002,-0.17924702,0.06702776,0.24427991,-0.78188026,1.22864652,-0.21146482,0.46747747,-0.26040325,-0.01039554,0.00000000,-0.62883133,-1.25326824,-0.12057083,-0.25876662,0.47407690,-0.02090957,-0.00000000
-0.36016735,0.91152018,1.03193820,-0.01828265,0.45854998,0.88721383,-0.04742762,-0.29663581,0.01422684,0.04552014,0.89318919,-0.42276576,0.00000000,-0.88448578,-0.13339667,-0.25662097,1.79982722,0.02625345,0.00000002,-0.18851011,0.06663392,0.27459931,-0.76931995,1.16882539,-0.25187239,0.44964051,-0.25338775,-0.01128752,0.00000000,-0.62756056,-1.22168410,-0.08051576,-0.29560468,0.47029403,-0.02377609,-0.00000000
-0.36187252,0.91182351,1.03367639,-0.01835865,0.45572329,0.88862348,-0.04824517,-0.28454301,0.01010876,0.04048366,0.89115536,-0.41467541,0.00000000,-0.93246156,-0.12084857,-0.28333166,1.82096088,0.02398321,0.00000002,-0.19791207,0.06215393,0.30785224,-0.75831348,1.10447419,-0.30009827,0.42756507,-0.24582326,-0.01248207,0.00000000,-0.63008177,-1.19212115,-0.03479317,-0.33642018,0.46639159,-0.02718843,-0.00000000
-0.36252135,0.91195118,1.03375018,-0.02262236,0.45239377,0.89034015,-0.04607103,-0.27216968,0.00731115,0.03506156,0.89125687,-0.40712881,0.00000000,-0.98112947,-0.11170974,-0.30560046,1.82967734,0.02077593,0.00000002,-0.20705393,0.05633480,0.34011820,-0.74784672,1.04009652,-0.34947297,0.40483540,-0.23810700,-0.01379220,0.00000000,-0.63374788,-1.16399181,0.01143898,-0.37719706,0.46248561,-0.03070391,-0.00000000
-0.36105755,0.91172755,1.03049493,-0.03525757,0.44799119,0.89253783,-0.03790699,-0.25923523,0.00715446,0.02886820,0.89562923,-0.40066975,0.00000000,-1.03118145,-0.10938946,-0.31898537,1.81356013,0.01569458,0.00000002,-0.21567556,0.04783734,0.37041017,-0.73845941,0.97566563,-0.40114519,0.38079742,-0.23008712,-0.01533348,0.00000000,-0.63970315,-1.13873076,0.05869026,-0.41789645,0.45857269,-0.03442565,-0.00000000
-0.36291990,0.90816963,1.02919912,-0.04410170,0.44817987,0.89233822,-0.03037022,-0.25008795,0.00700147,0.02372158,0.90213913,-0.39602581,0.00000000,-1.06783795,-0.11120044,-0.32297650,1.78286111,0.01086041,0.00000002,-0.22154553,0.04046844,0.39056647,-0.73098844,0.92257196,-0.44621173,0.36018395,-0.22245534,-0.01682030,0.00000000,-0.64523548,-1.12009239,0.10143912,-0.45110971,0.45491472,-0.03759840,-0.00000000
-0.36644536,0.90294445,1.02888310,-0.05104892,0.45066100,0.89093369,-0.02314773,-0.24283426,0.00685032,0.01909834,0.90971786,-0.39228940,0.00000000,-1.09779644,-0.11507702,-0.32227069,1.74487138,0.00614983,0.00000002,-0.22603965,0.03366381,0.40565497,-0.72447568,0.87514699,-0.48797539,0.34128278,-0.21501763,-0.01827989,0.00000000,-0.65055633,-1.10476530,0.14193681,-0.48057979,0.45138425,-0.04049668,-0.00000000
-0.36898300,0.89906430,1.02848113,-0.05530121,0.45301720,0.88959920,-0.01817665,-0.24009314,0.00648831,0.01640180,0.92033583,-0.39103767,0.00000000,-1.11009169,-0.12457632,-0.30997935,1.68738973,0.00160235,0.00000002,-0.22811215,0.02803529,0.40673038,-0.72076255,0.84818399,-0.51671106,0.32945427,-0.20844471,-0.01942367,0.00000000,-0.65232700,-1.10149682,0.17447050,-0.49515522,0.44829059,-0.04214344,-0.00000000
-0.37120888,0.89567304,1.02766240,-0.05906492,0.45512912,0.88836342,-0.01339041,-0.23815402,0.00637586,0.01417670,0.93200189,-0.39043167,0.00000000,-1.11751676,-0.13587900,-0.29447463,1.62402201,-0.00297697,0.00000002,-0.22966024,0.02254247,0.40336615,-0.71793085,0.82873070,-0.54048413,0.32035914,-0.20220540,-0.02041300,0.00000000,-0.65227324,-1.10277998,0.20417427,-0.50395566,0.44535622,-0.04325995,-0.00000000
-0.37281120,0.89325947,1.02601016,-0.06185479,0.45678088,0.88738078,-0.00897516,-0.23781873,0.00676256,0.01289445,0.94576395,-0.39111719,0.00000000,-1.11520195,-0.15078841,-0.27254283,1.54888201,-0.00761994,0.00000002,-0.23015963,0.01732100,0.39112282,-0.71686184,0.82429677,-0.55433166,0.31673077,-0.19663332,-0.02109341,0.00000000,-0.64857036,-1.11316705,0.22821803,-0.50120634,0.44274035,-0.04331594,-0.00000000
-0.37230852,0.89231431,1.02104318,-0.06551071,0.45973298,0.88562751,-0.00422916,-0.23770922,0.00832772,0.01205939,0.96196282,-0.39271891,0.00000000,-1.10549080,-0.16908310,-0.24584569,1.46465254,-0.01246973,0.00000002,-0.22928824,0.01195301,0.37077150,-0.71648264,0.83653849,-0.55733436,0.32052553,-0.19176267,-0.02099301,0.00000000,-0.64018410,-1.13354480,0.24635224,-0.48492423,0.44046548,-0.04189830,-0.00000000
-0.37075332,0.89210331,1.01441884,-0.06959707,0.46331760,0.88345492,0.00068231,-0.23771256,0.01048213,0.01144792,0.97938019,-0.39477882,0.00000000,-1.09208155,-0.18907054,-0.21676587,1.37587798,-0.01742293,0.00000002,-0.22773147,0.00651177,0.34636617,-0.71644837,0.85711801,-0.55491483,0.32803181,-0.18724278,-0.02050221,0.00000000,-0.62945628,-1.15891755,0.26153168,-0.46187580,0.43836102,-0.03974383,0.00000000
-0.37049237,0.89085257,1.01344705,-0.06751414,0.46347079,0.88352251,0.00497126,-0.24484804,0.01034116,0.01395187,0.99531567,-0.39766291,0.00000000,-1.06946480,-0.20360047,-0.19131473,1.29809141,-0.02317161,0.00000002,-0.22709325,0.00263236,0.31828734,-0.71304828,0.90686637,-0.53469986,0.35501534,-0.18370079,-0.01658678,0.00000000,-0.60781431,-1.20106363,0.26580200,-0.40759444,0.43679038,-0.03295020,0.00000000
-0.36997601,0.88939673,1.01242924,-0.06351107,0.46266377,0.88420630,0.00937077,-0.25352132,0.01006468,0.01706279,1.01108503,-0.40086401,0.00000000,-1.04359627,-0.21712647,-0.16624437,1.22569561,-0.02944794,0.00000002,-0.22588064,0.00023530,0.28807306,-0.70805752,0.96644813,-0.50876296,0.38946950,-0.18043457,-0.01115969,0.00000000,-0.58343440,-1.24800777,0.26608127,-0.34253594,0.43537644,-0.02439057,0.00000000
-0.36894876,0.88753074,1.01131964,-0.05566639,0.45992494,0.88610077,0.01399095,-0.26527014,0.00951719,0.02138763,1.02652180,-0.40469939,0.00000000,-1.01122463,-0.22864476,-0.14193574,1.16408134,-0.03677958,0.00000002,-0.22351924,0.00080291,0.25358772,-0.69988543,1.04569685,-0.47138265,0.43886513,-0.17772005,-0.00270927,0.00000000,-0.55357879,-1.30454838,0.25837824,-0.25592318,0.43427587,-0.01229898,0.00000000
-0.36720905,0.88280797,1.01006234,-0.04925351,0.46034199,0.88619560,0.01779686,-0.28235474,0.01066843,0.02493296,1.04231787,-0.40867716,0.00000000,-0.97221446,-0.23678517,-0.11960601,1.12219667,-0.04511617,0.00000002,-0.21783529,0.00012940,0.21758793,-0.68870270,1.12429643,-0.43433881,0.48908094,-0.17513943,0.00599561,0.00000000,-0.52608657,-1.36007786,0.24795878,-0.16867658,0.43329000,-0.00040218,0.00000000
-0.36511305,0.87665671,1.00873113,-0.04355637,0.46233273,0.88538235,0.02119530,-0.30210727,0.01266904,0.02808855,1.05829358,-0.41272625,0.00000000,-0.92988503,-0.24323665,-0.09826580,1.09017718,-0.05395524,0.00000002,-0.21049014,-0.00116467,0.18083091,-0.67601496,1.20257163,-0.39746308,0.53970689,-0.17262569,0.01482772,0.00000000,-0.49977607,-1.41510177,0.23618105,-0.08111300,0.43236145,0.01139722,0.00000000
-0.36569414,0.86967295,1.00681627,-0.03914328,0.45571294,0.88909179,0.01758687,-0.32689896,0.01799755,0.02964281,1.07696450,-0.41666907,0.00000000,-0.87562907,-0.24727249,-0.07720657,1.08528960,-0.06334161,0.00000002,-0.19965656,-0.00444307,0.13639431,-0.66769183,1.26967657,-0.36275506,0.57892299,-0.17022158,0.02132967,0.00000000,-0.48420849,-1.46174371,0.22101073,-0.01054338,0.43155396,0.01944211,0.00000000
-0.36745372,0.86238825,1.00564098,-0.03531373,0.44819602,0.89315802,0.01191408,-0.35305595,0.02413108,0.03080998,1.09687102,-0.42057830,0.00000000,-0.81768948,-0.25149161,-0.05573849,1.08732533,-0.07298040,0.00000002,-0.18688990,-0.00777323,0.08879406,-0.66281128,1.33235192,-0.32840994,0.61201650,-0.16784623,0.02657251,0.00000000,-0.47403353,-1.50470555,0.20414950,0.05055073,0.43076736,0.02543948,0.00000000
-0.37157044,0.85450161,1.00594497,-0.03265233,0.43889022,0.89794475,0.00211387,-0.38194364,0.03187466,0.03120299,1.11924911,-0.42442018,0.00000000,-0.75238347,-0.25607714,-0.03345272,1.10320723,-0.08312401,0.00000002,-0.17025708,-0.01120689,0.03486663,-0.66481555,1.38616860,-0.29479051,0.63286507,-0.16552848,0.02929713,0.00000000,-0.47464362,-1.54030621,0.18390654,0.09269378,0.43002275,0.02734181,0.00000000
-0.37384528,0.84675831,1.00295758,-0.02996927,0.43127269,0.90170741,-0.00542726,-0.41181850,0.03977561,0.03175031,1.14615369,-0.42875856,0.00000000,-0.69150633,-0.26062858,-0.01164757,1.12302697,-0.09490944,0.00000002,-0.15320981,-0.01519449,-0.01547146,-0.67018187,1.42648864,-0.26489776,0.64125985,-0.16313463,0.02969591,0.00000000,-0.48196596,-1.56633961,0.16333924,0.11687071,0.42926842,0.02572820,0.00000000
-0.37519923,0.83908659,0.99832433,-0.02727514,0.42449284,0.90494293,-0.01183801,-0.44218710,0.04775527,0.03237479,1.17532158,-0.43334526,0.00000000,-0.63284367,-0.26516306,0.00991727,1.14481544,-0.10751578,0.00000002,-0.13595532,-0.01945905,-0.06401487,-0.67722905,1.46006012,-0.23686835,0.64342767,-0.16070271,0.02893178,0.00000000,-0.49264440,-1.58758926,0.14260980,0.13206455,0.42850927,0.02235661,0.00000000
-0.37426203,0.82864594,0.98983914,-0.02462926,0.42123213,0.90653163,-0.01253904,-0.47478169,0.05625567,0.03273515,1.21042109,-0.43917689,0.00000000,-0.59190524,-0.27064401,0.03028726,1.16701889,-0.12409250,0.00000002,-0.12107986,-0.02382140,-0.09524138,-0.68331999,1.46898091,-0.21798705,0.63063222,-0.15795569,0.02581330,0.00000000,-0.50614053,-1.59041369,0.12630704,0.12817223,0.42764997,0.01585380,0.00000000
-0.37227657,0.81867921,0.98018044,-0.02229660,0.41934112,0.90748250,-0.01146561,-0.50985867,0.06458791,0.03327764,1.24651325,-0.44554079,0.00000000,-0.55874938,-0.27598754,0.04967147,1.18933237,-0.14229697,0.00000002,-0.10750557,-0.02835859,-0.11680128,-0.68692780,1.46787488,-0.20348245,0.61496204,-0.15505955,0.02250036,0.00000000,-0.51778746,-1.58523500,0.11370238,0.12161291,0.42673901,0.00929673,0.00000000
-0.36819449,0.80966032,0.96817470,-0.02059089,0.42019722,0.90717334,-0.00684349,-0.54990047,0.07258377,0.03418440,1.28459096,-0.45296922,0.00000000,-0.54115844,-0.28105628,0.06708414,1.21186566,-0.16375698,0.00000002,-0.09653365,-0.03324550,-0.11902797,-0.68556952,1.44671583,-0.19773115,0.59354216,-0.15186523,0.01879848,0.00000000,-0.52573609,-1.56404996,0.10849391,0.10971947,0.42572463,0.00263113,0.00000000
-0.37122080,0.80074328,0.95657748,-0.01648965,0.42060038,0.90708953,-0.00347401,-0.59714878,0.07922465,0.03610907,1.32227349,-0.46182352,0.00000000,-0.53744245,-0.28626728,0.08314652,1.23627436,-0.18802583,0.00000002,-0.08813342,-0.03703923,-0.10049623,-0.67863214,1.40585124,-0.20135203,0.56820399,-0.14837244,0.01509942,0.00000000,-0.52829939,-1.52660275,0.11219030,0.09642841,0.42464092,-0.00327183,0.00000000
-0.37780127,0.79187715,0.94518453,-0.01119035,0.42076805,0.90709901,-0.00073080,-0.64800036,0.08518804,0.03854270,1.35975850,-0.47139081,0.00000000,-0.54066378,-0.29154947,0.09853375,1.26162076,-0.21369907,0.00000002,-0.08101907,-0.04028637,-0.07158533,-0.66890532,1.35513365,-0.20965900,0.54090673,-0.14473048,0.01140177,0.00000000,-0.52817017,-1.48102427,0.12033910,0.08243857,0.42352265,-0.00879347,0.00000000
-0.36979371,0.78857815,0.93376368,-0.00174053,0.41230217,0.91099888,0.00921082,-0.70884222,0.08972835,0.04157021,1.39348984,-0.48272267,0.00000000,-0.56491786,-0.29804349,0.11318722,1.28985310,-0.24226557,0.00000002,-0.08012877,-0.03871893,-0.01166613,-0.65171492,1.27944422,-0.23177077,0.51065123,-0.14073485,0.00831051,0.00000000,-0.51746422,-1.41510856,0.14328663,0.07367853,0.42239779,-0.01145950,0.00000000
-0.36534807,0.78479141,0.92324501,0.00732262,0.40641737,0.91352099,0.01583411,-0.77001220,0.09333319,0.04444293,1.42513013,-0.49404216,0.00000000,-0.59401184,-0.30466914,0.12737037,1.31812763,-0.27076825,0.00000002,-0.07960033,-0.03539236,0.05345746,-0.63450062,1.20081019,-0.25698709,0.47947833,-0.13665099,0.00535996,0.00000000,-0.50446987,-1.34628105,0.17032853,0.06752532,0.42127207,-0.01300475,0.00000000
-0.36802623,0.78002912,0.91453063,0.01561074,0.40586552,0.91366243,0.01582369,-0.83183867,0.09506705,0.04700608,1.45258832,-0.50533736,0.00000000,-0.63278580,-0.31155819,0.14061289,1.34648716,-0.29914340,0.00000002,-0.07979563,-0.02854751,0.12898985,-0.61723876,1.11628723,-0.28841266,0.44647050,-0.13239069,0.00269085,0.00000000,-0.48689890,-1.27162993,0.20555924,0.06658565,0.42014432,-0.01230844,0.00000000
-0.36264250,0.78368306,0.90047497,0.04026395,0.40097025,0.91513628,0.01128105,-0.89450485,0.09528976,0.04934016,1.47635353,-0.51685965,0.00000000,-0.68254220,-0.31825721,0.15360478,1.37340379,-0.32731223,0.00000002,-0.08373252,-0.01739886,0.21923511,-0.59788036,1.02688229,-0.32774347,0.41255668,-0.12791006,0.00047489,0.00000000,-0.46144608,-1.19307947,0.25022817,0.07382099,0.41897845,-0.00851309,0.00000000
-0.35322782,0.79154509,0.88374859,0.07305688,0.39351955,0.91639787,0.00446231,-0.95759100,0.09475687,0.05155970,1.49827278,-0.52849537,0.00000000,-0.73778957,-0.32486111,0.16647132,1.39959860,-0.35537797,0.00000002,-0.08954018,-0.00409832,0.31683680,-0.57747370,0.93503660,-0.37102690,0.37818968,-0.12331929,-0.00151449,0.00000000,-0.43205243,-1.11257923,0.29961628,0.08514384,0.41779351,-0.00316822,0.00000000
-0.35730961,0.78948599,0.87362689,0.08185215,0.39327636,0.91576838,0.00144941,-1.00526989,0.09261029,0.05355971,1.51789784,-0.53773260,0.00000000,-0.77800882,-0.33063626,0.17714196,1.42640531,-0.37888709,0.00000002,-0.08884145,0.00852529,0.37757796,-0.56630594,0.86269087,-0.40615013,0.34340253,-0.11850298,-0.00385984,0.00000000,-0.41582030,-1.05064690,0.33656773,0.09763751,0.41665980,0.00133408,0.00000000
-0.36139050,0.78760743,0.86340481,0.08901597,0.39221373,0.91555417,-0.00225961,-1.04909992,0.08989336,0.05573239,1.53677773,-0.54631501,0.00000000,-0.81459063,-0.33623448,0.18738401,1.45253205,-0.40102637,0.00000002,-0.08698595,0.02135605,0.43017823,-0.55601835,0.79589695,-0.43933195,0.30884957,-0.11359573,-0.00628080,0.00000000,-0.40138873,-0.99385041,0.37051046,0.11056998,0.41550466,0.00570769,0.00000000
-0.36546966,0.78609002,0.85298216,0.09292572,0.38955647,0.91627306,-0.00736052,-1.08523178,0.08603577,0.05825044,1.55416822,-0.55358791,0.00000000,-0.84389728,-0.34147885,0.19676878,1.47729933,-0.42042604,0.00000002,-0.08281699,0.03460113,0.46649677,-0.54749072,0.74020690,-0.46863064,0.27476493,-0.10850673,-0.00885298,0.00000000,-0.39055824,-0.94732535,0.39843577,0.12438011,0.41430649,0.00982390,0.00000000
-0.36803657,0.78516328,0.84288466,0.08827815,0.38593751,0.91824561,-0.00917293,-1.11663902,0.08096970,0.06166868,1.56951535,-0.55980986,0.00000000,-0.86952406,-0.34583125,0.20506860,1.49913454,-0.43768060,0.00000002,-0.07763705,0.04879773,0.49363747,-0.53779715,0.69297695,-0.49589038,0.24163200,-0.10322826,-0.01151296,0.00000000,-0.37983888,-0.90850830,0.42279518,0.13897257,0.41299242,0.01402111,0.00000000
-0.36984739,0.78453183,0.83294970,0.07934593,0.38181096,0.92078084,-0.00934040,-1.14568400,0.07529938,0.06553702,1.58384037,-0.56550646,0.00000000,-0.89331114,-0.34973761,0.21282597,1.51950383,-0.45386261,0.00000002,-0.07195166,0.06347009,0.51618916,-0.52752072,0.64997709,-0.52213061,0.20897490,-0.09785510,-0.01421684,0.00000000,-0.36917493,-0.87354547,0.44537175,0.15395613,0.41162032,0.01825882,0.00000000
-0.37070987,0.78171134,0.82764798,0.07515138,0.37198088,0.92516476,-0.00725688,-1.16389918,0.07043022,0.06857021,1.59352362,-0.56940490,0.00000000,-0.90805864,-0.35117546,0.21810813,1.53343284,-0.46706444,0.00000002,-0.06739838,0.07479023,0.51850450,-0.51606673,0.61962587,-0.54423368,0.17978160,-0.09239616,-0.01662246,0.00000000,-0.36080992,-0.85190409,0.46128914,0.16610985,0.40993670,0.02168338,0.00000000
-0.37130558,0.77933913,0.82389438,0.07152056,0.36256930,0.92918837,-0.00610932,-1.17845011,0.06656151,0.07066038,1.60146368,-0.57258081,0.00000000,-0.92011577,-0.35191828,0.22255717,1.54501450,-0.47925627,0.00000002,-0.06353779,0.08414535,0.52004868,-0.50437331,0.59307337,-0.56459695,0.15251192,-0.08700101,-0.01874664,0.00000000,-0.35348621,-0.83456033,0.47514358,0.17671382,0.40811148,0.02477847,0.00000000
-0.37136766,0.77786356,0.82323682,0.06903021,0.35405841,0.93264717,-0.00683501,-1.18567264,0.06469370,0.07086451,1.60591757,-0.57431167,0.00000000,-0.92679232,-0.35127106,0.22533996,1.55190170,-0.48942843,0.00000002,-0.06106258,0.08957041,0.52005088,-0.49220085,0.57411808,-0.58148080,0.12908952,-0.08173344,-0.02030797,0.00000000,-0.34824517,-0.82581151,0.48487207,0.18421839,0.40600285,0.02721460,0.00000000
-0.37122512,0.77672201,0.82538909,0.06613788,0.34679803,0.93557942,-0.00693064,-1.18657315,0.06433684,0.06956613,1.60708201,-0.57461286,0.00000000,-0.92824930,-0.34967139,0.22645089,1.55476737,-0.49773231,0.00000002,-0.05892434,0.09195881,0.52004582,-0.47988230,0.56167662,-0.59496087,0.10951620,-0.07662718,-0.02132443,0.00000000,-0.34636071,-0.82360369,0.49127921,0.18711236,0.40355065,0.02883983,0.00000000
-0.37098020,0.77574748,0.82894629,0.06304333,0.34015620,0.93822932,-0.00671109,-1.18431282,0.06473541,0.06751651,1.60660172,-0.57419902,0.00000000,-0.92709655,-0.34759551,0.22672591,1.55562234,-0.50510198,0.00000002,-0.05695459,0.09282888,0.52003729,-0.46749049,0.55249190,-0.60673881,0.09186745,-0.07160157,-0.02206847,0.00000000,-0.34615463,-0.82466638,0.49602565,0.18770105,0.40092668,0.03005961,0.00000000
-0.37068871,0.77544010,0.83378547,0.05981742,0.33506423,0.94026554,-0.00738699,-1.17591941,0.06654616,0.06404188,1.60177422,-0.57210594,0.00000000,-0.91996253,-0.34448323,0.22481085,1.55138063,-0.51025182,0.00000002,-0.05477731,0.09021956,0.52003002,-0.45379415,0.55067283,-0.61497283,0.08002063,-0.06682305,-0.02196814,0.00000000,-0.35106292,-0.83208007,0.49764383,0.17991425,0.39773065,0.02998610,0.00000000
-0.37148082,0.77405351,0.83876419,0.05583201,0.32991058,0.94233096,-0.00735772,-1.16617894,0.06870423,0.06032129,1.59587228,-0.56958181,0.00000000,-0.91170764,-0.34116143,0.22228354,1.54587090,-0.51482773,0.00000002,-0.05270339,0.08700531,0.52002186,-0.43971404,0.55037940,-0.62258530,0.06970614,-0.06210127,-0.02167018,0.00000000,-0.35745290,-0.84054440,0.49889573,0.16910419,0.39432871,0.02949924,0.00000000
-0.37444022,0.77050847,0.84402192,0.05032936,0.32464227,0.94447833,-0.00591830,-1.15374458,0.07155694,0.05610881,1.58782160,-0.56619549,0.00000000,-0.90121114,-0.33742079,0.21853171,1.53782523,-0.51825601,0.00000002,-0.05083617,0.08258121,0.52001172,-0.42486614,0.55313760,-0.62895441,0.06245634,-0.05749302,-0.02097693,0.00000000,-0.36680618,-0.85111004,0.49941525,0.15224750,0.39051500,0.02818562,0.00000000
-0.37333256,0.76948702,0.85002697,0.04733785,0.32000825,0.94621539,-0.00550181,-1.13911378,0.07517226,0.05145014,1.57848775,-0.56225634,0.00000000,-0.88842326,-0.33342469,0.21344681,1.52825725,-0.52072036,0.00000002,-0.04897986,0.07634729,0.51671803,-0.40924513,0.55760550,-0.63494134,0.05765914,-0.05296094,-0.02000023,0.00000000,-0.37972257,-0.86294770,0.49942294,0.12865597,0.38628700,0.02585089,0.00000000
-0.37019137,0.76972735,0.85640574,0.04560207,0.31569198,0.94774878,-0.00559681,-1.12338495,0.07916891,0.04656839,1.56851256,-0.55804086,0.00000000,-0.87448949,-0.32930085,0.20769545,1.51792812,-0.52270263,0.00000002,-0.04712901,0.06920850,0.51178253,-0.39323759,0.56292814,-0.64073694,0.05408827,-0.04846694,-0.01888182,0.00000000,-0.39442044,-0.87542135,0.49917486,0.10169706,0.38185203,0.02300560,0.00000000
-0.36896741,0.76414007,0.86170959,0.04091487,0.31204012,0.94918299,-0.00293355,-1.10687053,0.08489529,0.04095726,1.55716598,-0.55328304,0.00000000,-0.85938323,-0.32518724,0.20032765,1.50652015,-0.52367991,0.00000002,-0.04626108,0.05985959,0.50316340,-0.37640607,0.56821132,-0.64746994,0.05285804,-0.04400535,-0.01759609,0.00000000,-0.41275802,-0.88757271,0.49971351,0.06548218,0.37686318,0.01878027,0.00000000
-0.36824909,0.75988901,0.86701697,0.03583664,0.30824614,0.95063061,-0.00121633,-1.08994114,0.09133583,0.03510748,1.54574597,-0.54849970,0.00000000,-0.84369963,-0.32111260,0.19247432,1.49492252,-0.52435821,0.00000002,-0.04594243,0.04922701,0.49309671,-0.35937423,0.57306755,-0.65474933,0.05213282,-0.03954212,-0.01630076,0.00000000,-0.43246281,-0.89984405,0.50016898,0.02645375,0.37172878,0.01403394,0.00000000
-0.36854199,0.75831014,0.87233120,0.02997822,0.30418026,0.95214164,-0.00139141,-1.07218170,0.09920467,0.02878043,1.53417850,-0.54366553,0.00000000,-0.82686067,-0.31711578,0.18364991,1.48294604,-0.52443850,0.00000002,-0.04672232,0.03602703,0.48013467,-0.34194201,0.57706970,-0.66312128,0.05241758,-0.03507560,-0.01498624,0.00000000,-0.45490173,-0.91235518,0.50045782,-0.01820179,0.36630309,0.00824563,0.00000000
-0.36906204,0.75754577,0.87697858,0.02178876,0.29970571,0.95378155,-0.00158557,-1.05417490,0.10852668,0.02201516,1.52251661,-0.53891414,0.00000000,-0.80934340,-0.31375042,0.17428000,1.47126520,-0.52415895,0.00000002,-0.04826316,0.02113627,0.46535125,-0.32460159,0.57989568,-0.67240065,0.05326959,-0.03064476,-0.01373773,0.00000000,-0.47944951,-0.92515647,0.50032240,-0.06595145,0.36076552,0.00181677,0.00000000
-0.36969566,0.75718862,0.88129246,0.01243240,0.29500425,0.95541346,-0.00178914,-1.03604400,0.11857527,0.01503079,1.51080787,-0.53420413,0.00000000,-0.79148686,-0.31070080,0.16463742,1.45973170,-0.52369946,0.00000002,-0.05018446,0.00540015,0.44965726,-0.30730709,0.58213341,-0.68213338,0.05440523,-0.02623177,-0.01252224,0.00000000,-0.50505161,-0.93810260,0.49997467,-0.11524817,0.35517207,-0.00493237,0.00000000
-0.36804622,0.75620788,0.88142115,0.00574132,0.29030144,0.95691764,0.00084171,-1.01878202,0.12857980,0.00938607,1.49855971,-0.52987367,0.00000000,-0.77427775,-0.30898988,0.15511201,1.44893599,-0.52325469,0.00000002,-0.05183274,-0.00779894,0.43502706,-0.29161057,0.58397567,-0.69153506,0.05644873,-0.02198425,-0.01134411,0.00000000,-0.53076822,-0.95163846,0.49940017,-0.16175359,0.34970716,-0.01098990,0.00000000
-0.36653769,0.75298882,0.88205242,-0.00247271,0.28585851,0.95826137,0.00373521,-1.00130153,0.13817792,0.00445767,1.48616064,-0.52549487,0.00000000,-0.75715536,-0.30735561,0.14533420,1.43823290,-0.52267784,0.00000002,-0.05322076,-0.02042694,0.41991407,-0.27671966,0.58558154,-0.70073992,0.05859156,-0.01780848,-0.01021034,0.00000000,-0.55658805,-0.96537787,0.49855241,-0.20675111,0.34431487,-0.01679299,0.00000000
-0.36531109,0.74529290,0.88368887,-0.01373131,0.28194299,0.95930624,0.00715362,-0.98338485,0.14696321,0.00096190,1.47346044,-0.52101940,0.00000000,-0.74020731,-0.30587453,0.13505155,1.42771459,-0.52183712,0.00000002,-0.05408829,-0.03191274,0.40383521,-0.26343995,0.58671445,-0.70955151,0.06093307,-0.01377618,-0.00916529,0.00000000,-0.58261472,-0.97952420,0.49715814,-0.24873292,0.33906740,-0.02208725,0.00000000
-0.36492512,0.73820865,0.88552308,-0.02217417,0.27836150,0.96016210,0.01057940,-0.96550745,0.15351589,0.00013640,1.46038580,-0.51666093,0.00000000,-0.72530913,-0.30438027,0.12554371,1.41615975,-0.52077842,0.00000002,-0.05543663,-0.03933354,0.38995409,-0.25260648,0.58810025,-0.71692705,0.06382235,-0.00986831,-0.00805690,0.00000000,-0.60533983,-0.99416482,0.49563068,-0.28176263,0.33399481,-0.02549578,0.00000000
-0.36495951,0.73143011,0.88745612,-0.02920832,0.27494451,0.96091419,0.01400853,-0.94764984,0.15895215,0.00064604,1.44712365,-0.51236117,0.00000000,-0.71143597,-0.30287936,0.11642331,1.40408659,-0.51961070,0.00000002,-0.05702538,-0.04472187,0.37717196,-0.24299626,0.58961248,-0.72358483,0.06698551,-0.00602264,-0.00691683,0.00000000,-0.62641418,-1.00905263,0.49403656,-0.31031612,0.32900962,-0.02796146,0.00000000
-0.36222827,0.73181272,0.89142394,-0.02939559,0.27059811,0.96213633,0.01436199,-0.92880040,0.16057979,0.00539220,1.43375707,-0.50814855,0.00000000,-0.70027292,-0.30155796,0.10893445,1.38966346,-0.51801431,0.00000002,-0.05960157,-0.04361911,0.36672425,-0.23722462,0.59178799,-0.72771597,0.07066076,-0.00238565,-0.00570847,0.00000000,-0.64181906,-1.02477086,0.49213094,-0.32432610,0.32429829,-0.02748176,0.00000000
-0.35990202,0.73189831,0.89580351,-0.02970268,0.26708964,0.96309662,0.01502617,-0.90983999,0.16097192,0.01135753,1.42032933,-0.50384158,0.00000000,-0.68974531,-0.30042079,0.10198426,1.37473655,-0.51630020,0.00000002,-0.06202979,-0.04028904,0.35680196,-0.23249802,0.59445810,-0.73095220,0.07444221,0.00117561,-0.00448856,0.00000000,-0.65539581,-1.04056871,0.49045593,-0.33436137,0.31967878,-0.02621547,0.00000001
-0.35838565,0.73138988,0.90100646,-0.03025033,0.26526526,0.96356279,0.01631223,-0.89065731,0.15889308,0.01976124,1.40677965,-0.49934569,0.00000000,-0.68048859,-0.29965213,0.09611151,1.35880280,-0.51435053,0.00000002,-0.06416205,-0.03250432,0.34793043,-0.22986136,0.59811753,-0.73239857,0.07843611,0.00458540,-0.00324555,0.00000000,-0.66531587,-1.05652678,0.48924217,-0.33644712,0.31524298,-0.02337602,0.00000001
-0.35569412,0.73033142,0.90666968,-0.02860145,0.26580313,0.96343893,0.01778084,-0.87092113,0.15411387,0.03047455,1.39376664,-0.49471337,0.00000000,-0.67210734,-0.29851288,0.09076221,1.34234834,-0.51253015,0.00000002,-0.06592229,-0.02094193,0.33955401,-0.22890918,0.60267162,-0.73233163,0.08247349,0.00785033,-0.00198867,0.00000000,-0.67236006,-1.07269120,0.48821151,-0.33208418,0.31101105,-0.01926298,0.00000001
-0.35241497,0.72899801,0.91256303,-0.02585405,0.26751956,0.96301132,0.01934055,-0.85090816,0.14798452,0.04234264,1.38102174,-0.49001256,0.00000000,-0.66416383,-0.29718828,0.08567467,1.32563365,-0.51077420,0.00000002,-0.06749652,-0.00749068,0.33142513,-0.22879927,0.60767305,-0.73150802,0.08653258,0.01104283,-0.00072485,0.00000000,-0.67796642,-1.08895910,0.48727250,-0.32449692,0.30688113,-0.01451316,0.00000001
-0.34875977,0.72941852,0.91745728,-0.02403665,0.27012125,0.96232092,0.01987919,-0.83237064,0.14073250,0.05465628,1.36886239,-0.48554093,0.00000000,-0.65643078,-0.29546866,0.08077324,1.30936563,-0.50943059,0.00000002,-0.06874607,0.00636379,0.32437828,-0.22886357,0.61254746,-0.73056674,0.09003442,0.01409735,0.00039050,0.00000000,-0.68169963,-1.10546517,0.48629007,-0.31382439,0.30314457,-0.00938160,0.00000001
-0.34502870,0.73001480,0.92201501,-0.02211327,0.27265546,0.96165019,0.01997302,-0.81473809,0.13364519,0.06670050,1.35720205,-0.48137236,0.00000000,-0.64873564,-0.29370341,0.07596725,1.29344666,-0.50827670,0.00000002,-0.07017414,0.01980111,0.31800777,-0.22864670,0.61728066,-0.72980124,0.09336261,0.01712290,0.00147092,0.00000000,-0.68496835,-1.12211835,0.48522305,-0.30304483,0.29954416,-0.00429037,0.00000001
-0.34114590,0.73096257,0.92589962,-0.01997820,0.27505749,0.96102887,0.01917745,-0.79891521,0.12688734,0.07820584,1.34653926,-0.47781006,0.00000000,-0.64111632,-0.29184702,0.07135218,1.27822530,-0.50750297,0.00000002,-0.07195923,0.03240413,0.31298995,-0.22786734,0.62173128,-0.72938734,0.09634352,0.02009053,0.00248150,0.00000000,-0.68730849,-1.13906538,0.48398688,-0.29205123,0.29621619,0.00072018,0.00000001
-0.33544451,0.73223728,0.92877418,-0.01712557,0.27788025,0.96027690,0.01890955,-0.78521812,0.12086018,0.08906398,1.33730114,-0.47506517,0.00000000,-0.63346058,-0.28981826,0.06700397,1.26381183,-0.50711316,0.00000002,-0.07451282,0.04427835,0.30936062,-0.22625841,0.62641937,-0.72911471,0.09910968,0.02300538,0.00347991,0.00000000,-0.68887979,-1.15644264,0.48241290,-0.28212893,0.29316133,0.00546740,0.00000001
-0.32883379,0.73367548,0.93114370,-0.01391394,0.28090975,0.95944709,0.01890523,-0.77258378,0.11519843,0.09959849,1.32877553,-0.47272894,0.00000000,-0.62578678,-0.28770339,0.06278914,1.24980211,-0.50691533,0.00000002,-0.07745066,0.05578816,0.30642572,-0.22423466,0.63122606,-0.72891265,0.10176846,0.02589384,0.00447223,0.00000000,-0.69006675,-1.17403495,0.48066995,-0.27274224,0.29024306,0.01008295,0.00000001
-0.32354045,0.73506069,0.93297482,-0.01093840,0.28281140,0.95891339,0.01957429,-0.76243788,0.11305643,0.10769840,1.32256949,-0.47167352,0.00000000,-0.61708826,-0.28471220,0.05850515,1.23708248,-0.50703841,0.00000002,-0.08324934,0.06274364,0.30326024,-0.21989247,0.63519591,-0.73001593,0.10311516,0.02877501,0.00518937,0.00000000,-0.69221753,-1.19257951,0.47710645,-0.27018997,0.28769243,0.01302873,0.00000001
-0.31925836,0.73544651,0.93461537,-0.00906945,0.28426081,0.95849335,0.02010071,-0.75282085,0.11241819,0.11469917,1.31708360,-0.47091964,0.00000000,-0.60813087,-0.28128311,0.05397653,1.22470713,-0.50711530,0.00000002,-0.09015910,0.06764075,0.29966438,-0.21454775,0.63861239,-0.73178923,0.10383012,0.03167928,0.00577198,0.00000000,-0.69495553,-1.21118045,0.47292891,-0.27129716,0.28522944,0.01510597,0.00000001
-0.31699884,0.73383355,0.93587464,-0.00941393,0.28481203,0.95832127,0.02034227,-0.74426174,0.11478753,0.11950158,1.31303751,-0.47076905,0.00000000,-0.59865588,-0.27697805,0.04895859,1.21302092,-0.50709987,0.00000002,-0.09929106,0.06842113,0.29520759,-0.20719796,0.64092201,-0.73490262,0.10328156,0.03462971,0.00608554,0.00000000,-0.69886744,-1.22989464,0.46752355,-0.27972329,0.28294161,0.01544617,0.00000001
-0.31719261,0.73357409,0.93709797,-0.01197104,0.28501397,0.95827419,0.01828394,-0.73583853,0.12017725,0.12209751,1.31026804,-0.47104040,0.00000000,-0.58856815,-0.27150661,0.04327391,1.20177960,-0.50675726,0.00000002,-0.11078058,0.06482976,0.28878579,-0.19792315,0.64209497,-0.73937929,0.10124212,0.03764100,0.00607735,0.00000000,-0.70444506,-1.24879980,0.46057430,-0.29592073,0.28081062,0.01393264,0.00000001
-0.31861308,0.73399132,0.93830329,-0.01563421,0.28503564,0.95827085,0.01507531,-0.72748345,0.12707715,0.12359019,1.30813694,-0.47152263,0.00000000,-0.57817405,-0.26545200,0.03725586,1.19076085,-0.50625110,0.00000002,-0.12344881,0.05905255,0.28138152,-0.18768582,0.64269972,-0.74453753,0.09845719,0.04068272,0.00590829,0.00000000,-0.71085560,-1.26780057,0.45285314,-0.31600389,0.27875823,0.01149226,0.00000001
-0.32071096,0.73400748,0.93856502,-0.02041939,0.28054830,0.95953768,0.01277117,-0.71925431,0.13733137,0.12253018,1.30767596,-0.47228560,0.00000000,-0.56765693,-0.25847524,0.03078190,1.17998159,-0.50530887,0.00000002,-0.13924190,0.04990331,0.27209595,-0.17485079,0.64290243,-0.75113034,0.09403224,0.04380956,0.00542155,0.00000000,-0.71854842,-1.28736615,0.44345585,-0.34397528,0.27696291,0.00720964,0.00000001
-0.32312694,0.73527074,0.93888068,-0.02596595,0.27547732,0.96090984,0.00950189,-0.71089554,0.14869142,0.12053322,1.30766535,-0.47309831,0.00000000,-0.55698311,-0.25150716,0.02420972,1.16934097,-0.50417048,0.00000002,-0.15555938,0.03965284,0.26179060,-0.16137490,0.64313674,-0.75807565,0.08914888,0.04696731,0.00485242,0.00000000,-0.72709632,-1.30707204,0.43324953,-0.37378612,0.27525204,0.00245630,0.00000001
-0.32617918,0.73902828,0.93930411,-0.03303478,0.26924109,0.96249646,0.00430277,-0.70227772,0.16226317,0.11666236,1.30855572,-0.47401062,0.00000000,-0.54599595,-0.24455617,0.01744110,1.15897763,-0.50263971,0.00000002,-0.17292564,0.02719992,0.24944572,-0.14661734,0.64343476,-0.76572537,0.08334888,0.05018687,0.00411851,0.00000000,-0.73735446,-1.32705820,0.42142510,-0.40727597,0.27371001,-0.00323850,0.00000001
-0.32797965,0.74143267,0.93974710,-0.03819133,0.26350963,0.96389973,0.00115284,-0.69497234,0.17578766,0.11221656,1.30949640,-0.47503337,0.00000000,-0.53576124,-0.23846310,0.01097306,1.14877999,-0.50092590,0.00000002,-0.18928705,0.01620760,0.23822707,-0.13175508,0.64462966,-0.77335441,0.07710335,0.05339901,0.00336334,0.00000000,-0.74776769,-1.34648597,0.40934643,-0.43916214,0.27222887,-0.00847992,0.00000001
-0.32915428,0.74316049,0.94019985,-0.04239124,0.25802940,0.96520615,-0.00097232,-0.68832290,0.18928853,0.10748322,1.31046224,-0.47611144,0.00000000,-0.52590269,-0.23279893,0.00465531,1.13866580,-0.49912056,0.00000002,-0.20514603,0.00594559,0.22757150,-0.11684044,0.64627284,-0.78097314,0.07063506,0.05660745,0.00259754,0.00000000,-0.75825822,-1.36563432,0.39714071,-0.47024646,0.27077812,-0.01349465,0.00000001
-0.33253983,0.74588621,0.94096994,-0.04758546,0.25206584,0.96651858,-0.00634481,-0.68295532,0.20200330,0.10196253,1.31142759,-0.47728756,0.00000000,-0.51716918,-0.22801119,-0.00177361,1.12905228,-0.49704602,0.00000002,-0.21886636,-0.00355998,0.21738110,-0.10286583,0.64893657,-0.78840441,0.06351633,0.05975902,0.00179789,0.00000000,-0.76977122,-1.38338220,0.38448390,-0.49791721,0.26934880,-0.01781530,0.00000001
-0.33429444,0.74905181,0.94198996,-0.05132192,0.24730970,0.96751326,-0.01105099,-0.67880583,0.21373861,0.09674038,1.31237614,-0.47844121,0.00000000,-0.50868189,-0.22378279,-0.00786465,1.11989748,-0.49492991,0.00000002,-0.23117724,-0.01187328,0.20844758,-0.08963750,0.65181845,-0.79572457,0.05620971,0.06289940,0.00099888,0.00000000,-0.78097236,-1.40004170,0.37250313,-0.52362025,0.26788074,-0.02169718,0.00000001
-0.33278710,0.75309712,0.94350970,-0.05214957,0.24500471,0.96801084,-0.01442528,-0.67709249,0.22351505,0.09211541,1.31329143,-0.47955024,0.00000000,-0.50068694,-0.22067313,-0.01327990,1.11166024,-0.49273092,0.00000002,-0.24066930,-0.01780204,0.20202795,-0.07790171,0.65513664,-0.80282247,0.04852727,0.06601746,0.00020114,0.00000000,-0.79155004,-1.41452384,0.36187431,-0.54538816,0.26633522,-0.02470152,0.00000001
-0.32795873,0.75788170,0.94535011,-0.05050374,0.24450803,0.96817833,-0.01720504,-0.67785859,0.23127832,0.08795338,1.31421471,-0.48059422,0.00000000,-0.49297470,-0.21850325,-0.01818895,1.10455143,-0.49060932,0.00000002,-0.24707042,-0.02208658,0.19777551,-0.06819270,0.65931785,-0.80938560,0.04071339,0.06910708,-0.00054917,0.00000000,-0.80164319,-1.42671728,0.35285860,-0.56346160,0.26468411,-0.02698919,0.00000001
-0.32146987,0.76303589,0.94735092,-0.04762086,0.24491404,0.96817446,-0.01968741,-0.67986459,0.23803495,0.08402279,1.31514215,-0.48160580,0.00000000,-0.48540369,-0.21680325,-0.02284488,1.09800673,-0.48852649,0.00000002,-0.25192612,-0.02554903,0.19460662,-0.05949708,0.66393059,-0.81568116,0.03283378,0.07218250,-0.00127576,0.00000000,-0.81149441,-1.43776643,0.34464952,-0.57968819,0.26298025,-0.02891855,0.00000001
-0.31456360,0.76681721,0.94954771,-0.04393370,0.24774605,0.96759164,-0.02140266,-0.68564081,0.24247667,0.08035029,1.31603754,-0.48268938,0.00000000,-0.47834322,-0.21655037,-0.02710686,1.09312582,-0.48678926,0.00000002,-0.25211081,-0.02781423,0.19416648,-0.05432574,0.67005545,-0.82092506,0.02519125,0.07518768,-0.00183602,0.00000000,-0.82094187,-1.44504380,0.33873993,-0.59075648,0.26113471,-0.03000474,0.00000001
-0.30681521,0.77055323,0.95157063,-0.03929254,0.25114277,0.96687812,-0.02302532,-0.69264811,0.24631067,0.07657783,1.31702018,-0.48386854,0.00000000,-0.47150454,-0.21683663,-0.03125393,1.08880734,-0.48521507,0.00000002,-0.25076896,-0.03001499,0.19468804,-0.05041473,0.67664099,-0.82579726,0.01771695,0.07816983,-0.00232159,0.00000000,-0.83022040,-1.45101833,0.33362865,-0.60015076,0.25925061,-0.03084384,0.00000001
-0.29738265,0.77419859,0.95324582,-0.03274356,0.25566813,0.96590024,-0.02446269,-0.70211750,0.24892920,0.07260541,1.31817663,-0.48523903,0.00000000,-0.46510944,-0.21820094,-0.03517122,1.08561432,-0.48396721,0.00000002,-0.24637376,-0.03208686,0.19713289,-0.04902441,0.68414807,-0.82992589,0.01057907,0.08110597,-0.00265779,0.00000000,-0.83916086,-1.45438707,0.33011359,-0.60619694,0.25728941,-0.03118872,0.00000001
-0.28358191,0.77877337,0.95464659,-0.02449434,0.25982344,0.96503049,-0.02465768,-0.71501768,0.25117484,0.06810614,1.31932735,-0.48683614,0.00000000,-0.45810515,-0.22107071,-0.03865767,1.08384752,-0.48292381,0.00000002,-0.23881158,-0.03478597,0.20116654,-0.05052690,0.69266397,-0.83288628,0.00386072,0.08398090,-0.00282087,0.00000000,-0.84787095,-1.45504212,0.32814300,-0.60943830,0.25525644,-0.03119834,0.00000001
-0.26759711,0.78381282,0.95591021,-0.01539382,0.26377776,0.96415621,-0.02422998,-0.72963345,0.25323394,0.06334349,1.32047498,-0.48854670,0.00000000,-0.45079622,-0.22469307,-0.04192869,1.08279324,-0.48198265,0.00000002,-0.22966598,-0.03779870,0.20599456,-0.05347579,0.70168447,-0.83526278,-0.00264786,0.08682527,-0.00289740,0.00000000,-0.85646605,-1.45434046,0.32694444,-0.61127728,0.25318772,-0.03104033,0.00000001
-0.26361924,0.78705209,0.95461792,-0.00932098,0.26908058,0.96279651,-0.02305701,-0.74634069,0.25619021,0.05657961,1.32190597,-0.49029785,0.00000000,-0.44363013,-0.23120016,-0.04419355,1.08314466,-0.48076880,0.00000002,-0.21784233,-0.04179108,0.21092460,-0.06107691,0.71203923,-0.83562279,-0.00851708,0.08956731,-0.00267340,0.00000000,-0.86467791,-1.45004022,0.32757023,-0.61023360,0.25109121,-0.03078955,0.00000001
-0.25983256,0.79121673,0.95274055,-0.00342121,0.27436027,0.96137816,-0.02160569,-0.76383531,0.25947094,0.04905134,1.32323420,-0.49192518,0.00000000,-0.43580589,-0.23856172,-0.04612001,1.08431828,-0.47908565,0.00000002,-0.20501700,-0.04632569,0.21550024,-0.07018209,0.72272068,-0.83534068,-0.01425028,0.09228674,-0.00236379,0.00000000,-0.87272543,-1.44453359,0.32881090,-0.60843968,0.24899366,-0.03056015,0.00000001
-0.25642815,0.79723197,0.94969296,0.00213138,0.27961239,0.95991051,-0.01959942,-0.78290433,0.26340052,0.03999429,1.32435739,-0.49330488,0.00000000,-0.42666537,-0.24763234,-0.04736964,1.08713567,-0.47646427,0.00000002,-0.19018839,-0.05194476,0.21936707,-0.08229536,0.73405564,-0.83377457,-0.01971143,0.09496099,-0.00188295,0.00000000,-0.88044465,-1.43661463,0.33128124,-0.60514480,0.24689390,-0.03037351,0.00000001
-0.25324419,0.80378747,0.94611597,0.00710111,0.28468809,0.95843333,-0.01754412,-0.80208552,0.26726577,0.03001346,1.32577789,-0.49438417,0.00000000,-0.41634616,-0.25781059,-0.04803720,1.09182239,-0.47203511,0.00000002,-0.17429993,-0.05799041,0.22180814,-0.09769716,0.74552524,-0.83105576,-0.02523682,0.09764773,-0.00128689,0.00000000,-0.88699794,-1.42636061,0.33540109,-0.60015839,0.24480589,-0.03016669,0.00000001
-0.25017044,0.81061310,0.94227427,0.01177908,0.28966886,0.95692950,-0.01546397,-0.82132250,0.27109879,0.01957074,1.32734752,-0.49531320,0.00000000,-0.40543750,-0.26854265,-0.04841372,1.09744382,-0.46670219,0.00000002,-0.15788157,-0.06424935,0.22353640,-0.11474321,0.75706214,-0.82776058,-0.03079434,0.10034073,-0.00063322,0.00000000,-0.89296824,-1.41493952,0.34034577,-0.59432614,0.24272364,-0.02994979,0.00000001
-0.24906848,0.82101482,0.93777919,0.01531489,0.29674616,0.95473397,-0.01379157,-0.84026080,0.27363965,0.00854906,1.32957768,-0.49572334,0.00000000,-0.39187205,-0.28031364,-0.04754619,1.10659492,-0.45713806,0.00000002,-0.13982327,-0.07049472,0.22208102,-0.13768159,0.76863736,-0.82219207,-0.03704368,0.10306675,0.00008931,0.00000000,-0.89660376,-1.39988625,0.34812531,-0.58583480,0.24067307,-0.02964433,0.00000001
-0.24750425,0.83205843,0.93338549,0.01870832,0.30351454,0.95255274,-0.01312030,-0.85810453,0.27449942,-0.00178392,1.33244669,-0.49576929,0.00000000,-0.37761548,-0.29154059,-0.04659909,1.11737359,-0.44574556,0.00000002,-0.12129740,-0.07604143,0.21902730,-0.16334486,0.77981395,-0.81571174,-0.04403017,0.10581186,0.00073064,0.00000000,-0.89925325,-1.38336599,0.35701957,-0.57611853,0.23863266,-0.02919899,0.00000001
-0.24501540,0.84438556,0.92919457,0.02181804,0.30968884,0.95047772,-0.01445246,-0.87375945,0.27199703,-0.01073951,1.33659303,-0.49508718,0.00000000,-0.36197671,-0.30167928,-0.04549285,1.13140750,-0.43069649,0.00000002,-0.10183649,-0.08019092,0.21277684,-0.19445790,0.79019356,-0.80740738,-0.05249096,0.10859516,0.00120958,0.00000000,-0.89993113,-1.36391127,0.36814347,-0.56395292,0.23661247,-0.02847389,0.00000001
-0.24241112,0.85808748,0.92568362,0.02576061,0.31877854,0.94729751,-0.01854523,-0.88594437,0.26512906,-0.01721596,1.34246719,-0.49347430,0.00000000,-0.34533873,-0.30964160,-0.04444842,1.14996064,-0.41159919,0.00000002,-0.08171961,-0.08204731,0.20263572,-0.23249494,0.79918933,-0.79670894,-0.06327406,0.11140615,0.00135141,0.00000000,-0.89821047,-1.34124327,0.38195091,-0.54928207,0.23461978,-0.02739899,0.00000001
-0.23974912,0.87247670,0.92251259,0.03011617,0.32928512,0.94344455,-0.02401578,-0.89639455,0.25607827,-0.02245283,1.34920502,-0.49139625,0.00000000,-0.32820109,-0.31651571,-0.04343491,1.17077327,-0.39047769,0.00000002,-0.06127478,-0.08275719,0.19054931,-0.27399400,0.80749303,-0.78481340,-0.07521833,0.11423099,0.00132468,0.00000000,-0.89529061,-1.31696868,0.39710000,-0.53335869,0.23264080,-0.02614920,0.00000001
-0.23812489,0.88904226,0.92195076,0.03652215,0.34597248,0.93700045,-0.03161320,-0.90079850,0.24018410,-0.02353211,1.35745895,-0.48764962,0.00000000,-0.31109318,-0.31885195,-0.04353011,1.20036948,-0.36525655,0.00000002,-0.04003457,-0.07933374,0.17309684,-0.32725629,0.81241709,-0.76900035,-0.09179535,0.11708103,0.00052884,0.00000000,-0.88822979,-1.28767002,0.41712666,-0.51357299,0.23070736,-0.02422039,0.00000001
-0.23596577,0.90729010,0.92283189,0.04310845,0.36344674,0.92977858,-0.03949551,-0.90213436,0.22184899,-0.02342657,1.36634374,-0.48315528,0.00000000,-0.29566976,-0.31903198,-0.04480979,1.23340452,-0.33974677,0.00000002,-0.01896709,-0.07444059,0.15443516,-0.38422564,0.81599575,-0.75190103,-0.11001050,0.11991150,-0.00055943,0.00000000,-0.87954724,-1.25698006,0.43898717,-0.49251834,0.22879837,-0.02203152,0.00000001
-0.23273683,0.92890257,0.92659885,0.05006376,0.38259798,0.92131042,-0.04795368,-0.89733374,0.19863214,-0.02095137,1.37648976,-0.47716540,0.00000000,-0.28361520,-0.31489953,-0.04845840,1.27331710,-0.31365961,0.00000002,0.00175490,-0.06660797,0.13335498,-0.44860905,0.81688398,-0.73222882,-0.13150187,0.12270293,-0.00223252,0.00000000,-0.86762112,-1.22350836,0.46451533,-0.46892577,0.22693841,-0.01932250,0.00000001
-0.22978944,0.95248497,0.93363726,0.05852773,0.40839213,0.90913790,-0.05708436,-0.88545072,0.17039058,-0.01598174,1.38700747,-0.46954671,0.00000000,-0.27531451,-0.30598760,-0.05504235,1.32159531,-0.28812638,0.00000002,0.02279680,-0.05470090,0.10938923,-0.51998055,0.81517613,-0.70974225,-0.15621656,0.12542468,-0.00452511,0.00000000,-0.85235626,-1.18754995,0.49378344,-0.44307727,0.22516157,-0.01609341,0.00000001
-0.22698280,0.97705227,0.94231129,0.06769458,0.43716013,0.89436352,-0.06650085,-0.87002623,0.13963681,-0.00976488,1.39771056,-0.46111354,0.00000000,-0.26889080,-0.29468581,-0.06309398,1.37405694,-0.26287010,0.00000002,0.04399865,-0.04075660,0.08398071,-0.59484583,0.81217033,-0.68584824,-0.18254295,0.12811156,-0.00712746,0.00000000,-0.83542198,-1.15034831,0.52492154,-0.41610095,0.22342622,-0.01260429,0.00000001
-0.22673367,0.99441570,0.95595664,0.08173952,0.47317371,0.87370735,-0.07785055,-0.84785986,0.10396384,-0.00193996,1.40654802,-0.45094132,0.00000000,-0.26676336,-0.27752760,-0.07403234,1.44001627,-0.24098134,0.00000002,0.06511177,-0.02150436,0.05769232,-0.67246914,0.80669594,-0.66058910,-0.21037832,0.13058695,-0.01006803,0.00000000,-0.81375843,-1.11129808,0.56048661,-0.38755584,0.22186550,-0.00880889,0.00000001
-0.22735143,1.00981355,0.97000521,0.09397360,0.50993699,0.85035074,-0.08964854,-0.82363582,0.06930725,0.00444244,1.41341698,-0.44042745,0.00000000,-0.26820552,-0.25960961,-0.08508045,1.50730932,-0.22090869,0.00000002,0.08371740,-0.00227520,0.03257499,-0.74627799,0.80075955,-0.63737339,-0.23646371,0.13300076,-0.01273595,0.00000000,-0.79294521,-1.07356942,0.59421504,-0.35939243,0.22049804,-0.00531370,0.00000001
-0.22970296,1.02128029,0.98486024,0.10270006,0.54893821,0.82317883,-0.10245063,-0.79529625,0.03668337,0.00793977,1.41634870,-0.42923003,0.00000000,-0.27678689,-0.24017230,-0.09634806,1.57726955,-0.20446819,0.00000002,0.09730805,0.01690777,0.00979976,-0.81245810,0.79389888,-0.61824477,-0.25904912,0.13529140,-0.01485859,0.00000000,-0.77383316,-1.03848338,0.62427020,-0.33199251,0.21951707,-0.00241897,0.00000001
-0.23240702,1.02881694,0.99583870,0.10603823,0.58079106,0.79977417,-0.10862286,-0.76891148,0.00999191,0.00603306,1.41047490,-0.41851404,0.00000000,-0.29234448,-0.22055690,-0.10591085,1.64316916,-0.19154817,0.00000002,0.10384414,0.03296816,-0.00687534,-0.86248994,0.78623801,-0.60781819,-0.27451593,0.13760294,-0.01591163,0.00000000,-0.76127136,-1.00754893,0.64517242,-0.30695751,0.21910614,-0.00070178,0.00000001
-0.23528734,1.03438854,1.00487900,0.10665407,0.60890275,0.77810133,-0.11144803,-0.74350393,-0.01373331,0.00142433,1.40019858,-0.40803879,0.00000000,-0.31139031,-0.20085235,-0.11462118,1.70703852,-0.18038839,0.00000002,0.10685301,0.04746724,-0.02050036,-0.90444785,0.77817702,-0.60174251,-0.28642350,0.13992491,-0.01642987,0.00000000,-0.75198495,-0.97869021,0.66149843,-0.28310513,0.21898028,0.00042662,0.00000001
-0.23962945,1.03266633,1.01279700,0.10456707,0.63479638,0.75690800,-0.11484565,-0.72299701,-0.02888238,-0.01013142,1.37502944,-0.39875725,0.00000000,-0.34025049,-0.18007183,-0.12038912,1.76096201,-0.17406049,0.00000002,0.10093652,0.05676409,-0.02349833,-0.91865778,0.76959890,-0.61044979,-0.28701535,0.14240342,-0.01538564,0.00000000,-0.75444883,-0.95580226,0.66260505,-0.26412538,0.21973129,-0.00054140,0.00000001
-0.24264608,1.03263974,1.01938128,0.10023247,0.65849912,0.73694271,-0.11509909,-0.70426255,-0.04163434,-0.02290725,1.34676576,-0.38999072,0.00000000,-0.37453821,-0.15912004,-0.12597074,1.80810487,-0.16956739,0.00000002,0.09212711,0.06388917,-0.02111603,-0.92205423,0.76078618,-0.62513602,-0.28374368,0.14498423,-0.01384923,0.00000000,-0.76030624,-0.93523997,0.65905666,-0.24643226,0.22075202,-0.00213386,0.00000001
-0.24301177,1.03600407,1.02329826,0.09154932,0.67866725,0.72048616,-0.10922085,-0.68907255,-0.04959204,-0.03812322,1.31231236,-0.38225418,0.00000000,-0.41968122,-0.13782568,-0.13117966,1.84168649,-0.16874397,0.00000002,0.07753184,0.06667063,-0.00797322,-0.90382379,0.75150478,-0.65178019,-0.27274507,0.14776964,-0.01132844,0.00000000,-0.77295035,-0.91932923,0.64619857,-0.23131236,0.22231212,-0.00497521,0.00000001
-0.24445620,1.03856242,1.02538121,0.08875526,0.69690746,0.70378512,-0.10549399,-0.68093163,-0.05418001,-0.05448306,1.27653110,-0.37640497,0.00000000,-0.47203979,-0.11722535,-0.13515580,1.85735738,-0.17085181,0.00000002,0.06095357,0.06311571,0.01773310,-0.86365908,0.74279302,-0.69012690,-0.25501075,0.15075646,-0.00801242,0.00000000,-0.79020143,-0.90787297,0.62634766,-0.21713513,0.22433464,-0.00861235,0.00000001
-0.24644002,1.04071760,1.02654731,0.08888684,0.71401805,0.68680817,-0.10282026,-0.67631549,-0.05708309,-0.07141481,1.24008608,-0.37149939,0.00000000,-0.52800608,-0.09697197,-0.13851552,1.86407328,-0.17442529,0.00000002,0.04338380,0.05639254,0.04972118,-0.81252742,0.73436594,-0.73432481,-0.23390868,0.15384395,-0.00429877,0.00000000,-0.80975574,-0.89864397,0.60300046,-0.20342922,0.22658841,-0.01264740,0.00000001
-0.24223652,1.03031206,1.02596569,0.07792339,0.73634768,0.66598696,-0.09045115,-0.67600405,-0.06037447,-0.08557009,1.21581447,-0.37021920,0.00000000,-0.59471625,-0.08635918,-0.13527173,1.83507168,-0.18228520,0.00000002,0.02827162,0.04852071,0.09317593,-0.74972874,0.72710258,-0.78392977,-0.21399517,0.15661366,-0.00156617,0.00000000,-0.81909198,-0.89375079,0.58367640,-0.18332183,0.22905698,-0.01530725,0.00000001
-0.23750786,1.01972520,1.02200103,0.06087541,0.76361978,0.63833082,-0.07558263,-0.67725503,-0.06399540,-0.09864513,1.19617045,-0.37022516,0.00000000,-0.66369545,-0.07930457,-0.12942223,1.79525173,-0.19094269,0.00000002,0.01510660,0.04025305,0.13988335,-0.68411541,0.72059739,-0.83456665,-0.19481087,0.15925580,0.00085253,0.00000000,-0.82432818,-0.89010096,0.56641674,-0.16030130,0.23158412,-0.01729408,0.00000001
-0.23172888,1.00877583,1.01126993,0.03166058,0.80002666,0.59653425,-0.05569466,-0.68163097,-0.06827546,-0.10955977,1.18578124,-0.37280342,0.00000000,-0.73721278,-0.07936630,-0.11836120,1.73379481,-0.20119542,0.00000002,0.00583592,0.03119371,0.19309618,-0.61287260,0.71560878,-0.88726765,-0.17708500,0.16164275,0.00264344,0.00000000,-0.82136488,-0.88893783,0.55328584,-0.13145432,0.23422822,-0.01793488,0.00000001
-0.22415316,1.00195372,1.00481582,0.01315027,0.82979804,0.55609113,-0.04499921,-0.69242811,-0.07611211,-0.11646126,1.17864370,-0.37712622,0.00000000,-0.79967242,-0.08243221,-0.10461057,1.66755164,-0.21020758,0.00000002,0.00144272,0.02622144,0.24372649,-0.54697543,0.71395993,-0.93275946,-0.16355573,0.16361797,0.00362001,0.00000000,-0.80850846,-0.89002776,0.54591143,-0.09561639,0.23693150,-0.01683192,0.00000001
-0.21567906,0.99719542,1.00050020,0.00002303,0.85567075,0.51605690,-0.03889499,-0.70643592,-0.08572707,-0.12135621,1.17313170,-0.38232124,0.00000000,-0.85660332,-0.08700019,-0.08951508,1.59891534,-0.21859953,0.00000002,-0.00051173,0.02329268,0.29306549,-0.48375115,0.71398139,-0.97464663,-0.15212469,0.16538738,0.00418942,0.00000000,-0.79070568,-0.89224428,0.54141545,-0.05628297,0.23966445,-0.01485710,0.00000001
-0.20494275,0.99295366,0.99443167,-0.00059405,0.87419772,0.48401454,-0.03883163,-0.72898716,-0.09915880,-0.12117065,1.16971254,-0.39001939,0.00000000,-0.89558768,-0.09475689,-0.07063358,1.52953553,-0.22466350,0.00000002,0.00218665,0.02664942,0.33481294,-0.43038395,0.71893680,-1.00437891,-0.14609924,0.16651323,0.00392149,0.00000000,-0.76182437,-0.89900047,0.54295057,-0.00829153,0.24247563,-0.01072955,0.00000001
-0.19449154,0.99058712,0.98596054,-0.00005576,0.89147359,0.45125711,-0.04051983,-0.75391150,-0.11342720,-0.11955824,1.16656053,-0.39850205,0.00000000,-0.93155295,-0.10357556,-0.05064848,1.46022081,-0.23040664,0.00000002,0.00593335,0.03247168,0.37626496,-0.38009143,0.72523153,-1.03045070,-0.14154948,0.16743883,0.00344996,0.00000000,-0.72893900,-0.90701950,0.54686308,0.04264271,0.24528673,-0.00575004,0.00000001
-0.18461049,0.99197114,0.97268414,0.00279151,0.90739739,0.41776562,-0.04576067,-0.78358179,-0.12936890,-0.11509226,1.16394281,-0.40855333,0.00000000,-0.96147966,-0.11451821,-0.02845618,1.39103615,-0.23550814,0.00000002,0.01177671,0.04322495,0.41712630,-0.33594835,0.73420531,-1.04920077,-0.13995099,0.16796412,0.00257121,0.00000000,-0.68804520,-0.91756433,0.55553037,0.09946254,0.24809776,0.00093336,0.00000001
-0.17506132,0.99545181,0.95550919,0.00982483,0.91995698,0.38799727,-0.05514257,-0.81339526,-0.14385815,-0.10965344,1.16163194,-0.41928750,0.00000000,-0.98750466,-0.12702501,-0.00534459,1.32592618,-0.24056844,0.00000002,0.01702928,0.05745571,0.45446694,-0.29740959,0.74519342,-1.06181622,-0.14014590,0.16812721,0.00154830,0.00000000,-0.64422250,-0.93092525,0.56578845,0.15782489,0.25083703,0.00820705,0.00000001
-0.16567807,0.99998081,0.93638498,0.01894216,0.93040735,0.35993436,-0.06656379,-0.84328026,-0.15762123,-0.10372820,1.15947437,-0.43036306,0.00000000,-1.01157892,-0.14031391,0.01822664,1.26285350,-0.24560814,0.00000002,0.02198643,0.07342522,0.49004728,-0.26167294,0.75718862,-1.07136428,-0.14123754,0.16810927,0.00045331,0.00000000,-0.59893548,-0.94569427,0.57684207,0.21695851,0.25354031,0.01577589,0.00000001
-0.15941273,1.00629675,0.92105520,0.03157203,0.93466711,0.34540129,-0.07809313,-0.86682028,-0.16649483,-0.09907801,1.15627646,-0.44015417,0.00000000,-1.02589583,-0.15256545,0.03883511,1.21247721,-0.25041783,0.00000002,0.02422002,0.08798207,0.50803423,-0.23396407,0.76977581,-1.07425237,-0.14467564,0.16774218,-0.00083761,0.00000000,-0.56159538,-0.96466756,0.58411193,0.26863992,0.25592941,0.02161009,0.00000001
-0.15306380,1.01324821,0.90723550,0.04406241,0.93858439,0.33075640,-0.08785228,-0.88656259,-0.17446814,-0.09497897,1.15194190,-0.44871053,0.00000000,-1.03580213,-0.16336665,0.05734805,1.16639769,-0.25470871,0.00000002,0.02673969,0.10085002,0.52003479,-0.20781262,0.78240776,-1.07627857,-0.14817940,0.16733204,-0.00204981,0.00000000,-0.53134960,-0.98492247,0.58810419,0.31480759,0.25815961,0.02608104,0.00000001
-0.14654770,1.02147067,0.89643592,0.05628702,0.94236743,0.31609821,-0.09411294,-0.89870900,-0.18064086,-0.09198236,1.14533353,-0.45479736,0.00000000,-1.03688741,-0.17126697,0.07166997,1.12891126,-0.25796193,0.00000002,0.02983152,0.11034017,0.52006257,-0.18477614,0.79512936,-1.07658052,-0.15181446,0.16683576,-0.00310456,0.00000000,-0.51529205,-1.00774074,0.58554161,0.34994775,0.26007193,0.02782548,0.00000001
-0.14796807,1.02981532,0.88972199,0.06929237,0.94723278,0.29711905,-0.09833043,-0.90143615,-0.18579292,-0.08963700,1.13589370,-0.45763442,0.00000000,-1.03056359,-0.17508227,0.08118398,1.09658718,-0.25960222,0.00000002,0.03292669,0.11555395,0.52005547,-0.16353276,0.80774242,-1.07652271,-0.15485640,0.16629085,-0.00386713,0.00000000,-0.51267254,-1.03426647,0.57652718,0.37504646,0.26163021,0.02714279,0.00000001
-0.15335664,1.03822112,0.88505083,0.08265629,0.95224464,0.27586040,-0.10148451,-0.89945352,-0.19043459,-0.08761726,1.12503779,-0.45884675,0.00000000,-1.02053535,-0.17685498,0.08829403,1.06684470,-0.26043600,0.00000002,0.03602352,0.11862954,0.52003103,-0.14318600,0.82030135,-1.07628500,-0.15760179,0.16572167,-0.00448361,0.00000000,-0.51677167,-1.06264555,0.56428695,0.39512435,0.26301140,0.02524654,0.00000001
-0.15240952,1.05116129,0.88660491,0.08843288,0.95519954,0.26240602,-0.10448173,-0.88469553,-0.19157086,-0.08807381,1.10889006,-0.45455861,0.00000000,-0.99737018,-0.17340051,0.08916264,1.04056013,-0.25761616,0.00000002,0.03673219,0.11046342,0.50500035,-0.12486589,0.83044565,-1.07667089,-0.16087292,0.16511962,-0.00508381,0.00000000,-0.53720766,-1.10030198,0.54294646,0.40457433,0.26395971,0.02067636,0.00000001
-0.15258679,1.06357253,0.88962233,0.09265094,0.95777440,0.25050437,-0.10644960,-0.86594278,-0.19179481,-0.08887707,1.09144151,-0.44849521,0.00000000,-0.97181618,-0.16855237,0.08853833,1.01444256,-0.25330913,0.00000002,0.03623163,0.09995381,0.48377079,-0.10692109,0.83964807,-1.07732368,-0.16452804,0.16451256,-0.00575825,0.00000000,-0.56034750,-1.14082348,0.51994467,0.41272697,0.26476675,0.01583646,0.00000001
-0.15501283,1.07492602,0.89556640,0.09378085,0.95990616,0.24179700,-0.10639327,-0.83920056,-0.19019401,-0.09037381,1.07139134,-0.43888131,0.00000000,-0.94148415,-0.16091698,0.08492806,0.98865861,-0.24602789,0.00000002,0.03331262,0.08475728,0.45014346,-0.08972692,0.84696621,-1.07851088,-0.16895114,0.16389544,-0.00658117,0.00000000,-0.58889496,-1.18707454,0.49362022,0.41828519,0.26529127,0.01045713,0.00000001
-0.15314512,1.07811046,0.90521353,0.08472890,0.96363831,0.23359849,-0.09825456,-0.80541545,-0.18832989,-0.09189840,1.04961109,-0.42643493,0.00000000,-0.90745240,-0.15018873,0.07874906,0.96294034,-0.23594651,0.00000002,0.02866314,0.06487017,0.40510964,-0.07332242,0.85251099,-1.08000731,-0.17401612,0.16324587,-0.00755776,0.00000000,-0.62238991,-1.23955321,0.46403477,0.42344156,0.26560897,0.00497704,0.00000001
-0.14913054,1.07721031,0.91671222,0.07055862,0.96784967,0.22557728,-0.08604265,-0.76810867,-0.18633413,-0.09343693,1.02696586,-0.41257238,0.00000000,-0.87157094,-0.13791399,0.07128568,0.93725479,-0.22446500,0.00000002,0.02314844,0.04263783,0.35437268,-0.05731281,0.85716927,-1.08165860,-0.17940207,0.16258004,-0.00861117,0.00000000,-0.65835863,-1.29514527,0.43281871,0.42839703,0.26582327,-0.00055342,0.00000001
-0.15184088,1.08454525,0.92602438,0.06911474,0.96870750,0.22215857,-0.08645508,-0.73326272,-0.18634740,-0.09314782,1.00094652,-0.39738977,0.00000000,-0.84346092,-0.12445281,0.06343640,0.91107213,-0.21225630,0.00000002,0.01514093,0.02939940,0.31637034,-0.04046577,0.86281657,-1.08379006,-0.18130089,0.16191241,-0.00887761,0.00000000,-0.68268275,-1.35020077,0.40897217,0.44844893,0.26570445,-0.00124914,0.00000001
-0.15432303,1.09169340,0.93621367,0.06769943,0.96923524,0.22043651,-0.08606754,-0.69886667,-0.18700509,-0.09252115,0.97460616,-0.38217834,0.00000000,-0.81759089,-0.11099630,0.05580249,0.88511294,-0.20013548,0.00000002,0.00663176,0.01840784,0.28090364,-0.02359939,0.86874104,-1.08593690,-0.18215553,0.16124164,-0.00891550,0.00000000,-0.70459527,-1.40489447,0.38665712,0.47246578,0.26551649,-0.00069506,0.00000001
-0.15634881,1.09846807,0.94815737,0.06634252,0.96912086,0.22211197,-0.08408169,-0.66537088,-0.18895161,-0.09121940,0.94762373,-0.36690924,0.00000000,-0.79620093,-0.09754910,0.04859935,0.85960031,-0.18819039,0.00000002,-0.00288072,0.01191002,0.25050831,-0.00669432,0.87521946,-1.08811355,-0.18092172,0.16056450,-0.00849631,0.00000000,-0.72168463,-1.45886505,0.36740491,0.50441259,0.26519030,0.00235863,0.00000001
-0.15721993,1.10623896,0.95867187,0.06849006,0.96868676,0.22438103,-0.08129095,-0.63266706,-0.19068405,-0.09038426,0.92139810,-0.35194632,0.00000000,-0.77741981,-0.08513176,0.04215067,0.83610255,-0.17691503,0.00000002,-0.01194629,0.00856942,0.22278079,0.00941012,0.88161832,-1.09009910,-0.17831962,0.15988261,-0.00775847,0.00000000,-0.73701251,-1.51031911,0.34972164,0.53883719,0.26478985,0.00643369,0.00000001
-0.15751372,1.11450791,0.96847183,0.07238815,0.96806949,0.22694150,-0.07809585,-0.60035926,-0.19230941,-0.08978239,0.89555085,-0.33713642,0.00000000,-0.75994307,-0.07322931,0.03607921,0.81361198,-0.16597459,0.00000002,-0.02078840,0.00680742,0.19638720,0.02511425,0.88797742,-1.09198904,-0.17503339,0.15919839,-0.00686130,0.00000000,-0.75145972,-1.56051505,0.33282283,0.57450050,0.26435235,0.01101944,0.00000001
-0.15387811,1.11835039,0.98379368,0.06552625,0.96651155,0.23764078,-0.07133389,-0.57102710,-0.19208120,-0.09094179,0.87403488,-0.32395139,0.00000000,-0.73771793,-0.05763915,0.02734561,0.79822558,-0.15607236,0.00000002,-0.03019625,-0.00371012,0.16516206,0.03728064,0.89088315,-1.09369004,-0.17261384,0.15857302,-0.00610697,0.00000000,-0.77118886,-1.61019647,0.31268638,0.60429740,0.26421791,0.01431090,0.00000001
-0.15093511,1.12204719,0.99744135,0.05995107,0.96445698,0.24886395,-0.06553931,-0.54375643,-0.19077073,-0.09290639,0.85422593,-0.31153122,0.00000000,-0.71579933,-0.04255911,0.01869573,0.78443211,-0.14694123,0.00000002,-0.03876524,-0.01494162,0.13557695,0.04805507,0.89249992,-1.09527934,-0.17078342,0.15798342,-0.00546837,0.00000000,-0.79053533,-1.65679967,0.29337281,0.63118631,0.26414981,0.01707294,0.00000001
-0.14937738,1.12545264,1.00774074,0.05696531,0.96162874,0.26118690,-0.06169678,-0.52060854,-0.18729581,-0.09648128,0.83783060,-0.30064082,0.00000000,-0.69449377,-0.02849926,0.01021326,0.77382481,-0.13935219,0.00000002,-0.04565654,-0.02760101,0.10927179,0.05604557,0.89153832,-1.09664452,-0.17013127,0.15746529,-0.00506124,0.00000000,-0.80911660,-1.69724679,0.27570516,0.65225935,0.26421452,0.01877613,0.00000001
-0.15155742,1.12984145,1.01280260,0.05507017,0.95906228,0.27089378,-0.06150972,-0.50359070,-0.18538892,-0.09936982,0.82341576,-0.29164380,0.00000000,-0.67600405,-0.01467726,0.00138440,0.76492083,-0.13330473,0.00000002,-0.05015312,-0.03813075,0.09018511,0.06079479,0.88891524,-1.09727037,-0.17043529,0.15706740,-0.00482780,0.00000000,-0.82402569,-1.72790599,0.26199767,0.66728991,0.26426965,0.01950271,0.00000001
-0.15560636,1.13472176,1.01524568,0.05372018,0.95662069,0.27929017,-0.06315008,-0.48963788,-0.18426608,-0.10191520,0.80999112,-0.28359339,0.00000000,-0.65892220,-0.00097418,-0.00761765,0.75686860,-0.12802805,0.00000002,-0.05345235,-0.04759564,0.07470769,0.06392339,0.88546133,-1.09752643,-0.17121746,0.15672953,-0.00468122,0.00000000,-0.83709878,-1.75367129,0.25027022,0.67929912,0.26432002,0.01974097,0.00000001
-0.15865354,1.13667667,1.01470840,0.05198621,0.95252585,0.29391637,-0.06004306,-0.48336542,-0.18412554,-0.10381028,0.79979384,-0.27815703,0.00000000,-0.64498502,0.01356774,-0.01759695,0.75075674,-0.12454643,0.00000002,-0.05593439,-0.05759190,0.06598975,0.06284132,0.87974840,-1.09684598,-0.17298053,0.15660150,-0.00468695,0.00000000,-0.84668213,-1.76930666,0.24215531,0.68354249,0.26445970,0.01867404,0.00000001
-0.16183300,1.13922727,1.01372671,0.05090028,0.94739014,0.31064630,-0.05796492,-0.47875434,-0.18431526,-0.10552539,0.79061842,-0.27342039,0.00000000,-0.63290733,0.02816863,-0.02781018,0.74448156,-0.12154599,0.00000002,-0.05828479,-0.06775887,0.05960364,0.06052916,0.87353379,-1.09586358,-0.17500918,0.15653430,-0.00473862,0.00000000,-0.85508418,-1.78197467,0.23520231,0.68576646,0.26461414,0.01730990,0.00000001
-0.16527706,1.14296937,1.01185620,0.05111494,0.94025046,0.33159930,-0.05795012,-0.47746667,-0.18516541,-0.10688053,0.78348684,-0.27008331,0.00000000,-0.62454867,0.04288743,-0.03849128,0.73788011,-0.11950786,0.00000002,-0.06037193,-0.07826728,0.05788120,0.05575682,0.86631572,-1.09427738,-0.17756903,0.15658872,-0.00488221,0.00000000,-0.86112362,-1.78870809,0.23057318,0.68395108,0.26479828,0.01535135,0.00000001
-0.16765717,1.14675999,1.00988352,0.04923002,0.93262875,0.35306984,-0.05587227,-0.47790843,-0.18531419,-0.10825378,0.77764696,-0.26764908,0.00000000,-0.61969703,0.05578328,-0.04848863,0.73112720,-0.11807421,0.00000002,-0.06223210,-0.08865079,0.05879430,0.05004261,0.85923278,-1.09236741,-0.18008153,0.15668644,-0.00502054,0.00000000,-0.86576337,-1.79233956,0.22723320,0.67989153,0.26497352,0.01316462,0.00000001
-0.16950531,1.15057504,1.00785959,0.04628117,0.92449117,0.37468904,-0.05274681,-0.47921494,-0.18511230,-0.10963611,0.77245277,-0.26566607,0.00000000,-0.61659902,0.06776769,-0.05814410,0.72429866,-0.11694275,0.00000002,-0.06397881,-0.09897182,0.06102518,0.04385745,0.85221744,-1.09029543,-0.18257031,0.15680583,-0.00515626,0.00000000,-0.86970317,-1.79442012,0.22453785,0.67470992,0.26514423,0.01086379,0.00000001
-0.16807786,1.15275228,1.00614464,0.04278477,0.91706800,0.39299309,-0.05207846,-0.48104769,-0.18291223,-0.11135086,0.76940989,-0.26474246,0.00000000,-0.61626601,0.07435380,-0.06479692,0.71872050,-0.11644541,0.00000002,-0.06503756,-0.10739084,0.06446818,0.03843620,0.84638315,-1.08865047,-0.18463558,0.15692858,-0.00528499,0.00000000,-0.87213826,-1.79420543,0.22304964,0.66864479,0.26528296,0.00872501,0.00000001
-0.16605985,1.15522623,1.00421011,0.03682468,0.90885222,0.41229123,-0.05145326,-0.48232701,-0.18040742,-0.11307416,0.76721036,-0.26402348,0.00000000,-0.61677414,0.07903834,-0.07022449,0.71365732,-0.11612186,0.00000002,-0.06618851,-0.11482268,0.06756175,0.03350406,0.84129679,-1.08712900,-0.18644150,0.15703583,-0.00539666,0.00000000,-0.87418300,-1.79380524,0.22181511,0.66306615,0.26540208,0.00680761,0.00000001
-0.16286078,1.15829384,1.00183630,0.02595089,0.89926445,0.43365476,-0.05092658,-0.48249960,-0.17729315,-0.11481462,0.76669741,-0.26371378,0.00000000,-0.61896425,0.07991972,-0.07320154,0.70962399,-0.11614577,0.00000002,-0.06752383,-0.12028020,0.06995645,0.02955016,0.83770674,-1.08585453,-0.18772884,0.15711202,-0.00547420,0.00000000,-0.87544698,-1.79303455,0.22108810,0.65846020,0.26548195,0.00533296,0.00000001
-0.15884541,1.15019476,0.99811822,-0.01593198,0.87422228,0.48485947,-0.01982074,-0.40276828,-0.08622151,-0.05029664,0.82768995,-0.38263366,0.00000000,-0.53114289,0.07258550,-0.16602315,0.70481461,-0.13025104,0.00000001,-0.07769878,-0.08930428,0.19906196,-0.09141397,0.74816501,-1.08996081,-0.07603838,0.20485380,-0.00797761,0.00000000,-1.15837836,-1.55126953,0.24324059,0.57571048,0.10422424,0.00446254,0.00000001
-0.15442188,1.13651252,0.99372798,-0.07311073,0.83375818,0.54661638,0.02669630,-0.28308514,0.04882886,0.04735054,0.91943520,-0.56116837,0.00000000,-0.39831579,0.06114351,-0.30376709,0.69961733,-0.15139693,-0.00000000,-0.09229357,-0.04011165,0.39152279,-0.27088320,0.61564761,-1.09675729,0.09214099,0.27642837,-0.01169394,-0.00000000,-1.58214319,-1.18900776,0.27683288,0.45388874,-0.13770229,0.00389424,0.00000000
-0.14988115,1.13726318,0.98815447,-0.08244263,0.82144970,0.56385821,0.02207998,-0.28291681,0.05991171,0.04254656,0.92444062,-0.56409359,0.00000000,-0.39897299,0.04930091,-0.30000457,0.70040357,-0.15283214,-0.00000000,-0.09123711,-0.04358678,0.39247030,-0.27623230,0.61356366,-1.09510112,0.09260123,0.27660936,-0.01155511,-0.00000000,-1.58334243,-1.18312550,0.27859625,0.44963652,-0.13781098,0.00286745,0.00000000
-0.14539333,1.13800097,0.98213166,-0.09425295,0.80698282,0.58274412,0.01744682,-0.28281143,0.07391962,0.03661275,0.93080205,-0.56775957,0.00000000,-0.39957580,0.03375671,-0.29489586,0.70119315,-0.15451778,-0.00000000,-0.08956418,-0.04735697,0.39366731,-0.28259593,0.61120820,-1.09315288,0.09336382,0.27685535,-0.01136460,-0.00000000,-1.58469582,-1.17573166,0.28083128,0.44471297,-0.13795306,0.00169322,0.00000000
-0.14101131,1.13871276,0.97521037,-0.11102095,0.78835022,0.60499144,0.01278838,-0.28283179,0.09377767,0.02841930,0.93987560,-0.57290691,0.00000000,-0.40006986,0.01080932,-0.28709465,0.70198864,-0.15670428,-0.00000000,-0.08665831,-0.05171731,0.39536333,-0.29098877,0.60830969,-1.09062123,0.09473117,0.27723128,-0.01107072,-0.00000000,-1.58635747,-1.16531420,0.28400958,0.43844655,-0.13816184,0.00022410,0.00000000
-0.13696899,1.13977695,0.96865207,-0.12297183,0.76787013,0.62862450,0.00920275,-0.28450927,0.11717453,0.01907782,0.95023185,-0.57846081,0.00000000,-0.39810514,-0.01707310,-0.27693546,0.70304495,-0.15892118,-0.00000000,-0.08236437,-0.05528010,0.39753711,-0.30023637,0.60525960,-1.08775508,0.09676735,0.27770415,-0.01068171,-0.00000000,-1.58749664,-1.15271258,0.28814259,0.43241110,-0.13841781,-0.00116985,0.00000000
-0.13309652,1.14101720,0.96227545,-0.13243631,0.74603546,0.65257478,0.00615030,-0.28701526,0.14234075,0.00916232,0.96122950,-0.58421803,0.00000000,-0.39491111,-0.04742305,-0.26559725,0.70423126,-0.16115335,-0.00000000,-0.07737637,-0.05844410,0.39994976,-0.30991131,0.60213345,-1.08472157,0.09913800,0.27822542,-0.01024513,-0.00000000,-1.58837497,-1.13901854,0.29275301,0.42649108,-0.13869736,-0.00252623,0.00000000
-0.12932418,1.14161122,0.95559591,-0.13877928,0.73158973,0.66745549,0.00446100,-0.29034841,0.16488057,0.00191119,0.97277081,-0.58913201,0.00000000,-0.38894069,-0.07652953,-0.25421473,0.70427209,-0.16274436,-0.00000000,-0.07134231,-0.06041488,0.40173814,-0.31918338,0.59885055,-1.08217776,0.10213336,0.27886295,-0.00986213,-0.00000000,-1.58846629,-1.12363780,0.29823470,0.42244601,-0.13900846,-0.00339962,0.00000000
-0.12458079,1.13944089,0.94936943,-0.14480011,0.71658701,0.68229693,0.00263902,-0.29423311,0.18693285,-0.00482810,0.98391116,-0.59349781,0.00000000,-0.38170233,-0.10583504,-0.24255982,0.70378089,-0.16412388,-0.00000000,-0.06493910,-0.06196139,0.40319669,-0.32827470,0.59554446,-1.07977307,0.10528087,0.27953160,-0.00950451,-0.00000000,-1.58821821,-1.10773051,0.30406228,0.41917661,-0.13932589,-0.00408929,0.00000000
-0.11789527,1.13174164,0.94404924,-0.15023595,0.70080596,0.69735205,0.00055461,-0.29922110,0.20801000,-0.01054372,0.99424988,-0.59676701,0.00000000,-0.37192807,-0.13553861,-0.23036015,0.70222574,-0.16508044,-0.00000000,-0.05779753,-0.06265935,0.40399566,-0.33700445,0.59219211,-1.07764709,0.10873264,0.28026229,-0.00919762,-0.00000000,-1.58729160,-1.09076977,0.31058204,0.41745856,-0.13965599,-0.00441151,0.00000000
-0.11314755,1.12472308,0.93962657,-0.15409748,0.68758649,0.70956212,-0.00051467,-0.30425858,0.22622617,-0.01434711,1.00329947,-0.59855831,0.00000000,-0.36094201,-0.16277425,-0.21910325,0.69960123,-0.16569681,-0.00000000,-0.05030230,-0.06255106,0.40427685,-0.34496710,0.58877283,-1.07604980,0.11238930,0.28103745,-0.00899194,-0.00000000,-1.58542001,-1.07307470,0.31778947,0.41769898,-0.13998505,-0.00427781,0.00000000
-0.10936873,1.11804485,0.93565267,-0.15716261,0.67561382,0.72030878,-0.00107610,-0.30932087,0.24301173,-0.01719439,1.01170433,-0.59961057,0.00000000,-0.34934995,-0.18877588,-0.20831779,0.69644225,-0.16614309,-0.00000000,-0.04263028,-0.06203963,0.40429899,-0.35254616,0.58532017,-1.07471728,0.11614843,0.28183487,-0.00883687,-0.00000000,-1.58307672,-1.05501235,0.32534084,0.41891855,-0.14031364,-0.00391616,0.00000000
-0.10621285,1.11133206,0.93293685,-0.15910926,0.66675544,0.72809422,-0.00047787,-0.31434536,0.25629538,-0.01768463,1.01727903,-0.59815735,0.00000000,-0.33600882,-0.21083422,-0.19898458,0.69285619,-0.16630912,-0.00000000,-0.03475148,-0.06079276,0.40342832,-0.35892254,0.58159953,-1.07420540,0.12038775,0.28266439,-0.00877667,-0.00000000,-1.57948291,-1.03588033,0.33388898,0.42264009,-0.14059328,-0.00299808,0.00000000
-0.10287067,1.10608482,0.93101209,-0.15988977,0.65789145,0.73594421,-0.00058675,-0.31917897,0.26854968,-0.01750172,1.02171314,-0.59585148,0.00000000,-0.32212856,-0.23146072,-0.19017619,0.68955427,-0.16650806,-0.00000000,-0.02706105,-0.05934355,0.40225059,-0.36492807,0.57779342,-1.07394361,0.12484006,0.28349882,-0.00873108,-0.00000000,-1.57560313,-1.01647294,0.34268007,0.42698240,-0.14083727,-0.00194293,0.00000000
-0.09915584,1.10376859,0.93066937,-0.15836020,0.64911103,0.74402452,-0.00210983,-0.32363063,0.27874538,-0.01597254,1.02386642,-0.59184074,0.00000000,-0.30716991,-0.24922372,-0.18241742,0.68682009,-0.16677281,-0.00000000,-0.01974737,-0.05748965,0.40045872,-0.37019196,0.57381594,-1.07418227,0.12971838,0.28434327,-0.00871469,-0.00000000,-1.57115221,-0.99651480,0.35195720,0.43256623,-0.14100997,-0.00061366,0.00000000
-0.09586710,1.10222948,0.93157047,-0.15543106,0.64105874,0.75157923,-0.00368402,-0.32711858,0.28656647,-0.01286821,1.02366793,-0.58622384,0.00000000,-0.29156023,-0.26357606,-0.17581157,0.68496740,-0.16719556,-0.00000000,-0.01349992,-0.05493886,0.39765182,-0.37475666,0.56996870,-1.07477260,0.13520016,0.28518626,-0.00867887,-0.00000000,-1.56634033,-0.97648698,0.36140031,0.43897101,-0.14108041,0.00091027,0.00000000
-0.09279138,1.10107887,0.93309349,-0.15179338,0.63333404,0.75882727,-0.00528343,-0.33012459,0.29320037,-0.00897633,1.02229369,-0.57980382,0.00000000,-0.27562505,-0.27622312,-0.16978221,0.68355531,-0.16769730,-0.00000000,-0.00778557,-0.05203962,0.39433751,-0.37897173,0.56618625,-1.07553887,0.14098367,0.28602853,-0.00863334,-0.00000000,-1.56134760,-0.95642477,0.37092650,0.44578630,-0.14109966,0.00253153,0.00000000
-0.09489913,1.10223782,0.93612152,-0.14910865,0.62757123,0.76410174,-0.00833399,-0.33111924,0.29648283,-0.00276004,1.01782274,-0.57112038,0.00000000,-0.25880426,-0.28332853,-0.16557595,0.68439561,-0.16854753,-0.00000000,-0.00405965,-0.04871876,0.38875702,-0.38184369,0.56319940,-1.07679927,0.14821871,0.28687268,-0.00842086,-0.00000000,-1.55707729,-0.93663913,0.38011411,0.45229378,-0.14092521,0.00411691,0.00000000
-0.09739546,1.10495925,0.93957901,-0.14591028,0.62174708,0.76941007,-0.01220332,-0.33161640,0.29892546,0.00408232,1.01242292,-0.56170261,0.00000000,-0.24142924,-0.28878543,-0.16187266,0.68616587,-0.16955194,-0.00000000,-0.00091033,-0.04537914,0.38240084,-0.38434434,0.56053233,-1.07814932,0.15594706,0.28771812,-0.00814102,-0.00000000,-1.55318177,-0.91686976,0.38918674,0.45836878,-0.14068453,0.00562595,0.00000000
-0.10066891,1.11080539,0.94389534,-0.14169312,0.61583471,0.77482712,-0.01771018,-0.33111852,0.29968828,0.01217682,1.00516438,-0.55081618,0.00000000,-0.22294576,-0.29094529,-0.15917525,0.68979573,-0.17086466,-0.00000000,0.00108582,-0.04200203,0.37449318,-0.38610235,0.55850476,-1.07967901,0.16466212,0.28856623,-0.00772648,-0.00000000,-1.55003607,-0.89713305,0.39802969,0.46357945,-0.14031139,0.00698234,0.00000000
-0.10560525,1.11401153,0.94858772,-0.13898297,0.61038834,0.77950495,-0.02195168,-0.33010420,0.29866400,0.02166428,0.99619597,-0.53852010,0.00000000,-0.20361398,-0.28954384,-0.15764081,0.69501388,-0.17255181,-0.00000000,0.00216367,-0.03866994,0.36527920,-0.38708332,0.55704910,-1.08142388,0.17416315,0.28941861,-0.00722759,-0.00000000,-1.54748571,-0.87732518,0.40672836,0.46760446,-0.13981563,0.00813440,0.00000000
-0.11137303,1.11589754,0.95346802,-0.13702446,0.60516620,0.78380156,-0.02555994,-0.32883167,0.29674605,0.03184823,0.98637259,-0.52551931,0.00000000,-0.18385814,-0.28636181,-0.15668783,0.70102608,-0.17442620,-0.00000000,0.00278238,-0.03536037,0.35541210,-0.38767555,0.55587918,-1.08327627,0.18405712,0.29027322,-0.00668653,-0.00000000,-1.54523289,-0.85748142,0.41535509,0.47103670,-0.13925850,0.00918429,0.00000000
-0.11827955,1.12800455,0.95893550,-0.12780946,0.59654009,0.79170883,-0.03165052,-0.32727227,0.29116541,0.04462317,0.97437918,-0.51059729,0.00000000,-0.16128774,-0.27583754,-0.15811287,0.70984310,-0.17689103,-0.00000000,0.00250857,-0.03321023,0.34338555,-0.38748825,0.55510736,-1.08535361,0.19474769,0.29112083,-0.00607659,-0.00000000,-1.54433453,-0.83711064,0.42383832,0.47193503,-0.13851665,0.00977425,0.00000000
-0.12610658,1.13616264,0.96438396,-0.12112942,0.58904338,0.79814136,-0.03641293,-0.32608277,0.28565124,0.05746884,0.96154523,-0.49511367,0.00000000,-0.13865393,-0.26483503,-0.15941714,0.71804708,-0.17957942,-0.00000000,0.00220586,-0.03123398,0.33109853,-0.38688716,0.55453670,-1.08758748,0.20564383,0.29196265,-0.00546279,-0.00000000,-1.54378116,-0.81673729,0.43218565,0.47213081,-0.13770454,0.01026636,0.00000000
-0.13577458,1.13642323,0.96979463,-0.11957112,0.58404481,0.80194128,-0.03853123,-0.32563311,0.28026986,0.07045599,0.94703007,-0.47850719,0.00000000,-0.11589333,-0.25287595,-0.16047971,0.72502506,-0.18271506,-0.00000000,0.00184536,-0.02960552,0.31829038,-0.38545847,0.55436796,-1.09013426,0.21695116,0.29279292,-0.00484126,-0.00000000,-1.54391861,-0.79635829,0.44026130,0.47092134,-0.13675199,0.01056275,0.00000000
-0.14416273,1.13487804,0.97509104,-0.11754756,0.57790428,0.80659050,-0.04026214,-0.32607198,0.27520877,0.08332341,0.93084425,-0.46110085,0.00000000,-0.09244323,-0.24011618,-0.16114552,0.73036402,-0.18616293,-0.00000000,0.00143997,-0.02863540,0.30482823,-0.38358125,0.55457407,-1.09278440,0.22854584,0.29360965,-0.00420113,-0.00000000,-1.54496658,-0.77596831,0.44800222,0.46812856,-0.13565814,0.01063027,0.00000000
-0.15191095,1.13243020,0.98033029,-0.11528557,0.57116425,0.81162405,-0.04179731,-0.32695511,0.27030769,0.09613096,0.91382313,-0.44329458,0.00000000,-0.06864838,-0.22695611,-0.16161294,0.73488343,-0.18976697,-0.00000000,0.00101215,-0.02799444,0.29103893,-0.38147959,0.55496782,-1.09548628,0.24028420,0.29441962,-0.00355170,-0.00000000,-1.54646969,-0.75557286,0.45557582,0.46454424,-0.13449365,0.01058335,0.00000000
-0.15758733,1.12637031,0.98490351,-0.11217744,0.56470716,0.81658274,-0.04140823,-0.32915077,0.26541665,0.10874142,0.89455819,-0.42472345,0.00000000,-0.04521629,-0.21206436,-0.16183795,0.73584473,-0.19377641,-0.00000000,0.00091448,-0.02874170,0.27701733,-0.37894174,0.55540740,-1.09838152,0.25203970,0.29522118,-0.00293927,-0.00000000,-1.54911983,-0.73513550,0.46270344,0.45884100,-0.13312216,0.01026708,0.00000000
-0.16215546,1.12004459,0.98930329,-0.10820920,0.55718082,0.82233459,-0.04007690,-0.33172560,0.26034293,0.12127597,0.87475878,-0.40599501,0.00000000,-0.02199652,-0.19629559,-0.16211942,0.73568231,-0.19791695,-0.00000000,0.00094525,-0.03014226,0.26284564,-0.37641782,0.55585229,-1.10126054,0.26376516,0.29601988,-0.00232939,-0.00000000,-1.55235291,-0.71471047,0.46958548,0.45236129,-0.13167776,0.00984257,0.00000000
-0.16450706,1.11318755,0.99335641,-0.10252147,0.54751766,0.82967168,-0.03686140,-0.33505866,0.25490400,0.13365866,0.85389042,-0.38695210,0.00000000,0.00079858,-0.17877290,-0.16251372,0.73327231,-0.20231970,-0.00000000,0.00123290,-0.03284944,0.24837409,-0.37392178,0.55630773,-1.10410678,0.27543053,0.29681274,-0.00172465,-0.00000000,-1.55675137,-0.69431001,0.47597629,0.44432878,-0.13008757,0.00920158,0.00000000
-0.16668718,1.10189295,0.99666303,-0.09723015,0.53597826,0.83795178,-0.03332327,-0.34007969,0.25019473,0.14524390,0.83158636,-0.36804137,0.00000000,0.02304704,-0.16136611,-0.16226314,0.72856539,-0.20702195,-0.00000000,0.00186117,-0.03686411,0.23425709,-0.37169239,0.55686247,-1.10679269,0.28697872,0.29761171,-0.00110800,-0.00000000,-1.56209826,-0.67398149,0.48185322,0.43495509,-0.12834874,0.00838381,0.00000000
-0.16878155,1.08837962,0.99959654,-0.09212168,0.52341449,0.84656578,-0.02961876,-0.34594461,0.24585035,0.15643039,0.80856454,-0.34919676,0.00000000,0.04502219,-0.14401723,-0.16169018,0.72271007,-0.21187401,-0.00000000,0.00265975,-0.04153252,0.22031738,-0.36959633,0.55746716,-1.10939848,0.29846835,0.29841372,-0.00048540,-0.00000000,-1.56791914,-0.65368873,0.48747316,0.42491075,-0.12653559,0.00747765,0.00000000
-0.17382577,1.06636024,1.00025547,-0.08544800,0.50844336,0.85656470,-0.02192847,-0.35338596,0.24127452,0.16654868,0.78376013,-0.33102870,0.00000000,0.06370642,-0.12565722,-0.16123699,0.71428460,-0.21726862,-0.00000000,0.00374305,-0.04768113,0.20843211,-0.36783686,0.55809176,-1.11180949,0.30955821,0.29917702,0.00011915,-0.00000000,-1.57420552,-0.63359278,0.49244693,0.41325003,-0.12448400,0.00633442,0.00000000
-0.17771904,1.04805481,1.00058174,-0.08087905,0.49695423,0.86386585,-0.01519268,-0.36002532,0.23770908,0.17536514,0.75924551,-0.31309390,0.00000000,0.07966801,-0.10940262,-0.15984994,0.70520538,-0.22290958,-0.00000000,0.00394854,-0.05337553,0.19770008,-0.36626849,0.55895650,-1.11404312,0.32049006,0.29991382,0.00071824,-0.00000000,-1.57976389,-0.61431682,0.49703974,0.40147185,-0.12236311,0.00517847,0.00000000
-0.17931038,1.03717721,1.00024247,-0.08057854,0.49277759,0.86635417,-0.01038174,-0.36506075,0.23616429,0.18157797,0.73531014,-0.29562607,0.00000000,0.09018438,-0.09735899,-0.15659511,0.69481891,-0.22904313,-0.00000000,0.00239844,-0.05816156,0.18927445,-0.36508232,0.56030107,-1.11592233,0.33110586,0.30059776,0.00130639,-0.00000000,-1.58386624,-0.59668106,0.50087059,0.38945886,-0.12010361,0.00399709,0.00000000
-0.18120477,1.02690005,0.99941772,-0.08002052,0.48744434,0.86946607,-0.00484019,-0.36984095,0.23508859,0.18548235,0.71148723,-0.27896777,0.00000000,0.09711368,-0.08826116,-0.15189527,0.68494451,-0.23551168,-0.00000000,-0.00062715,-0.06183382,0.18303187,-0.36426771,0.56239361,-1.11734509,0.34135944,0.30123281,0.00189050,-0.00000000,-1.58642149,-0.58094674,0.50377667,0.37728265,-0.11772256,0.00275497,0.00000000
-0.18325065,1.01692319,0.99835008,-0.07932951,0.48150733,0.87284380,0.00106678,-0.37449366,0.23424737,0.18823251,0.68772048,-0.26271430,0.00000000,0.10224939,-0.08063630,-0.14647290,0.67532617,-0.24214770,-0.00000000,-0.00439049,-0.06494917,0.17788084,-0.36363873,0.56486005,-1.11853981,0.35143176,0.30184340,0.00247258,-0.00000000,-1.58820343,-0.56616306,0.50622022,0.36502492,-0.11528075,0.00148247,0.00000000
-0.18516912,1.00816655,0.99742943,-0.08089990,0.47800180,0.87461358,0.00454739,-0.37837872,0.23248969,0.18788911,0.66481197,-0.24806888,0.00000000,0.10207669,-0.07784905,-0.13863863,0.66777056,-0.24919315,-0.00000000,-0.01000855,-0.06515510,0.17579816,-0.36330038,0.56938118,-1.11885238,0.36091012,0.30236316,0.00304271,-0.00000000,-1.58820581,-0.55536771,0.50681877,0.35311019,-0.11267456,0.00017944,0.00000000
-0.18706146,0.99982530,0.99664301,-0.08230390,0.47437459,0.87643534,0.00747572,-0.38165751,0.22985837,0.18677637,0.64273840,-0.23379302,0.00000000,0.10041821,-0.07636833,-0.13018805,0.66113210,-0.25635704,-0.00000000,-0.01614984,-0.06406078,0.17429315,-0.36298805,0.57489431,-1.11880410,0.37024704,0.30285171,0.00363128,-0.00000000,-1.58820760,-0.54615474,0.50660187,0.34132859,-0.11001857,-0.00115474,0.00000000
-0.18890156,0.99231499,0.99612528,-0.08337788,0.47052053,0.87839174,0.00929961,-0.38372380,0.22547989,0.18412507,0.62233490,-0.22025646,0.00000000,0.09578823,-0.07750064,-0.12050503,0.65632802,-0.26375791,-0.00000000,-0.02333757,-0.06036596,0.17394342,-0.36272755,0.58239138,-1.11803472,0.37930086,0.30327794,0.00425671,-0.00000000,-1.58820820,-0.54010659,0.50475401,0.32981354,-0.10726294,-0.00255122,0.00000000
-0.19046934,0.98630136,0.99515837,-0.08447392,0.46825883,0.87947810,0.01077625,-0.38438815,0.21854970,0.18055743,0.60409415,-0.20740007,0.00000000,0.08780704,-0.08023081,-0.11015674,0.65303826,-0.27157718,-0.00000000,-0.03103389,-0.05395187,0.17499784,-0.36203179,0.59199452,-1.11667156,0.38792920,0.30363524,0.00488412,-0.00000000,-1.58820832,-0.53773385,0.50104916,0.31901252,-0.10441513,-0.00394660,0.00000000
-0.19190095,0.98103607,0.99396688,-0.08558125,0.46679479,0.88013214,0.01207929,-0.38435158,0.21034373,0.17653163,0.58693492,-0.19488361,0.00000000,0.07815029,-0.08375993,-0.09947588,0.65050578,-0.27960560,-0.00000000,-0.03898452,-0.04617815,0.17675428,-0.36111841,0.60265064,-1.11501169,0.39634466,0.30395812,0.00551253,-0.00000000,-1.58820808,-0.53719896,0.49641573,0.30856857,-0.10152119,-0.00534143,0.00000000
-0.19225469,0.97796488,0.99261206,-0.08921805,0.47019970,0.87785590,0.01792696,-0.38346475,0.19861035,0.17170389,0.57323599,-0.18354581,0.00000000,0.06399574,-0.08821234,-0.08860610,0.64969945,-0.28872484,-0.00000000,-0.04652752,-0.03537857,0.18089317,-0.35888994,0.61601347,-1.11270833,0.40383017,0.30417058,0.00609635,-0.00000000,-1.58820820,-0.54244918,0.48882046,0.29971081,-0.09852047,-0.00666847,0.00000000
-0.19310157,0.97539949,0.99138719,-0.09150845,0.47433102,0.87524801,0.02402383,-0.38314989,0.18657151,0.16663374,0.56044596,-0.17268723,0.00000000,0.04951188,-0.09245917,-0.07793580,0.64947903,-0.29824153,-0.00000000,-0.05361671,-0.02494031,0.18572831,-0.35643166,0.62947613,-1.11020267,0.41059452,0.30434769,0.00658888,-0.00000000,-1.58820820,-0.54937887,0.48051491,0.29148367,-0.09553514,-0.00796843,0.00000000
-0.19493473,0.97384560,0.99042207,-0.09111036,0.47993857,0.87202084,0.03061952,-0.38397893,0.17392191,0.16107871,0.54947376,-0.16278724,0.00000000,0.03436938,-0.09629481,-0.06766449,0.65043044,-0.30855334,-0.00000000,-0.05979829,-0.01522471,0.19195601,-0.35351360,0.64313793,-1.10729289,0.41591692,0.30445403,0.00689883,-0.00000000,-1.58820808,-0.55966759,0.47078890,0.28451785,-0.09258057,-0.00921422,0.00000000
-0.19542967,0.97283226,0.98941094,-0.08951607,0.48867896,0.86672252,0.04440464,-0.38679385,0.16133249,0.15515934,0.54002762,-0.15389824,0.00000000,0.01899712,-0.10022502,-0.05785944,0.65206444,-0.31934977,-0.00000000,-0.06462332,-0.00582845,0.19959123,-0.34955448,0.65704048,-1.10421789,0.41999671,0.30447248,0.00708344,-0.00000000,-1.58820879,-0.57354683,0.45953968,0.27922505,-0.08967379,-0.01032915,0.00000000
-0.19525552,0.97208917,0.98837680,-0.08729259,0.49881437,0.86008662,0.06176780,-0.39060172,0.14877318,0.14905782,0.53134453,-0.14551476,0.00000000,0.00350998,-0.10420246,-0.04828751,0.65403938,-0.33038843,-0.00000000,-0.06877007,0.00340813,0.20793024,-0.34507489,0.67106348,-1.10106027,0.42345512,0.30444703,0.00720539,-0.00000000,-1.58820963,-0.58922148,0.44752884,0.27476877,-0.08679087,-0.01137865,0.00000000
-0.19574587,0.96927881,0.98632342,-0.08133471,0.50838059,0.85428131,0.07167461,-0.39504340,0.13680831,0.14259852,0.52644151,-0.13876419,0.00000000,-0.01154999,-0.10684832,-0.04096290,0.65685445,-0.34148839,-0.00000000,-0.07080258,0.00840184,0.21708883,-0.33908617,0.68317211,-1.09805644,0.42439631,0.30425176,0.00702601,-0.00000000,-1.58821023,-0.60912442,0.43459374,0.27299508,-0.08416139,-0.01222997,0.00000000
-0.19594799,0.96637529,0.98422581,-0.07305576,0.52002883,0.84703577,0.08223937,-0.39965791,0.12549093,0.13603228,0.52262890,-0.13259564,0.00000000,-0.02664295,-0.10935198,-0.03451773,0.65978301,-0.35256994,-0.00000000,-0.07198196,0.01231054,0.22672237,-0.33229187,0.69457477,-1.09529305,0.42459264,0.30399871,0.00675689,-0.00000000,-1.58821034,-0.63043737,0.42139688,0.27230725,-0.08162855,-0.01297223,-0.00000000
-0.19557366,0.96328557,0.98203963,-0.06013912,0.53582954,0.83690661,0.09411309,-0.40461835,0.11546848,0.12925218,0.52099669,-0.12759118,0.00000000,-0.04180188,-0.11157130,-0.02983143,0.66293871,-0.36361450,-0.00000000,-0.07145515,0.01404923,0.23730583,-0.32388648,0.70456529,-1.09301102,0.42329901,0.30362985,0.00630829,-0.00000000,-1.58820987,-0.65456992,0.40767682,0.27379131,-0.07928906,-0.01349634,-0.00000000
-0.19445404,0.95896453,0.97947103,-0.04800812,0.55123204,0.82642561,0.10420738,-0.40757042,0.10640754,0.12232275,0.52224451,-0.12352911,0.00000000,-0.05821321,-0.11367112,-0.02735128,0.66606855,-0.37452671,-0.00000000,-0.07010009,0.01404103,0.24767159,-0.31402585,0.71347558,-1.09113944,0.42091462,0.30313432,0.00577933,-0.00000000,-1.58820999,-0.68154687,0.39348301,0.27746320,-0.07717245,-0.01379751,-0.00000000
-0.19296178,0.95402783,0.97671121,-0.03626173,0.56629133,0.81556338,0.11338238,-0.40951833,0.09782735,0.11531866,0.52493203,-0.11993822,0.00000000,-0.07525072,-0.11571117,-0.02597421,0.66918570,-0.38537276,-0.00000000,-0.06833091,0.01315938,0.25792864,-0.30343756,0.72184581,-1.08947289,0.41798490,0.30257568,0.00521019,-0.00000000,-1.58821023,-0.70994592,0.37905252,0.28222907,-0.07516731,-0.01398720,-0.00000000
-0.19151591,0.94984037,0.97409439,-0.01114709,0.59773499,0.79136646,0.12777989,-0.40438882,0.09253756,0.10757471,0.53297454,-0.11738536,0.00000000,-0.09757525,-0.11866953,-0.02805298,0.67099255,-0.39614925,-0.00000000,-0.06531739,0.01128586,0.26875842,-0.28956273,0.72883773,-1.08907700,0.41392395,0.30185243,0.00455238,-0.00000000,-1.58821177,-0.74243110,0.36399111,0.29055595,-0.07351334,-0.01376177,-0.00000000
-0.18969357,0.94555914,0.97083098,0.01000662,0.62481111,0.76835471,0.13835436,-0.39789659,0.08839174,0.09955101,0.54169923,-0.11501627,0.00000000,-0.12026178,-0.12215204,-0.03099429,0.67309928,-0.40695596,-0.00000000,-0.06243927,0.00888136,0.27903515,-0.27553400,0.73509181,-1.08877730,0.40936974,0.30106720,0.00386989,-0.00000000,-1.58821273,-0.77536178,0.34916431,0.30011880,-0.07196676,-0.01336194,-0.00000000
-0.18711835,0.94109035,0.96627438,0.02317446,0.64515644,0.75043714,0.14170493,-0.38867918,0.08653387,0.09096779,0.55178857,-0.11301471,0.00000000,-0.14367235,-0.12668285,-0.03566067,0.67580545,-0.41782278,-0.00000000,-0.05983191,0.00541490,0.28820562,-0.26119745,0.73987013,-1.08867073,0.40382910,0.30015776,0.00313805,-0.00000000,-1.58821237,-0.80918306,0.33480662,0.31215328,-0.07063491,-0.01261330,-0.00000000
-0.18437441,0.93708390,0.96132177,0.03549680,0.66510105,0.73130065,0.14690070,-0.37577733,0.08878396,0.08114462,0.56291139,-0.11114684,0.00000000,-0.16859315,-0.13362268,-0.04126598,0.67865998,-0.42875805,-0.00000000,-0.05773171,0.00209250,0.29622015,-0.24676532,0.74367684,-1.08865321,0.39768595,0.29915097,0.00243073,-0.00000000,-1.58821201,-0.84340596,0.32099751,0.32633781,-0.06949864,-0.01157083,-0.00000000
-0.18154611,0.93330854,0.95617115,0.04737322,0.68450898,0.71120405,0.15294446,-0.36103326,0.09308805,0.07070149,0.57455081,-0.10934578,0.00000000,-0.19426908,-0.14176702,-0.04734077,0.68158859,-0.43972740,-0.00000000,-0.05588507,-0.00115787,0.30365667,-0.23228543,0.74699783,-1.08868003,0.39124161,0.29809552,0.00173567,-0.00000000,-1.58821177,-0.87782949,0.30746266,0.34159741,-0.06846016,-0.01038143,-0.00000000
-0.17936006,0.93105656,0.95074368,0.05708089,0.70355868,0.69170815,0.15260006,-0.34331891,0.10138186,0.05951626,0.58584076,-0.10787354,0.00000000,-0.21981019,-0.15186033,-0.05446477,0.68511736,-0.45060572,-0.00000000,-0.05413804,-0.00444282,0.30979609,-0.21823567,0.74847740,-1.08877766,0.38396338,0.29691228,0.00108059,-0.00000000,-1.58821118,-0.91154820,0.29500332,0.35959363,-0.06767693,-0.00880233,-0.00000000
-0.17702028,0.92886370,0.94553590,0.06622130,0.72080195,0.67318255,0.15127656,-0.32554045,0.11032014,0.04843526,0.59675682,-0.10656425,0.00000000,-0.24446070,-0.16210715,-0.06186992,0.68899792,-0.46132815,-0.00000000,-0.05227905,-0.00771943,0.31542775,-0.20456614,0.74937600,-1.08881867,0.37642658,0.29570118,0.00043699,-0.00000000,-1.58821082,-0.94466925,0.28300861,0.37823036,-0.06697330,-0.00713823,-0.00000000
-0.17437305,0.92678916,0.94076759,0.07428128,0.73515421,0.65732849,0.14815438,-0.30763388,0.12054738,0.03756269,0.60692537,-0.10558084,0.00000000,-0.26733002,-0.17266096,-0.06983736,0.69358212,-0.47173896,-0.00000000,-0.05019612,-0.01097933,0.32004407,-0.19165722,0.74911267,-1.08874619,0.36837271,0.29443419,-0.00018363,-0.00000000,-1.58821130,-0.97659487,0.27194294,0.39814812,-0.06642889,-0.00530414,-0.00000000
-0.17200769,0.92540592,0.93642157,0.08234691,0.74935269,0.64073861,0.14540845,-0.29003438,0.13199809,0.02695618,0.61637825,-0.10498785,0.00000000,-0.28883293,-0.18386249,-0.07795984,0.69818527,-0.48158658,-0.00000000,-0.04763090,-0.01398373,0.32436749,-0.17960070,0.74793339,-1.08850682,0.36004570,0.29313526,-0.00074014,-0.00000000,-1.58821070,-1.00698364,0.26187360,0.41915986,-0.06601985,-0.00329045,-0.00000000
-0.16978329,0.92436832,0.93228668,0.09038951,0.76325446,0.62360060,0.14280950,-0.27258840,0.14406043,0.01648271,0.62547344,-0.10459010,0.00000000,-0.30965257,-0.19538793,-0.08615981,0.70279795,-0.49115267,-0.00000000,-0.04482454,-0.01686038,0.32854450,-0.16797043,0.74629629,-1.08818388,0.35158208,0.29182032,-0.00126459,-0.00000000,-1.58820963,-1.03660405,0.25230232,0.44071850,-0.06567852,-0.00118697,-0.00000000
-0.16615142,0.92196643,0.92878056,0.09565730,0.77493554,0.60894799,0.13966712,-0.25682950,0.15381494,0.00819398,0.63422441,-0.10466045,0.00000000,-0.32689628,-0.20514503,-0.09495230,0.70733136,-0.49945462,-0.00000000,-0.04137454,-0.01915336,0.33172637,-0.15802605,0.74356240,-1.08746445,0.34273311,0.29049239,-0.00171670,-0.00000000,-1.58820879,-1.06349766,0.24415828,0.46271458,-0.06551166,0.00095323,-0.00000000
-0.16322833,0.91961938,0.92560625,0.10018352,0.78537524,0.59540081,0.13655402,-0.24158728,0.16272737,0.00064575,0.64314026,-0.10490471,0.00000000,-0.34280604,-0.21443884,-0.10378573,0.71171176,-0.50727785,-0.00000000,-0.03782206,-0.02120346,0.33436760,-0.14882137,0.74062991,-1.08652425,0.33381283,0.28917396,-0.00213621,-0.00000000,-1.58820820,-1.08938849,0.23646471,0.48448420,-0.06539074,0.00303316,-0.00000000
-0.16172287,0.91738176,0.92309541,0.10327403,0.79372299,0.58437747,0.13357119,-0.22737850,0.16995572,-0.00542148,0.65238601,-0.10549689,0.00000000,-0.35604799,-0.22280602,-0.11270104,0.71578604,-0.51414359,-0.00000000,-0.03406459,-0.02276780,0.33592728,-0.14109606,0.73729986,-1.08514225,0.32475013,0.28787428,-0.00249049,-0.00000000,-1.58820760,-1.11327410,0.22967196,0.50580120,-0.06536175,0.00499258,-0.00000000
-0.16026597,0.91516948,0.92120302,0.10538530,0.80128396,0.57413632,0.13116956,-0.21373443,0.17591600,-0.01034335,0.66233331,-0.10638472,0.00000000,-0.36710805,-0.23040283,-0.12156847,0.71929789,-0.51997674,-0.00000000,-0.03015535,-0.02416423,0.33642185,-0.13490577,0.73353678,-1.08335507,0.31550053,0.28660640,-0.00281160,-0.00000000,-1.58820474,-1.13506532,0.22377545,0.52615595,-0.06540927,0.00674757,-0.00000000
-0.15883337,0.91296977,0.91961986,0.10700042,0.80840296,0.56425297,0.12905093,-0.20037267,0.18124238,-0.01469254,0.67263144,-0.10742041,0.00000000,-0.37707707,-0.23761438,-0.13041195,0.72252858,-0.52529377,-0.00000000,-0.02617021,-0.02547670,0.33638379,-0.12948298,0.72955728,-1.08136523,0.30615750,0.28535444,-0.00311611,-0.00000000,-1.58820069,-1.15580940,0.21832709,0.54602963,-0.06549506,0.00840034,-0.00000000
-0.15488696,0.91244024,0.91847551,0.11118127,0.81667513,0.55195045,0.12661444,-0.18676519,0.18554987,-0.01802776,0.68439078,-0.10877192,0.00000000,-0.38490239,-0.24393752,-0.13906528,0.72435486,-0.52918166,-0.00000000,-0.02202422,-0.02672584,0.33514556,-0.12598377,0.72496444,-1.07903302,0.29660794,0.28417367,-0.00339855,-0.00000000,-1.58598435,-1.17358530,0.21405692,0.56417346,-0.06567846,0.00974952,-0.00000000
-0.15180404,0.91257125,0.91750240,0.11476638,0.82450312,0.54011184,0.12370323,-0.17331675,0.18894179,-0.02087616,0.69658124,-0.11032804,0.00000000,-0.39177451,-0.24960916,-0.14778814,0.72594398,-0.53257132,-0.00000000,-0.01783937,-0.02792934,0.33345786,-0.12295485,0.72027016,-1.07669151,0.28701273,0.28302673,-0.00368866,-0.00000000,-1.58308887,-1.19043612,0.21011695,0.58154291,-0.06588402,0.01095730,-0.00000000
-0.15044811,0.91402316,0.91687185,0.11719050,0.83167022,0.52935827,0.11987868,-0.16018642,0.19050270,-0.02275092,0.70963353,-0.11229346,0.00000000,-0.39674041,-0.25397781,-0.15665019,0.72705871,-0.53496504,-0.00000000,-0.01357683,-0.02904155,0.33087125,-0.12086657,0.71537292,-1.07433093,0.27732584,0.28194728,-0.00399411,-0.00000000,-1.57883513,-1.20543718,0.20683756,0.59736317,-0.06613387,0.01188228,-0.00000000
-0.14753467,0.91505408,0.91643143,0.11909478,0.83728915,0.52048039,0.11774337,-0.14724933,0.19080704,-0.02416399,0.72320253,-0.11469243,0.00000000,-0.40033841,-0.25716925,-0.16564465,0.72782117,-0.53629977,-0.00000000,-0.00939610,-0.03012270,0.32747555,-0.11953069,0.71041548,-1.07202399,0.26766312,0.28094199,-0.00430549,-0.00000000,-1.57346165,-1.21880507,0.20406325,0.61159378,-0.06640767,0.01254569,-0.00000000
-0.14384246,0.91587448,0.91608608,0.12073743,0.84212250,0.51253426,0.11645133,-0.13440886,0.19048317,-0.02534622,0.73702967,-0.11730818,0.00000000,-0.40325257,-0.25977215,-0.17470530,0.72840762,-0.53710496,-0.00000000,-0.00525627,-0.03118833,0.32367522,-0.11857104,0.70542783,-1.06974351,0.25801259,0.27997380,-0.00461983,-0.00000000,-1.56752789,-1.23135674,0.20154151,0.62502962,-0.06669344,0.01307833,-0.00000000
-0.14260373,0.91830790,0.91597813,0.12117974,0.84771782,0.50388986,0.11307047,-0.12137107,0.18754150,-0.02563493,0.75143790,-0.12050576,0.00000000,-0.40473664,-0.25994790,-0.18425995,0.72844911,-0.53634381,-0.00000000,-0.00137082,-0.03218743,0.31900156,-0.11861046,0.70023388,-1.06763911,0.24834333,0.27909869,-0.00498646,-0.00000000,-1.56018889,-1.24171329,0.19962212,0.63614702,-0.06700578,0.01326890,-0.00000000
-0.14218664,0.92268437,0.91595399,0.12178178,0.85351253,0.49490187,0.10843366,-0.10817099,0.18373574,-0.02570726,0.76585871,-0.12390743,0.00000000,-0.40603471,-0.25927809,-0.19400717,0.72824824,-0.53506011,-0.00000000,0.00229733,-0.03311319,0.31418183,-0.11897864,0.69493812,-1.06561697,0.23870148,0.27825701,-0.00536764,-0.00000000,-1.55246592,-1.25144947,0.19782397,0.64661008,-0.06731718,0.01338757,-0.00000000
-0.14341284,0.93094677,0.91609770,0.12271218,0.85976660,0.48526552,0.10129420,-0.09464629,0.17820181,-0.02534682,0.78030455,-0.12771729,0.00000000,-0.40696120,-0.25691709,-0.20413963,0.72756296,-0.53273147,-0.00000000,0.00553085,-0.03389225,0.30906990,-0.12000434,0.68943906,-1.06375933,0.22911431,0.27748224,-0.00577794,-0.00000000,-1.54397488,-1.25994492,0.19626839,0.65576464,-0.06762668,0.01336243,-0.00000000
-0.14445035,0.93377215,0.91619474,0.12122186,0.86437070,0.47846144,0.09614153,-0.08156556,0.17163210,-0.02489208,0.79365408,-0.13207528,0.00000000,-0.40769210,-0.25337130,-0.21433446,0.72597867,-0.52933288,-0.00000000,0.00811381,-0.03463191,0.30356583,-0.12162594,0.68415296,-1.06194568,0.21993221,0.27675593,-0.00613659,-0.00000000,-1.53505480,-1.26757824,0.19474527,0.66375571,-0.06792794,0.01324884,-0.00000000
-0.14539351,0.93387902,0.91626847,0.11852185,0.86815351,0.47307631,0.09198315,-0.06870678,0.16454449,-0.02439018,0.80645555,-0.13670741,0.00000000,-0.40832534,-0.24923307,-0.22456039,0.72394484,-0.52539921,-0.00000000,0.01037150,-0.03535190,0.29786563,-0.12354542,0.67897362,-1.06015420,0.21095265,0.27605394,-0.00646942,-0.00000000,-1.52591991,-1.27478087,0.19323839,0.67116505,-0.06822509,0.01309102,-0.00000000
-0.14649887,0.93325508,0.91622931,0.11475597,0.87201118,0.46777549,0.08725603,-0.05601061,0.15589984,-0.02368899,0.81707138,-0.14222637,0.00000000,-0.40978369,-0.24358146,-0.23488650,0.72040147,-0.51988816,-0.00000000,0.01144228,-0.03534151,0.29241681,-0.12634318,0.67365712,-1.05860960,0.20242399,0.27543613,-0.00678892,-0.00000000,-1.51600611,-1.28068125,0.19178323,0.67719340,-0.06850110,0.01289751,-0.00000000
-0.14778164,0.93310016,0.91615057,0.11090735,0.87598890,0.46220145,0.08193194,-0.04408029,0.14660744,-0.02267279,0.82641143,-0.14823711,0.00000000,-0.41128853,-0.23737834,-0.24516445,0.71631968,-0.51390648,-0.00000000,0.01209663,-0.03498844,0.28738829,-0.12941161,0.66823739,-1.05717576,0.19405313,0.27483934,-0.00710850,-0.00000000,-1.50586057,-1.28620648,0.19033611,0.68284518,-0.06877777,0.01271610,-0.00000000
-0.14941916,0.93388319,0.91599262,0.10690004,0.88025552,0.45610797,0.07541941,-0.03368171,0.13601947,-0.02102658,0.83319950,-0.15523130,0.00000000,-0.41288638,-0.23007199,-0.25534624,0.71116078,-0.50698394,-0.00000000,0.01191812,-0.03395002,0.28320014,-0.13302128,0.66261131,-1.05596304,0.18599799,0.27428457,-0.00742823,-0.00000000,-1.49525201,-1.29098153,0.18890522,0.68774360,-0.06905579,0.01255890,-0.00000000
-0.15301789,0.93173456,0.91595376,0.10221402,0.88376880,0.45142955,0.06867559,-0.02527583,0.12530988,-0.01903695,0.83711177,-0.16336702,0.00000000,-0.41473323,-0.22262715,-0.26492214,0.70462704,-0.49914023,-0.00000000,0.01082839,-0.03254152,0.28007567,-0.13716562,0.65670377,-1.05495620,0.17838031,0.27376634,-0.00771610,-0.00000000,-1.48444164,-1.29517210,0.18739389,0.69186831,-0.06933423,0.01242579,-0.00000000
-0.15759724,0.92812014,0.91597444,0.09718445,0.88686663,0.44743922,0.06181351,-0.01786632,0.11453946,-0.01687562,0.83958632,-0.17207360,0.00000000,-0.41670457,-0.21511304,-0.27419510,0.69740599,-0.49083593,-0.00000000,0.00928305,-0.03094800,0.27748296,-0.14157726,0.65065545,-1.05405200,0.17098133,0.27326638,-0.00798805,-0.00000000,-1.47353065,-1.29907036,0.18584245,0.69560611,-0.06961285,0.01230472,-0.00000000
-0.16343741,0.91972625,0.91566795,0.08744103,0.89152771,0.44116703,0.05388818,-0.01499357,0.10258370,-0.01341558,0.83738184,-0.18259881,0.00000000,-0.41856709,-0.20650299,-0.28286165,0.68863457,-0.48102450,-0.00000000,0.00688765,-0.02907192,0.27732876,-0.14694647,0.64361304,-1.05348754,0.16391711,0.27281520,-0.00829955,-0.00000000,-1.46216381,-1.30164981,0.18446030,0.69832355,-0.06992422,0.01226763,-0.00000000
-0.16886130,0.91153616,0.91548985,0.07815852,0.89561033,0.43544421,0.04649388,-0.01382586,0.09096647,-0.00969904,0.83381766,-0.19368474,0.00000000,-0.42002115,-0.19792923,-0.29098850,0.67949861,-0.47074902,-0.00000000,0.00418755,-0.02721435,0.27781755,-0.15250641,0.63639855,-1.05299580,0.15711118,0.27236611,-0.00858908,-0.00000000,-1.45089173,-1.30408323,0.18301016,0.70073193,-0.07026108,0.01228165,-0.00000000
-0.17345265,0.90375352,0.91556865,0.06982295,0.89877719,0.43094096,0.04017745,-0.01606818,0.08002639,-0.00546950,0.82753390,-0.20589200,0.00000000,-0.42065853,-0.18942808,-0.29803589,0.66963339,-0.45954567,-0.00000000,0.00087807,-0.02539378,0.27959242,-0.15844780,0.62884057,-1.05264902,0.15082209,0.27192131,-0.00883464,-0.00000000,-1.43980908,-1.30622470,0.18142395,0.70252234,-0.07064896,0.01239786,-0.00000000
-0.17749877,0.89404655,0.91602743,0.06071932,0.90176892,0.42648074,0.03521523,-0.02154944,0.07042602,-0.00094420,0.81958556,-0.21879925,0.00000000,-0.42005068,-0.18113413,-0.30377424,0.65941370,-0.44751710,-0.00000000,-0.00260051,-0.02425469,0.28219062,-0.16468607,0.62087047,-1.05241370,0.14500146,0.27146989,-0.00905288,-0.00000000,-1.42920756,-1.30809796,0.17973475,0.70333093,-0.07111392,0.01252203,-0.00000000
-0.18127230,0.88337731,0.91667622,0.05122819,0.90461242,0.42201367,0.03092807,-0.02865015,0.06149549,0.00372898,0.81080490,-0.23205654,0.00000000,-0.41882053,-0.17294377,-0.30885804,0.64901686,-0.43507606,-0.00000000,-0.00616363,-0.02345633,0.28520048,-0.17107281,0.61269462,-1.05223382,0.13941510,0.27101508,-0.00925746,-0.00000000,-1.41884661,-1.30983746,0.17799403,0.70364881,-0.07161741,0.01265019,-0.00000000
-0.18397908,0.88466597,0.91911602,0.04716980,0.90668625,0.41829884,0.02685536,-0.03987431,0.05475117,0.00870564,0.80164176,-0.24549758,0.00000000,-0.41451597,-0.16424847,-0.31187612,0.63906491,-0.42190930,-0.00000000,-0.00991446,-0.02380445,0.28853604,-0.17779928,0.60390955,-1.05216861,0.13442823,0.27053186,-0.00946360,-0.00000000,-1.40944302,-1.31138158,0.17607507,0.70252252,-0.07224929,0.01282029,-0.00000000
-0.18543974,0.88333303,0.92151803,0.04214390,0.90901583,0.41394258,0.02378360,-0.05247140,0.04873395,0.01374151,0.79259741,-0.25892645,0.00000000,-0.40945303,-0.15554017,-0.31421360,0.62905949,-0.40868995,-0.00000000,-0.01343594,-0.02453986,0.29212919,-0.18442644,0.59505022,-1.05218434,0.12971620,0.27003533,-0.00966318,-0.00000000,-1.40027976,-1.31272507,0.17418769,0.70089698,-0.07293248,0.01300030,-0.00000000
-0.18440814,0.87675709,0.92384446,0.03518463,0.91188014,0.40831450,0.02271466,-0.06781434,0.04417095,0.01889580,0.78379065,-0.27233106,0.00000000,-0.40287346,-0.14680572,-0.31519017,0.61894763,-0.39536563,-0.00000000,-0.01649871,-0.02604985,0.29623735,-0.19085492,0.58604223,-1.05236268,0.12555377,0.26951230,-0.00984960,-0.00000000,-1.39159775,-1.31366813,0.17236340,0.69827300,-0.07371828,0.01320011,-0.00000000
-0.18363732,0.87177438,0.92641246,0.03079207,0.91370249,0.40469208,0.02058969,-0.08339122,0.04097561,0.02389159,0.77705860,-0.28511888,0.00000000,-0.39541754,-0.13793297,-0.31520072,0.60857356,-0.38243100,-0.00000000,-0.01955849,-0.02807429,0.29980889,-0.19721031,0.57736200,-1.05236256,0.12213881,0.26895756,-0.00995633,-0.00000000,-1.38358188,-1.31449044,0.17045805,0.69465584,-0.07458441,0.01343491,-0.00000000
-0.18299688,0.86758840,0.92910123,0.02768334,0.91501182,0.40207613,0.01793696,-0.09908511,0.03846408,0.02880813,0.77136403,-0.29759833,0.00000000,-0.38752353,-0.12899104,-0.31472823,0.59806883,-0.36969110,-0.00000000,-0.02261678,-0.03035594,0.30311215,-0.20352919,0.56884545,-1.05227292,0.11909759,0.26838699,-0.01002321,-0.00000000,-1.37589896,-1.31525302,0.16851224,0.69054192,-0.07549070,0.01368722,-0.00000000
-0.18272556,0.86448175,0.93162686,0.02738664,0.91568047,0.40075129,0.01333360,-0.11500787,0.03687339,0.03376548,0.76914877,-0.30928630,0.00000000,-0.37814823,-0.11915953,-0.31357828,0.58755350,-0.35762471,-0.00000000,-0.02507852,-0.03347163,0.30559671,-0.20958939,0.56090403,-1.05188179,0.11712758,0.26776761,-0.00999420,-0.00000000,-1.36910641,-1.31539857,0.16669430,0.68470365,-0.07653543,0.01393084,-0.00000000
-0.18257627,0.86159110,0.93378544,0.02720485,0.91607589,0.39998275,0.00886900,-0.13097803,0.03522700,0.03881354,0.76809138,-0.32079443,0.00000000,-0.36849621,-0.10895795,-0.31243220,0.57704741,-0.34565195,-0.00000000,-0.02727254,-0.03682712,0.30793703,-0.21554682,0.55320650,-1.05134869,0.11548378,0.26712197,-0.00994360,-0.00000000,-1.36250293,-1.31518006,0.16503181,0.67820370,-0.07763168,0.01414258,-0.00000000
-0.18267101,0.85913235,0.93520987,0.02725365,0.91595024,0.40033779,0.00468240,-0.14704302,0.03346922,0.04404304,0.76934946,-0.33194286,0.00000000,-0.35829055,-0.09801624,-0.31129420,0.56655967,-0.33386666,-0.00000000,-0.02893111,-0.04066221,0.30998862,-0.22129866,0.54599690,-1.05053151,0.11449248,0.26642385,-0.00984984,-0.00000000,-1.35627723,-1.31423318,0.16368024,0.67038107,-0.07883094,0.01429056,-0.00000000
-0.18379846,0.85654622,0.93577099,0.02340696,0.91515881,0.40240669,0.00231406,-0.16408657,0.03090856,0.04967242,0.77221733,-0.34283248,0.00000000,-0.34730339,-0.08597192,-0.31054050,0.55654788,-0.32189733,-0.00000000,-0.02983980,-0.04537981,0.31206948,-0.22668132,0.53929961,-1.04952860,0.11419570,0.26567027,-0.00971208,-0.00000000,-1.35045421,-1.31226420,0.16284747,0.66087836,-0.08015110,0.01427038,-0.00000000
-0.18544225,0.85389632,0.93590045,0.01761181,0.91400498,0.40531957,0.00085480,-0.18161942,0.02794646,0.05550175,0.77588993,-0.35359278,0.00000000,-0.33592552,-0.07337627,-0.30997893,0.54677415,-0.30983603,-0.00000000,-0.03037354,-0.05053865,0.31416497,-0.23187946,0.53285885,-1.04843295,0.11424619,0.26488903,-0.00955233,-0.00000000,-1.34483278,-1.30978394,0.16227412,0.65053570,-0.08153171,0.01416613,-0.00000000
-0.18170045,0.85161376,0.93542933,0.01391341,0.91288447,0.40797964,0.00101252,-0.19552080,0.02380500,0.06121774,0.78239799,-0.36355034,0.00000000,-0.32800388,-0.06003610,-0.31046650,0.53685433,-0.29719862,-0.00000000,-0.03066829,-0.05522946,0.31644931,-0.23649186,0.52713984,-1.04699278,0.11520997,0.26402342,-0.00933932,-0.00000000,-1.33932590,-1.30568361,0.16259477,0.63808775,-0.08306196,0.01390626,-0.00000000
-0.17597866,0.84910524,0.93475568,0.00998023,0.91162044,0.41090855,0.00164881,-0.20851915,0.01907852,0.06694892,0.78918487,-0.37322351,0.00000000,-0.32116553,-0.04616414,-0.31148446,0.52704644,-0.28424320,-0.00000000,-0.03089352,-0.05990988,0.31888476,-0.24101429,0.52151400,-1.04541683,0.11635245,0.26312330,-0.00913627,-0.00000000,-1.33382905,-1.30095387,0.16326530,0.62493509,-0.08463573,0.01358792,-0.00000000
-0.16629688,0.84614486,0.93367696,0.00557781,0.91008103,0.41438013,0.00324221,-0.21971141,0.01318198,0.07271052,0.79652894,-0.38232800,0.00000000,-0.31649411,-0.03122862,-0.31356341,0.51746231,-0.27065158,-0.00000000,-0.03097968,-0.06456955,0.32162255,-0.24535690,0.51607466,-1.04356885,0.11785240,0.26215431,-0.00895316,-0.00000000,-1.32835138,-1.29496539,0.16463554,0.61037296,-0.08629661,0.01315264,-0.00000000
-0.16069156,0.84469074,0.93320280,0.00083804,0.90726602,0.42054731,0.00277490,-0.22929573,0.00715160,0.07806807,0.80355126,-0.39096689,0.00000000,-0.31302118,-0.01651486,-0.31634167,0.50852084,-0.25627360,-0.00000000,-0.03083254,-0.06926193,0.32415199,-0.24973384,0.51064545,-1.04129076,0.11947589,0.26110765,-0.00883187,-0.00000000,-1.32299173,-1.28771067,0.16667758,0.59422159,-0.08802798,0.01252640,-0.00000000
-0.15712447,0.84398979,0.93303102,-0.00407035,0.90375257,0.42803398,0.00127706,-0.23807603,0.00105430,0.08322362,0.81041241,-0.39937294,0.00000000,-0.31014755,-0.00191197,-0.31946957,0.49990061,-0.24150246,-0.00000000,-0.03056873,-0.07397068,0.32657734,-0.25412789,0.50522131,-1.03879714,0.12116114,0.26002216,-0.00874148,-0.00000000,-1.31769109,-1.27982247,0.16905552,0.57727540,-0.08979461,0.01180467,-0.00000000
-0.15476653,0.84368718,0.93289089,-0.00982057,0.89798743,0.43991137,-0.00027558,-0.24554670,-0.00294574,0.08694024,0.81529009,-0.40723830,0.00000000,-0.30867091,0.01036594,-0.32317188,0.49217415,-0.22563827,-0.00000000,-0.02956774,-0.07902191,0.32884735,-0.25889263,0.49928835,-1.03556824,0.12267915,0.25881010,-0.00881164,-0.00000000,-1.31249285,-1.26982009,0.17256775,0.55802464,-0.09165442,0.01078050,-0.00000000
-0.15184069,0.84320849,0.93306524,-0.01609197,0.89103812,0.45363536,-0.00268149,-0.25227016,-0.00541038,0.08986258,0.81977761,-0.41505840,0.00000000,-0.30752897,0.02079728,-0.32674798,0.48462254,-0.20961878,-0.00000000,-0.02825679,-0.08423777,0.33076879,-0.26378155,0.49321771,-1.03203213,0.12414780,0.25754532,-0.00893039,-0.00000000,-1.30740643,-1.25926268,0.17636257,0.53805095,-0.09353568,0.00964976,-0.00000000
-0.14777908,0.84237766,0.93386847,-0.02340348,0.88176137,0.47106576,-0.00679289,-0.25749934,-0.00480421,0.09119631,0.82348543,-0.42278782,0.00000000,-0.30705649,0.02753547,-0.33007154,0.47742078,-0.19328874,-0.00000000,-0.02632594,-0.08978292,0.33199322,-0.26891893,0.48687157,-1.02788162,0.12551782,0.25617510,-0.00914632,-0.00000000,-1.30254495,-1.24759543,0.18072253,0.51663101,-0.09545984,0.00830590,-0.00000000
-0.14299852,0.84083170,0.93439639,-0.03325352,0.87007159,0.49161640,-0.01352673,-0.26297918,-0.00036711,0.09106775,0.82603931,-0.43087488,0.00000000,-0.30491158,0.02950992,-0.33247215,0.47163984,-0.17718123,-0.00000000,-0.02362327,-0.09552664,0.33217031,-0.27418461,0.48028138,-1.02306998,0.12679236,0.25469083,-0.00946479,-0.00000000,-1.29788935,-1.23518312,0.18545610,0.49406984,-0.09743509,0.00678642,-0.00000000
-0.13785848,0.83892816,0.93478668,-0.04435193,0.85670030,0.51345158,-0.02156256,-0.26858431,0.00598545,0.09020808,0.82801646,-0.43914086,0.00000000,-0.30193043,0.02910252,-0.33441135,0.46656919,-0.16118498,-0.00000000,-0.02053468,-0.10136966,0.33182377,-0.27951443,0.47356912,-1.01792777,0.12801923,0.25314942,-0.00983453,-0.00000000,-1.29333663,-1.22239828,0.19037646,0.47093797,-0.09943584,0.00517914,-0.00000000
-0.13244623,0.83544761,0.93381852,-0.05247130,0.84109253,0.53732604,-0.03302842,-0.27384868,0.01574794,0.08848371,0.83060795,-0.44846523,0.00000000,-0.29586571,0.02350731,-0.33481935,0.46401373,-0.14582439,-0.00000000,-0.01701972,-0.10716406,0.32952037,-0.28492308,0.46717840,-1.01140249,0.12945507,0.25143406,-0.01027293,-0.00000000,-1.28861046,-1.20928299,0.19555542,0.44687727,-0.10154243,0.00342309,-0.00000000
-0.12681210,0.83169574,0.93221831,-0.05984538,0.82393062,0.56188655,-0.04289970,-0.27929839,0.02661776,0.08661426,0.83368099,-0.45821992,0.00000000,-0.28879845,0.01553344,-0.33431944,0.46190473,-0.13053954,-0.00000000,-0.01353624,-0.11254698,0.32673129,-0.29028878,0.46109205,-1.00434160,0.13103938,0.24965836,-0.01072462,-0.00000000,-1.28348279,-1.19616032,0.20082341,0.42281973,-0.10368782,0.00166133,-0.00000000
-0.12073421,0.82740122,0.92935407,-0.06576866,0.80444872,0.58828264,-0.04960108,-0.28511879,0.03970223,0.08445472,0.83771706,-0.46883518,0.00000000,-0.27972600,0.00280223,-0.33200377,0.46068880,-0.11540635,-0.00000000,-0.01011572,-0.11710697,0.32297075,-0.29556865,0.45561478,-0.99620903,0.13292058,0.24776193,-0.01120290,-0.00000000,-1.27755165,-1.18302298,0.20626959,0.39876869,-0.10591080,-0.00011184,-0.00000000
-0.11612311,0.82260615,0.92482072,-0.07125060,0.78545773,0.61218613,-0.05663646,-0.29030588,0.05411205,0.08264711,0.84400439,-0.47972584,0.00000000,-0.27004433,-0.01465661,-0.32769606,0.45900193,-0.10007892,-0.00000000,-0.00676679,-0.12066691,0.31889075,-0.30039468,0.45153332,-0.98683804,0.13567723,0.24574475,-0.01157670,-0.00000000,-1.27026439,-1.16980290,0.21207796,0.37499228,-0.10821185,-0.00191515,-0.00000000
-0.11224540,0.81756085,0.91945279,-0.07648022,0.76640809,0.63458449,-0.06381220,-0.29517630,0.06918456,0.08101548,0.85141706,-0.49075392,0.00000000,-0.26005799,-0.03447928,-0.32239228,0.45707941,-0.08465441,-0.00000000,-0.00345365,-0.12372689,0.31465089,-0.30499387,0.44814974,-0.97684783,0.13887160,0.24366716,-0.01189825,-0.00000000,-1.26229894,-1.15654159,0.21806741,0.35135326,-0.11055195,-0.00373353,-0.00000000
-0.10749412,0.81399834,0.91262347,-0.08363955,0.74588448,0.65779370,-0.06299405,-0.29869598,0.08809726,0.07890016,0.86212355,-0.50163031,0.00000000,-0.25200191,-0.06442903,-0.31339255,0.45189771,-0.06876951,-0.00000000,-0.00085594,-0.12404130,0.31146058,-0.30913246,0.44707328,-0.96472168,0.14341597,0.24140163,-0.01206874,-0.00000000,-1.25055182,-1.14256704,0.22532994,0.32913077,-0.11303264,-0.00546761,-0.00000000
-0.10304832,0.81072670,0.90531152,-0.09062131,0.72474134,0.68022043,-0.06195133,-0.30135062,0.10792135,0.07677434,0.87377530,-0.51218736,0.00000000,-0.24528126,-0.09717799,-0.30349213,0.44503272,-0.05274901,-0.00000000,0.00143763,-0.12338476,0.30908170,-0.31306949,0.44698098,-0.95181012,0.14850958,0.23907606,-0.01216533,-0.00000000,-1.23701918,-1.12809503,0.23333082,0.30754295,-0.11557297,-0.00717713,-0.00000000
-0.09921347,0.80803674,0.89703435,-0.09732766,0.70315254,0.70174104,-0.06052576,-0.30227518,0.12956831,0.07462757,0.88731682,-0.52210546,0.00000000,-0.24123135,-0.13552538,-0.29179028,0.43480128,-0.03645727,-0.00000000,0.00312293,-0.12078638,0.30832562,-0.31660333,0.44885707,-0.93732774,0.15470171,0.23663044,-0.01211414,-0.00000000,-1.21991599,-1.11262929,0.24280818,0.28722441,-0.11823262,-0.00883753,-0.00000000
-0.09573507,0.80567110,0.88966036,-0.10966803,0.68002409,0.72268462,-0.05715893,-0.30052733,0.15370977,0.07186864,0.90214235,-0.53079081,0.00000000,-0.24128367,-0.17932819,-0.27873877,0.42048639,-0.02005639,-0.00000000,0.00365302,-0.11647364,0.30895668,-0.32010356,0.45291373,-0.92093188,0.16206867,0.23405898,-0.01187108,-0.00000000,-1.19882083,-1.09613585,0.25401983,0.26831761,-0.12102740,-0.01048500,-0.00000000
-0.09243490,0.80346757,0.88273799,-0.12474105,0.65565336,0.74281377,-0.05278247,-0.29744321,0.17909852,0.06880365,0.91760981,-0.53885972,0.00000000,-0.24338701,-0.22585869,-0.26501232,0.40412965,-0.00360092,-0.00000000,0.00360549,-0.11130375,0.31028143,-0.32358697,0.45806059,-0.90357935,0.17002298,0.23142458,-0.01153208,-0.00000000,-1.17572975,-1.07912862,0.26609862,0.25011674,-0.12388978,-0.01212600,-0.00000000
-0.09165642,0.79531938,0.87704730,-0.13320330,0.63386816,0.76020622,-0.05054197,-0.29107672,0.20005892,0.06867710,0.93172854,-0.54527003,0.00000000,-0.25058606,-0.26776248,-0.25379759,0.38418987,0.01281462,-0.00000000,0.00174458,-0.10488690,0.31427664,-0.32775086,0.46633717,-0.88300556,0.17946132,0.22858931,-0.01094098,-0.00000000,-1.14568257,-1.05971992,0.28196293,0.23459058,-0.12699771,-0.01369752,-0.00000000
-0.09090173,0.78792083,0.87204206,-0.14173974,0.61217302,0.77641040,-0.04838308,-0.28331867,0.21988647,0.06916141,0.94501346,-0.55094779,0.00000000,-0.25971553,-0.30800980,-0.24354628,0.36339220,0.02916309,-0.00000000,-0.00101643,-0.09819139,0.31890467,-0.33220932,0.47559243,-0.86141390,0.18933845,0.22570023,-0.01027646,-0.00000000,-1.11330950,-1.03967202,0.29906249,0.22022764,-0.13017963,-0.01519474,-0.00000000
-0.09019462,0.78202158,0.86840785,-0.15054302,0.59126794,0.79093790,-0.04643632,-0.27277765,0.23744859,0.07086743,0.95663047,-0.55516022,0.00000000,-0.27270576,-0.34494418,-0.23522188,0.34087926,0.04537744,-0.00000000,-0.00557762,-0.09093852,0.32479835,-0.33725709,0.48680517,-0.83778697,0.20009315,0.22270347,-0.00946512,-0.00000000,-1.07628620,-1.01834536,0.31863251,0.20819102,-0.13350940,-0.01654337,-0.00000000
-0.09047333,0.77829629,0.86662847,-0.15657376,0.57382751,0.80264735,-0.04431702,-0.26118708,0.25226560,0.07404191,0.96546817,-0.55770248,0.00000000,-0.28511128,-0.37606779,-0.22902499,0.32031357,0.06151414,-0.00000000,-0.01044801,-0.08512304,0.32921159,-0.34238315,0.49961650,-0.81265515,0.21175866,0.21965368,-0.00849678,-0.00000000,-1.03757238,-0.99680644,0.33914205,0.19805750,-0.13692901,-0.01779340,-0.00000000
-0.09124496,0.77565795,0.86577654,-0.16120476,0.55808353,0.81288540,-0.04210893,-0.24907178,0.26571009,0.07795066,0.97291607,-0.55940962,0.00000000,-0.29722446,-0.40428585,-0.22389182,0.30072162,0.07761200,-0.00000000,-0.01547301,-0.08002626,0.33288464,-0.34754834,0.51322716,-0.78677094,0.22387961,0.21657729,-0.00744993,-0.00000000,-0.99801344,-0.97516137,0.36012113,0.18887547,-0.14039353,-0.01899413,-0.00000000
-0.09346251,0.77648830,0.86774361,-0.16877088,0.54267412,0.82166547,-0.04344071,-0.23400120,0.27779862,0.08208514,0.97631615,-0.55871791,0.00000000,-0.31309348,-0.42885280,-0.22095098,0.28153953,0.09243926,-0.00000000,-0.02276195,-0.07486564,0.33771637,-0.35189986,0.52842015,-0.75970894,0.23728527,0.21348403,-0.00618836,-0.00000000,-0.95409930,-0.95304114,0.38305926,0.18380590,-0.14402361,-0.01980881,-0.00000000
-0.09508607,0.77689636,0.87004876,-0.17503990,0.52852571,0.82953584,-0.04349608,-0.21863817,0.28862646,0.08665305,0.97818655,-0.55737191,0.00000000,-0.32903537,-0.45097086,-0.21892108,0.26343942,0.10681415,-0.00000000,-0.03035638,-0.07005577,0.34247863,-0.35531089,0.54379892,-0.73280114,0.25110537,0.21041350,-0.00487162,-0.00000000,-0.90971285,-0.93120420,0.40599498,0.18003868,-0.14768516,-0.02048752,-0.00000000
-0.09552164,0.77645963,0.87303025,-0.17879684,0.51717126,0.83599216,-0.04102019,-0.20269009,0.29693311,0.09208779,0.97699797,-0.55471742,0.00000000,-0.34512302,-0.46819136,-0.21871322,0.24750336,0.12028429,-0.00000000,-0.03856180,-0.06594743,0.34710199,-0.35684082,0.55954975,-0.70620197,0.26575461,0.20738828,-0.00344455,-0.00000000,-0.86438143,-0.90993381,0.42892608,0.17887613,-0.15140960,-0.02089428,-0.00000000
-0.09638441,0.77689189,0.87715220,-0.18338335,0.50697947,0.84129369,-0.03958896,-0.18605787,0.30419391,0.09738562,0.97299975,-0.55107278,0.00000000,-0.36332238,-0.48372224,-0.21968855,0.23238748,0.13244179,-0.00000000,-0.04735071,-0.06138351,0.35361716,-0.35569975,0.57514441,-0.68056393,0.28108260,0.20444003,-0.00193938,-0.00000000,-0.81740075,-0.88910311,0.45196778,0.18106307,-0.15517615,-0.02083484,-0.00000000
-0.09746079,0.77775854,0.88184446,-0.18837443,0.49734280,0.84597236,-0.03867808,-0.16908349,0.31093189,0.10261500,0.96759665,-0.54693294,0.00000000,-0.38257751,-0.49840832,-0.22125545,0.21768175,0.14394300,-0.00000000,-0.05643136,-0.05659178,0.36107832,-0.35322297,0.59066099,-0.65540636,0.29674998,0.20153032,-0.00039516,-0.00000000,-0.76959527,-0.86849213,0.47506469,0.18492474,-0.15896365,-0.02054230,-0.00000000
-0.09805570,0.78090513,0.88743949,-0.19068520,0.49011418,0.84968692,-0.03820160,-0.15222780,0.31634855,0.10762788,0.95811504,-0.54183346,0.00000000,-0.40269533,-0.51116204,-0.22427464,0.20522982,0.15333493,-0.00000000,-0.06465551,-0.05156052,0.37051326,-0.34510994,0.60536057,-0.63266093,0.31330106,0.19875850,0.00122504,-0.00000000,-0.72145915,-0.84952003,0.49665982,0.19360456,-0.16268298,-0.01947677,-0.00000000
-0.10110428,0.77972192,0.89284605,-0.19528998,0.48080963,0.85394800,-0.03816760,-0.13565652,0.32225502,0.11213307,0.94740951,-0.53654009,0.00000000,-0.42380545,-0.52500403,-0.22743167,0.19282807,0.16185372,-0.00000000,-0.07235759,-0.04592106,0.38141891,-0.33496970,0.61990809,-0.61066550,0.33024567,0.19603314,0.00292676,-0.00000000,-0.67283601,-0.83082736,0.51805216,0.20393005,-0.16638547,-0.01812922,-0.00000000
-0.10906023,0.76987904,0.89787549,-0.20446654,0.46731752,0.85923547,-0.03901551,-0.11965411,0.32914105,0.11562289,0.93425632,-0.53085870,0.00000000,-0.44690007,-0.54102254,-0.23086435,0.18052669,0.16862611,-0.00000000,-0.07901553,-0.03906518,0.39526626,-0.32077515,0.63415140,-0.59017009,0.34797755,0.19340077,0.00479154,-0.00000000,-0.62323874,-0.81269336,0.53903925,0.21754684,-0.17005438,-0.01621761,-0.00000000
-0.11320896,0.76509756,0.90304351,-0.20982029,0.45588598,0.86405802,-0.03933424,-0.10401016,0.33480707,0.11911980,0.92029494,-0.52472317,0.00000000,-0.46934524,-0.55566508,-0.23497650,0.16981675,0.17390947,-0.00000000,-0.08428096,-0.03247049,0.40951711,-0.30311161,0.64720958,-0.57138658,0.36565611,0.19084999,0.00665037,-0.00000000,-0.57505053,-0.79569119,0.55841917,0.23292211,-0.17362133,-0.01401954,-0.00000000
-0.11545409,0.76284677,0.90828079,-0.21325780,0.44547746,0.86863089,-0.03938758,-0.08854542,0.33986315,0.12262027,0.90592951,-0.51836044,0.00000000,-0.49146569,-0.56961966,-0.23942846,0.15990251,0.17844827,-0.00000000,-0.08885011,-0.02600640,0.42396978,-0.28371355,0.65967506,-0.55345917,0.38330808,0.18834004,0.00850622,-0.00000000,-0.52756667,-0.77925479,0.57699537,0.24917658,-0.17713726,-0.01167824,-0.00000000
-0.11661699,0.75956947,0.91111308,-0.21821631,0.43458346,0.87282437,-0.04118901,-0.07403746,0.34343919,0.12609775,0.89148945,-0.51151192,0.00000000,-0.51468146,-0.58312708,-0.24464090,0.15070377,0.18038556,-0.00000000,-0.09180228,-0.01902280,0.44139728,-0.25900450,0.67032355,-0.53809571,0.40090489,0.18595496,0.01045770,-0.00000000,-0.48070496,-0.76413357,0.59406376,0.26804316,-0.18049881,-0.00883266,-0.00000000
-0.11759105,0.75648904,0.91362113,-0.22261421,0.42372811,0.87698877,-0.04228657,-0.06009798,0.34593824,0.12995102,0.87741566,-0.50461066,0.00000000,-0.53660423,-0.59575349,-0.25009242,0.14261633,0.18173829,-0.00000000,-0.09386750,-0.01237109,0.45808604,-0.23352605,0.68029094,-0.52327818,0.41787297,0.18359688,0.01232552,-0.00000000,-0.43519932,-0.74937338,0.61028773,0.28675947,-0.18377310,-0.00603001,-0.00000000
-0.11818745,0.75380242,0.91548067,-0.22592910,0.41302904,0.88124931,-0.04198362,-0.04729547,0.34628317,0.13455582,0.86407453,-0.49760446,0.00000000,-0.55594087,-0.60661757,-0.25602183,0.13675164,0.18192190,-0.00000000,-0.09415881,-0.00638315,0.47329727,-0.20650899,0.68889695,-0.50955278,0.43358374,0.18129283,0.01402601,-0.00000000,-0.39240545,-0.73533493,0.62482285,0.30517524,-0.18687288,-0.00331324,-0.00000000
-0.11808119,0.75055063,0.91595542,-0.23022720,0.40119690,0.88559246,-0.04198122,-0.03549293,0.34529001,0.13951425,0.85170954,-0.49074572,0.00000000,-0.57383704,-0.61691725,-0.26216504,0.13207003,0.18082003,-0.00000000,-0.09280200,-0.00053174,0.48777136,-0.17851657,0.69672710,-0.49643341,0.44790339,0.17901856,0.01560064,-0.00000000,-0.35190713,-0.72186112,0.63799673,0.32297292,-0.18978223,-0.00069795,-0.00000000
-0.11762360,0.74701631,0.91573787,-0.23499002,0.38875282,0.88987440,-0.04212426,-0.02419035,0.34362769,0.14464949,0.83983237,-0.48396072,0.00000000,-0.59101307,-0.62693459,-0.26841506,0.12798001,0.17907546,-0.00000000,-0.09062112,0.00525141,0.50187689,-0.15003648,0.70416933,-0.48361719,0.46152741,0.17675917,0.01711232,-0.00000000,-0.31255662,-0.70866930,0.65049011,0.34046158,-0.19259644,0.00186660,-0.00000000
-0.11683394,0.74484307,0.91574943,-0.23755978,0.37884006,0.89343363,-0.04268356,-0.01409536,0.33891898,0.15054302,0.82978129,-0.47752589,0.00000000,-0.60302937,-0.63350528,-0.27490923,0.12684192,0.17575940,-0.00000000,-0.08607807,0.00918036,0.51015508,-0.12370964,0.71175814,-0.46998349,0.47117037,0.17447832,0.01806889,0.00000000,-0.27909693,-0.69727433,0.65968174,0.35479251,-0.19502182,0.00380081,-0.00000000
-0.11611127,0.74263376,0.91566581,-0.24049537,0.36928228,0.89659411,-0.04372176,-0.00437332,0.33356062,0.15654175,0.82025456,-0.47118345,0.00000000,-0.61361736,-0.63943666,-0.28135812,0.12636898,0.17192674,-0.00000000,-0.08073405,0.01285370,0.51654196,-0.09854672,0.71993029,-0.45567426,0.47938347,0.17216903,0.01884634,0.00000000,-0.24734946,-0.68634230,0.66799980,0.36797464,-0.19732623,0.00551435,-0.00000000
-0.11552256,0.74035257,0.91539186,-0.24419300,0.36048436,0.89907187,-0.04572313,0.00460277,0.32690316,0.16275088,0.81177640,-0.46502593,0.00000000,-0.62134910,-0.64408946,-0.28771651,0.12722640,0.16706079,-0.00000000,-0.07378814,0.01601583,0.51914632,-0.07571156,0.72926944,-0.44001341,0.48473689,0.16980270,0.01926557,0.00000000,-0.21902630,-0.67633629,0.67457044,0.37885907,-0.19938867,0.00678655,-0.00000000
-0.11470363,0.73847198,0.91507626,-0.24664050,0.35263813,0.90148729,-0.04621218,0.01289108,0.31833401,0.16952848,0.80419719,-0.45887005,0.00000000,-0.62514049,-0.64640397,-0.29398659,0.13018927,0.16145638,-0.00000000,-0.06608470,0.01883321,0.52001470,-0.05753751,0.74101168,-0.42171711,0.48632607,0.16734052,0.01916413,0.00000000,-0.19382507,-0.66741103,0.67960590,0.38728032,-0.20124565,0.00757984,-0.00000000
-0.11376959,0.73679179,0.91473985,-0.24845810,0.34526134,0.90385419,-0.04594416,0.02083549,0.30880898,0.17659028,0.79706764,-0.45271492,0.00000000,-0.62696177,-0.64754915,-0.30021253,0.13420480,0.15548274,-0.00000000,-0.05800249,0.02147819,0.52001524,-0.04169399,0.75395578,-0.40210277,0.48603311,0.16483039,0.01880235,0.00000000,-0.17018472,-0.65902609,0.68387371,0.39446998,-0.20299989,0.00813369,-0.00000000
-0.11309478,0.73572266,0.91435230,-0.24957947,0.33705217,0.90664059,-0.04592141,0.02758734,0.29678705,0.18456687,0.79077351,-0.44632289,0.00000000,-0.62265718,-0.64613038,-0.30600044,0.14152318,0.14859690,-0.00000000,-0.04885773,0.02449200,0.51739275,-0.03438759,0.77207965,-0.37728441,0.47988814,0.16213261,0.01764379,0.00000000,-0.15044132,-0.65216303,0.68638211,0.39821792,-0.20450777,0.00802659,-0.00000000
-0.11223386,0.73491240,0.91398549,-0.25057054,0.32885325,0.90939575,-0.04549059,0.03397463,0.28378844,0.19297615,0.78469115,-0.43974751,0.00000000,-0.61621112,-0.64368337,-0.31155130,0.15017226,0.14152855,-0.00000000,-0.03976399,0.02802020,0.51183331,-0.03060384,0.79238468,-0.35032526,0.47169164,0.15936911,0.01619324,0.00000000,-0.13153894,-0.64578772,0.68856817,0.40108600,-0.20596540,0.00775411,-0.00000000
-0.11100069,0.73461998,0.91366035,-0.25132021,0.32070127,0.91215742,-0.04424721,0.03963278,0.26883653,0.20225090,0.77903235,-0.43280524,0.00000000,-0.60548186,-0.63917977,-0.31662816,0.16148271,0.13409504,-0.00000000,-0.03077232,0.03257718,0.50039995,-0.03386542,0.81705141,-0.31908500,0.45939204,0.15647414,0.01415870,0.00000000,-0.11431862,-0.64038795,0.69010979,0.40219453,-0.20732251,0.00715088,-0.00000000
-0.11002419,0.73452914,0.91463113,-0.24947183,0.30800590,0.91716486,-0.04128922,0.04361894,0.25078741,0.21308178,0.77346408,-0.42535916,0.00000000,-0.58868915,-0.63253641,-0.32095954,0.17659317,0.12665126,-0.00000000,-0.02186459,0.03932236,0.48262355,-0.04460144,0.84708250,-0.28300336,0.44346997,0.15345542,0.01162308,0.00000000,-0.09842997,-0.63587070,0.69132662,0.40202188,-0.20861998,0.00632312,-0.00000000
-0.10917603,0.73453915,0.91624999,-0.24627146,0.29297400,0.92309964,-0.03746531,0.04676910,0.23118968,0.22469077,0.76794124,-0.41766110,0.00000000,-0.56886482,-0.62482315,-0.32491809,0.19360363,0.11920232,-0.00000000,-0.01299884,0.04716167,0.46167544,-0.05907467,0.87979567,-0.24450110,0.42573661,0.15037483,0.00883690,0.00000000,-0.08320711,-0.63179481,0.69238108,0.40120885,-0.20988771,0.00538309,-0.00000000
-0.10967038,0.74006385,0.91735703,-0.23974645,0.28168029,0.92848009,-0.03320522,0.04636644,0.21017127,0.23740603,0.76209199,-0.40923849,0.00000000,-0.54308653,-0.61448973,-0.32779384,0.21510600,0.11178084,-0.00000000,-0.00329087,0.05623616,0.43714687,-0.08056552,0.91600680,-0.20297424,0.40608618,0.14734052,0.00607679,0.00000000,-0.06817867,-0.62804359,0.69468397,0.40024254,-0.21117607,0.00448248,0.00000000
-0.10904973,0.74541402,0.91874939,-0.23303925,0.27126849,0.93341231,-0.02911323,0.04519190,0.19006310,0.24968868,0.75621104,-0.40058088,0.00000000,-0.51633483,-0.60373896,-0.33021167,0.23751128,0.10424458,-0.00000000,0.00670915,0.06500718,0.41216406,-0.10376081,0.95223659,-0.16138908,0.38645425,0.14436918,0.00345274,0.00000000,-0.05339222,-0.62440783,0.69736153,0.39946860,-0.21245973,0.00365333,0.00000000
-0.10619907,0.75041538,0.92071247,-0.22603077,0.26269531,0.93768746,-0.02536672,0.04247366,0.17177564,0.26110619,0.75026661,-0.39145344,0.00000000,-0.48763594,-0.59215331,-0.33171400,0.26172251,0.09647872,-0.00000000,0.01729324,0.07317123,0.38627329,-0.13036501,0.98850393,-0.11968744,0.36685905,0.14152384,0.00110078,0.00000000,-0.03908980,-0.62100303,0.70078850,0.39907938,-0.21373412,0.00296709,0.00000000
-0.10676202,0.75056076,0.92224222,-0.22219838,0.25547504,0.94067651,-0.02209250,0.03792898,0.15663145,0.27103907,0.74402863,-0.38201788,0.00000000,-0.45854411,-0.57992637,-0.33221626,0.28632826,0.08792546,-0.00000000,0.02805027,0.07956290,0.36124074,-0.15841141,1.02186882,-0.08046344,0.34822556,0.13889992,-0.00086663,0.00000000,-0.02578175,-0.61798084,0.70463264,0.39951178,-0.21496715,0.00255125,0.00000000
-0.10903177,0.74827826,0.92355531,-0.21995421,0.24893172,0.94302177,-0.01905465,0.03247110,0.14305902,0.28022957,0.73764402,-0.37242824,0.00000000,-0.42925569,-0.56737858,-0.33221844,0.31113142,0.07897852,-0.00000000,0.03889377,0.08506839,0.33663723,-0.18717898,1.05378234,-0.04247826,0.33007294,0.13638671,-0.00264177,0.00000000,-0.01297086,-0.61514986,0.70868522,0.40035498,-0.21617949,0.00227060,0.00000000
-0.11002491,0.74542505,0.92624050,-0.21317300,0.24256867,0.94631970,-0.01402939,0.02256426,0.13123590,0.28881654,0.73073095,-0.36248022,0.00000000,-0.39445439,-0.55242515,-0.33013171,0.33960995,0.06928989,-0.00000000,0.05071125,0.08945949,0.31103376,-0.21797583,1.08178234,-0.00796885,0.31386897,0.13419043,-0.00379173,0.00000000,-0.00299532,-0.61295491,0.71279806,0.40216199,-0.21731864,0.00235818,0.00000000
-0.11033515,0.74241090,0.92900032,-0.20669171,0.23671359,0.94928586,-0.01007712,0.01150921,0.12052602,0.29695895,0.72392148,-0.35253024,0.00000000,-0.35894853,-0.53709269,-0.32734999,0.36836416,0.05910791,-0.00000000,0.06253922,0.09316787,0.28583726,-0.24852878,1.10747325,0.02429225,0.29849690,0.13213305,-0.00473639,0.00000000,0.00581892,-0.61095870,0.71676815,0.40420601,-0.21842201,0.00255854,0.00000000
-0.10927960,0.73907471,0.93190950,-0.20084505,0.23191376,0.95173991,-0.00827335,-0.00184223,0.11204262,0.30421221,0.71731865,-0.34257630,0.00000000,-0.32203367,-0.52100211,-0.32317847,0.39766946,0.04793923,-0.00000000,0.07438819,0.09551075,0.26145488,-0.27859393,1.12854636,0.05205670,0.28478852,0.13035360,-0.00527044,0.00000000,0.01231056,-0.60935980,0.72045231,0.40672401,-0.21945396,0.00298444,0.00000000
-0.11358131,0.73321557,0.93484628,-0.19202368,0.21827453,0.95680189,-0.00362286,-0.01990277,0.10328505,0.31196025,0.71051306,-0.33287039,0.00000000,-0.28033110,-0.50185204,-0.31764513,0.42958716,0.03607243,-0.00000000,0.08575489,0.09675627,0.23700699,-0.30792403,1.14472723,0.07464738,0.27243456,0.12886629,-0.00551899,0.00000000,0.01534330,-0.60785174,0.72343194,0.40911537,-0.22040370,0.00353624,0.00000000
-0.12056167,0.72609490,0.93779695,-0.18163833,0.20012881,0.96278244,0.00245204,-0.04031785,0.09439039,0.31995565,0.70360601,-0.32328853,0.00000000,-0.23623472,-0.48117229,-0.31143093,0.46281087,0.02385656,-0.00000000,0.09688045,0.09745308,0.21252644,-0.33688650,1.15846193,0.09465114,0.26075795,0.12752506,-0.00562479,0.00000000,0.01664658,-0.60638899,0.72605914,0.41144332,-0.22131237,0.00415101,0.00000000
-0.12346321,0.72125018,0.93970317,-0.17441118,0.18894242,0.96637297,0.00219205,-0.06189355,0.09027920,0.32573336,0.69904989,-0.31452447,0.00000000,-0.19800098,-0.46002972,-0.30387703,0.49114865,0.00976294,-0.00000000,0.10470197,0.09493386,0.19422877,-0.36007008,1.16027224,0.10120746,0.25078776,0.12676632,-0.00556359,0.00000000,0.01192344,-0.60348874,0.72777081,0.41224182,-0.22204508,0.00462827,0.00000000
-0.12663360,0.71648169,0.94115484,-0.16486268,0.17333438,0.97096241,0.00274443,-0.08515510,0.08667915,0.33138603,0.69514263,-0.30605510,0.00000000,-0.16056776,-0.43799689,-0.29588374,0.51835626,-0.00486504,-0.00000000,0.11109491,0.09166283,0.17826132,-0.38104716,1.15786183,0.10285704,0.24122894,0.12621416,-0.00549628,0.00000000,0.00487739,-0.59975588,0.72915673,0.41221729,-0.22270998,0.00499358,0.00000000
-0.13034171,0.71186572,0.94169736,-0.15063575,0.14884859,0.97730690,0.00492045,-0.11178831,0.08410145,0.33678859,0.69253290,-0.29817525,0.00000000,-0.12473550,-0.41418374,-0.28701156,0.54330301,-0.02056172,-0.00000000,0.11463077,0.08688818,0.16695441,-0.39761120,1.14700997,0.09469327,0.23249325,0.12607512,-0.00541676,0.00000000,-0.00681448,-0.59435761,0.72989166,0.41054663,-0.22323929,0.00513502,0.00000000
-0.13477089,0.70741624,0.94176739,-0.13858420,0.12274531,0.98270357,0.00465686,-0.13959125,0.08375298,0.34097016,0.69244289,-0.29083097,0.00000000,-0.09441589,-0.39073259,-0.27717516,0.56347764,-0.03758531,-0.00000000,0.11497147,0.08092017,0.16110016,-0.40943208,1.12789237,0.07671621,0.22511829,0.12634836,-0.00516157,0.00000000,-0.02278411,-0.58672285,0.73027402,0.40696388,-0.22362337,0.00496629,0.00000000
-0.13956058,0.70304996,0.94160122,-0.12756404,0.09578997,0.98718876,0.00317147,-0.16797903,0.08451915,0.34454119,0.69361269,-0.28375441,0.00000000,-0.06685256,-0.36746243,-0.26685676,0.58126599,-0.05527238,-0.00000000,0.11371467,0.07435545,0.15797226,-0.41888130,1.10464215,0.05383253,0.21842380,0.12682778,-0.00481854,0.00000000,-0.04089262,-0.57796997,0.73048013,0.40242526,-0.22393486,0.00464247,0.00000000
-0.14663731,0.69734722,0.93912834,-0.11786657,0.07328527,0.99030387,0.00591019,-0.19637668,0.08620182,0.34681198,0.69860387,-0.27756158,0.00000000,-0.05120447,-0.34314558,-0.25604308,0.59166592,-0.07485689,-0.00000000,0.10638008,0.06734621,0.16447026,-0.42191708,1.06939971,0.01686765,0.21290906,0.12788893,-0.00443374,0.00000000,-0.06367829,-0.56661934,0.73027974,0.39626211,-0.22399816,0.00417145,0.00000000
-0.15336911,0.69154000,0.93608683,-0.10817041,0.04780268,0.99293840,0.00935064,-0.22500634,0.08878008,0.34832603,0.70451802,-0.27164620,0.00000000,-0.03935083,-0.31912577,-0.24496025,0.59988743,-0.09500382,-0.00000000,0.09679663,0.05987831,0.17438272,-0.42294773,1.03019273,-0.02457780,0.20779307,0.12913896,-0.00401974,0.00000000,-0.08761059,-0.55428576,0.73012686,0.38962108,-0.22398384,0.00364509,0.00000000
-0.15941107,0.68552369,0.93190807,-0.09852130,0.01641232,0.99489838,0.01419262,-0.25410017,0.09314944,0.34832668,0.71227795,-0.26628557,0.00000000,-0.03508607,-0.29570025,-0.23333926,0.60375178,-0.11627557,-0.00000000,0.08271541,0.05149308,0.19112410,-0.41996789,0.98305649,-0.07498436,0.20347454,0.13076687,-0.00354733,0.00000000,-0.11383617,-0.53998643,0.73006898,0.38202429,-0.22381426,0.00300809,0.00000000
-0.16430239,0.68022227,0.92624158,-0.08930871,-0.01641972,0.99574047,0.01597663,-0.28375638,0.10116318,0.34566534,0.72048897,-0.26148975,0.00000000,-0.03729586,-0.27513853,-0.22050992,0.60432005,-0.13827319,-0.00000000,0.06516840,0.04192622,0.21395420,-0.41404212,0.93009555,-0.13173665,0.20033173,0.13269866,-0.00283215,0.00000000,-0.14056273,-0.52426487,0.73042655,0.37415582,-0.22346939,0.00236996,0.00000000
-0.16861837,0.67527819,0.91983122,-0.08026273,-0.04994372,0.99538958,0.01622041,-0.31369388,0.11099907,0.34167305,0.72892553,-0.25697625,0.00000000,-0.04274293,-0.25600880,-0.20707631,0.60324001,-0.16063373,-0.00000000,0.04588852,0.03176853,0.23982863,-0.40664315,0.87422234,-0.19166179,0.19777681,0.13478237,-0.00199559,0.00000000,-0.16753983,-0.50783211,0.73099196,0.36615151,-0.22303684,0.00173126,0.00000000
-0.17753023,0.67053580,0.91439897,-0.07715726,-0.07184167,0.99423975,0.01930849,-0.34326416,0.12219116,0.33483952,0.73732668,-0.25265002,0.00000000,-0.05224889,-0.23954883,-0.19290945,0.60096306,-0.18248528,-0.00000000,0.02690352,0.02337685,0.26751021,-0.39888018,0.81777281,-0.25292364,0.19620113,0.13704038,-0.00083991,0.00000000,-0.19324353,-0.49120304,0.73190689,0.35872737,-0.22227977,0.00125369,0.00000000
-0.18530899,0.66662514,0.90875161,-0.07482653,-0.09308316,0.99259448,0.02219776,-0.37364438,0.13451447,0.32690388,0.74487275,-0.24845609,-0.00000000,-0.06229294,-0.22433385,-0.17840545,0.59859234,-0.20387399,-0.00000000,0.00802369,0.01476477,0.29613167,-0.39082989,0.76177216,-0.31402934,0.19517536,0.13930315,0.00050184,0.00000000,-0.21803591,-0.47509342,0.73280382,0.35166201,-0.22140570,0.00085069,0.00000000
-0.19082154,0.66437793,0.90267420,-0.07408951,-0.11304294,0.99051601,0.02469897,-0.40564418,0.14910020,0.31676388,0.75070876,-0.24452697,-0.00000000,-0.07341316,-0.21160892,-0.16322730,0.59603399,-0.22433716,-0.00000000,-0.01064578,0.00571190,0.32663298,-0.38220477,0.70666915,-0.37482268,0.19524939,0.14157537,0.00221575,0.00000000,-0.24100566,-0.46002254,0.73366451,0.34531415,-0.22029774,0.00059685,0.00000000
-0.19190021,0.66284162,0.89827478,-0.07195295,-0.12772807,0.98887497,0.02519081,-0.43605763,0.16236757,0.30582771,0.75525069,-0.24053203,-0.00000000,-0.08388872,-0.20038967,-0.14805935,0.59398174,-0.24279998,-0.00000000,-0.02743859,-0.00093947,0.35402620,-0.37587085,0.65603667,-0.43155324,0.19433744,0.14366563,0.00383164,0.00000000,-0.26196012,-0.44696516,0.73407501,0.33963856,-0.21897039,0.00046870,0.00000000
-0.19076192,0.66166073,0.89471436,-0.06911748,-0.13977398,0.98745984,0.02467800,-0.46567789,0.17497578,0.29449338,0.75914586,-0.23650420,-0.00000000,-0.09404191,-0.18992321,-0.13289650,0.59218228,-0.26026264,-0.00000000,-0.04329308,-0.00639008,0.37986526,-0.37068269,0.60763949,-0.48625240,0.19293252,0.14566481,0.00539852,0.00000000,-0.28190687,-0.43491441,0.73426056,0.33429915,-0.21753335,0.00040341,0.00000000
-0.19171399,0.66036874,0.89081007,-0.06678659,-0.14954624,0.98617065,0.02535628,-0.49528402,0.18737212,0.28217891,0.75963640,-0.23243839,-0.00000000,-0.10345713,-0.18187459,-0.11787309,0.59037685,-0.27441174,-0.00000000,-0.05740300,-0.01055604,0.40372127,-0.36709368,0.56486833,-0.53597534,0.18972409,0.14734310,0.00673811,0.00000000,-0.29824409,-0.42707244,0.73327821,0.33022064,-0.21577010,0.00059627,0.00000000
-0.19108725,0.66044849,0.88711900,-0.06393238,-0.15849636,0.98496348,0.02526789,-0.52474457,0.19945993,0.26983693,0.75915349,-0.22832040,-0.00000000,-0.11222027,-0.17467806,-0.10292686,0.58849519,-0.28732511,-0.00000000,-0.07077950,-0.01428596,0.42644578,-0.36427894,0.52412868,-0.58365780,0.18538265,0.14890030,0.00788873,0.00000000,-0.31337184,-0.42076403,0.73184359,0.32642892,-0.21393277,0.00084003,0.00000000
-0.18730290,0.66327167,0.88385451,-0.06003996,-0.16581979,0.98404253,0.02364927,-0.55391383,0.21093041,0.25743973,0.75672406,-0.22409818,-0.00000000,-0.11967929,-0.16918564,-0.08813494,0.58646113,-0.29776707,-0.00000000,-0.08268914,-0.01714381,0.44690713,-0.36301276,0.48745230,-0.62725914,0.17877527,0.15021551,0.00866144,0.00000000,-0.32608059,-0.41752303,0.72950429,0.32321072,-0.21194734,0.00118557,0.00000000
-0.18064985,0.66617566,0.88026428,-0.05548745,-0.17402883,0.98292702,0.02212573,-0.58358610,0.22213563,0.24531730,0.75262088,-0.21986780,-0.00000000,-0.12560484,-0.16543150,-0.07358088,0.58399451,-0.30567715,-0.00000000,-0.09344287,-0.01998679,0.46582302,-0.36287436,0.45399189,-0.66719317,0.16903852,0.15128303,0.00882867,0.00000000,-0.33634651,-0.41751960,0.72613847,0.32047260,-0.20985419,0.00162380,0.00000000
-0.17256245,0.66912007,0.87651128,-0.05060169,-0.18266971,0.98165417,0.02064843,-0.61350983,0.23320819,0.23333228,0.74768078,-0.21563335,-0.00000000,-0.13076362,-0.16254649,-0.05914578,0.58131188,-0.31232113,-0.00000000,-0.10361863,-0.02282233,0.48396602,-0.36329976,0.42213941,-0.70529366,0.15773717,0.15222675,0.00869318,0.00000000,-0.34539086,-0.41913503,0.72225946,0.31797448,-0.20770723,0.00210837,0.00000000
-0.16908701,0.67177844,0.87344420,-0.04762325,-0.18729468,0.98095298,0.01959522,-0.64102072,0.24245206,0.22230433,0.74450356,-0.21131438,-0.00000000,-0.13332333,-0.16214678,-0.04532456,0.57750261,-0.31505570,-0.00000000,-0.11121193,-0.02489275,0.49620524,-0.36798117,0.39635715,-0.73454469,0.14000300,0.15276247,0.00731603,0.00000000,-0.35023689,-0.42612869,0.71677721,0.31603616,-0.20550725,0.00267826,0.00000000
-0.16549179,0.67205369,0.87055308,-0.04542014,-0.19198011,0.98012280,0.02097579,-0.66850674,0.25168386,0.21141866,0.74239779,-0.20712110,-0.00000000,-0.13438763,-0.16320476,-0.03142918,0.57344073,-0.31642210,-0.00000000,-0.11803801,-0.02717400,0.50673825,-0.37378699,0.37222767,-0.76108468,0.12008958,0.15316923,0.00547889,0.00000000,-0.35393739,-0.43495166,0.71063805,0.31416073,-0.20330510,0.00325777,0.00000000
-0.16165701,0.66756284,0.86801368,-0.04476834,-0.19678833,0.97904491,0.02722401,-0.69594306,0.26089144,0.20081756,0.74243462,-0.20317937,-0.00000000,-0.13246115,-0.16717802,-0.01738545,0.56887352,-0.31505206,-0.00000000,-0.12332959,-0.02987689,0.51385891,-0.38184154,0.35140392,-0.78220218,0.09581765,0.15331815,0.00272179,0.00000000,-0.35534680,-0.44743335,0.70318478,0.31241101,-0.20109856,0.00385651,0.00000000
-0.15570810,0.66885018,0.86631131,-0.04371450,-0.20003334,0.97835368,0.02999664,-0.72066242,0.26685500,0.19176859,0.75007606,-0.19941357,-0.00000000,-0.12954056,-0.17322762,-0.00362111,0.56332791,-0.31045288,-0.00000000,-0.12643369,-0.03256647,0.51773953,-0.39046133,0.33595595,-0.79760218,0.06971660,0.15322971,-0.00039961,0.00000000,-0.35507071,-0.46317580,0.69440883,0.31027606,-0.19891961,0.00434154,0.00000000
-0.14870213,0.67302668,0.86502749,-0.04246028,-0.20249945,0.97786915,0.03103181,-0.74402332,0.27119648,0.18349570,0.76151979,-0.19573574,-0.00000000,-0.12612292,-0.18031536,0.01000354,0.55729300,-0.30423918,-0.00000000,-0.12844408,-0.03524938,0.52000028,-0.39936382,0.32319590,-0.81014353,0.04270099,0.15302251,-0.00370316,0.00000000,-0.35395181,-0.48054868,0.68497133,0.30794859,-0.19675446,0.00476971,0.00000000
-0.14553289,0.67960441,0.86554199,-0.04393619,-0.20479527,0.97727871,0.03247838,-0.76349413,0.27034006,0.17773046,0.78744400,-0.19231541,-0.00000000,-0.12217133,-0.19007766,0.02316382,0.54945874,-0.29310840,-0.00000000,-0.12744819,-0.03894121,0.51907146,-0.40603516,0.32013443,-0.81514710,0.01600721,0.15249166,-0.00698490,0.00000000,-0.35135514,-0.50305063,0.67296809,0.30433506,-0.19459948,0.00486740,0.00000000
-0.14424965,0.68624282,0.86697251,-0.04644369,-0.20705481,0.97661269,0.03462670,-0.78128844,0.26769102,0.17285459,0.81885821,-0.18892807,-0.00000000,-0.11843233,-0.20040211,0.03606666,0.54103887,-0.28036922,-0.00000000,-0.12569802,-0.04335841,0.51721418,-0.41135094,0.32052836,-0.81782550,-0.00980657,0.15185630,-0.01011860,0.00000000,-0.34846747,-0.52726322,0.65998775,0.30012998,-0.19242483,0.00481280,0.00000000
-0.14673837,0.69300270,0.87023503,-0.05101384,-0.20923981,0.97578621,0.03817815,-0.79572994,0.26145664,0.16975765,0.86125255,-0.18560649,-0.00000000,-0.11511862,-0.21185082,0.04845462,0.53144795,-0.26441318,-0.00000000,-0.12243926,-0.04922633,0.51349992,-0.41395587,0.32783291,-0.81585348,-0.03386035,0.15101196,-0.01295625,0.00000000,-0.34499797,-0.55489695,0.64505333,0.29474172,-0.19021094,0.00445361,0.00000000
-0.15558413,0.70406896,0.87625629,-0.05869974,-0.20972148,0.97515959,0.04043612,-0.80562872,0.25065094,0.16897890,0.91491359,-0.18222122,-0.00000000,-0.11331040,-0.22302487,0.05982125,0.52100652,-0.24554105,-0.00000000,-0.11775120,-0.05683681,0.50801069,-0.41307709,0.34210259,-0.80930591,-0.05513539,0.14995013,-0.01532367,0.00000000,-0.34103039,-0.58528751,0.62835550,0.28801763,-0.18790381,0.00373455,0.00000000
-0.16760840,0.71728837,0.88365698,-0.06793978,-0.20933877,0.97457355,0.04204485,-0.81325626,0.23755948,0.16935931,0.97420818,-0.17880407,-0.00000000,-0.11225498,-0.23406157,0.07067721,0.51013994,-0.22521093,-0.00000000,-0.11234850,-0.06531857,0.50163412,-0.41045645,0.35985482,-0.80047059,-0.07502108,0.14877957,-0.01745598,0.00000000,-0.33681363,-0.61705661,0.61077607,0.28062564,-0.18555005,0.00283554,0.00000000
-0.17419267,0.71741712,0.89535505,-0.06894104,-0.20493452,0.97512525,0.04878270,-0.81065750,0.21886474,0.17249520,1.04587531,-0.17579888,-0.00000000,-0.11430749,-0.24230076,0.07911785,0.49927202,-0.20232862,-0.00000000,-0.10679857,-0.07630973,0.49272272,-0.40235519,0.38550171,-0.78612500,-0.08963347,0.14732964,-0.01865674,0.00000000,-0.33111802,-0.65032864,0.59192556,0.27138793,-0.18294986,0.00140617,0.00000000
-0.18173788,0.71729565,0.90815526,-0.06854594,-0.19672467,0.97645801,0.05595187,-0.80409044,0.19941413,0.17588206,1.11882043,-0.17277725,-0.00000000,-0.11786616,-0.24983668,0.08684567,0.48877245,-0.17935872,-0.00000000,-0.10168912,-0.08735403,0.48319739,-0.39274773,0.41306522,-0.77000016,-0.10263388,0.14577541,-0.01958658,-0.00000000,-0.32411560,-0.68335646,0.57328719,0.26212388,-0.18024656,-0.00006538,0.00000000
-0.19120498,0.71667385,0.92315960,-0.06535058,-0.18088305,0.97924340,0.06397615,-0.78958678,0.17845193,0.17977078,1.19432116,-0.16972272,-0.00000000,-0.12443716,-0.25596631,0.09314793,0.47900948,-0.15621349,-0.00000000,-0.09746064,-0.09850461,0.47244403,-0.38012794,0.44446206,-0.75031686,-0.11241022,0.14401247,-0.01997460,-0.00000000,-0.31449977,-0.71589577,0.55507249,0.25280696,-0.17733689,-0.00162126,0.00000000
-0.19648190,0.71597296,0.93418652,-0.06434651,-0.16746509,0.98127121,0.07015549,-0.77243686,0.16016136,0.18314080,1.25924969,-0.16668309,-0.00000000,-0.13104247,-0.26182711,0.09845082,0.47188926,-0.13458604,-0.00000000,-0.09509473,-0.10801915,0.46193501,-0.36577451,0.47758454,-0.72746623,-0.12000006,0.14202490,-0.02007244,-0.00000000,-0.30162060,-0.74684501,0.53789341,0.24495722,-0.17419714,-0.00285330,0.00000000
-0.19966373,0.71523255,0.94322461,-0.06443582,-0.15525462,0.98288232,0.07540870,-0.75396395,0.14320661,0.18625146,1.31889164,-0.16365092,-0.00000000,-0.13766496,-0.26755354,0.10325406,0.46609038,-0.11371748,-0.00000000,-0.09366012,-0.11671566,0.45154804,-0.35055411,0.51157004,-0.70303190,-0.12649664,0.13992508,-0.02002519,-0.00000000,-0.28710982,-0.77699935,0.52123201,0.23784107,-0.17094229,-0.00392342,0.00000000
-0.20102680,0.71561986,0.94881856,-0.06427199,-0.14409465,0.98452967,0.07620526,-0.73326743,0.12822925,0.19043536,1.35807288,-0.16082567,-0.00000000,-0.14453965,-0.27075180,0.10571790,0.46404609,-0.09760554,-0.00000000,-0.09339246,-0.12019329,0.44300222,-0.33398435,0.54728043,-0.67344439,-0.13038528,0.13751344,-0.01969305,-0.00000000,-0.26792070,-0.80217993,0.50721264,0.23364839,-0.16737691,-0.00429806,0.00000000
-0.20173107,0.71618533,0.95368958,-0.06445501,-0.13451062,0.98584247,0.07659742,-0.71333873,0.11426004,0.19488353,1.38987017,-0.15853858,-0.00000000,-0.15095212,-0.27356294,0.10752824,0.46317828,-0.08369103,-0.00000000,-0.09334629,-0.12181731,0.43553701,-0.31759882,0.58268523,-0.64281267,-0.13407616,0.13501544,-0.01945403,-0.00000000,-0.24767262,-0.82496405,0.49429205,0.23044954,-0.16372652,-0.00440422,0.00000000
-0.20111778,0.71710724,0.95711464,-0.06534366,-0.12810582,0.98666781,0.07619490,-0.69494629,0.10230730,0.19986016,1.40689969,-0.15732777,-0.00000000,-0.15644015,-0.27559987,0.10803163,0.46466327,-0.07417139,-0.00000000,-0.09374315,-0.11973420,0.43023306,-0.30158174,0.61747861,-0.61009234,-0.13737150,0.13234475,-0.01940126,-0.00000000,-0.22530660,-0.84295523,0.48356903,0.22923854,-0.15990628,-0.00397343,0.00000000
-0.20022675,0.71841526,0.95832241,-0.06627335,-0.12247885,0.98736078,0.07566713,-0.67741227,0.09195559,0.20530441,1.41019881,-0.15708317,-0.00000000,-0.16150786,-0.27675277,0.10727615,0.46813834,-0.06947496,-0.00000000,-0.09450155,-0.11343724,0.42661345,-0.28671002,0.65215307,-0.57465863,-0.14039408,0.12950426,-0.01955207,-0.00000000,-0.20089574,-0.85609806,0.47509637,0.22996888,-0.15592173,-0.00299082,0.00000000
-0.19919685,0.71991646,0.95842153,-0.06722289,-0.11723969,0.98797750,0.07507598,-0.66030747,0.08240438,0.21098241,1.40663290,-0.15732166,-0.00000000,-0.16636540,-0.27746353,0.10589126,0.47260842,-0.06719010,-0.00000000,-0.09544073,-0.10503338,0.42383590,-0.27241096,0.68676800,-0.53786838,-0.14328030,0.12657890,-0.01980465,-0.00000000,-0.17546241,-0.86681682,0.46774882,0.23166983,-0.15185498,-0.00173230,0.00000000
-0.19809890,0.72126037,0.95482761,-0.06975032,-0.11212265,0.98846591,0.07415254,-0.64328021,0.07414752,0.21749353,1.38498890,-0.15873735,-0.00000000,-0.17070176,-0.27634031,0.10270422,0.48020330,-0.07148898,-0.00000000,-0.09690002,-0.09004461,0.42179486,-0.26102147,0.72228205,-0.49581257,-0.14573602,0.12340075,-0.02035308,-0.00000000,-0.14747028,-0.87123477,0.46325937,0.23600088,-0.14753808,0.00035226,0.00000000
-0.19702920,0.72260165,0.94974977,-0.07286269,-0.10593403,0.98901439,0.07293565,-0.62578863,0.06615132,0.22409840,1.35839605,-0.16045548,-0.00000000,-0.17485839,-0.27448952,0.09902632,0.48886648,-0.07772998,-0.00000000,-0.09848335,-0.07302830,0.41924983,-0.25089684,0.75848019,-0.45169055,-0.14791885,0.12014031,-0.02097126,-0.00000000,-0.11911862,-0.87406284,0.45932207,0.24085356,-0.14312202,0.00265886,0.00000000
-0.19601603,0.72393769,0.94170415,-0.07714437,-0.09760225,0.98967814,0.07113160,-0.60736871,0.05867637,0.23089065,1.32190549,-0.16277838,-0.00000000,-0.17865565,-0.27118367,0.09436676,0.49966639,-0.08785510,-0.00000000,-0.10031466,-0.05195684,0.41569671,-0.24330167,0.79604661,-0.40343621,-0.14955579,0.11671530,-0.02172896,-0.00000000,-0.09004786,-0.87371117,0.45648903,0.24674952,-0.13850759,0.00540955,0.00000000
-0.19424389,0.72572207,0.93302619,-0.08015787,-0.08659139,0.99048311,0.07085060,-0.58872837,0.05155139,0.23778418,1.27932882,-0.16577530,-0.00000000,-0.18107243,-0.26673311,0.08897144,0.51260906,-0.10124333,-0.00000000,-0.10168546,-0.02796879,0.41054571,-0.23792289,0.83549225,-0.35130778,-0.15010686,0.11316208,-0.02252984,-0.00000000,-0.06193473,-0.87123811,0.45375296,0.25219372,-0.13366787,0.00829972,0.00000000
-0.19209228,0.72773063,0.92403203,-0.08252894,-0.07423272,0.99125743,0.07132390,-0.56997770,0.04460140,0.24472836,1.23370874,-0.16910926,-0.00000000,-0.18279894,-0.26171029,0.08320823,0.52662301,-0.11626311,-0.00000000,-0.10282594,-0.00252242,0.40459579,-0.23365226,0.87587744,-0.29724219,-0.15011503,0.10954475,-0.02335232,-0.00000000,-0.03430043,-0.86770427,0.45106548,0.25741193,-0.12871559,0.01125963,0.00000000
-0.19279802,0.72954136,0.91067064,-0.08290631,-0.05290230,0.99314463,0.06317964,-0.55110586,0.03654771,0.25306681,1.18270540,-0.17341322,-0.00000000,-0.17996530,-0.25652182,0.07667154,0.54528505,-0.13374233,-0.00000000,-0.10124096,0.02827846,0.39346308,-0.23284167,0.92017591,-0.23699246,-0.14775713,0.10578333,-0.02408328,-0.00000000,-0.01053669,-0.86213279,0.44739583,0.25976473,-0.12343535,0.01394872,0.00000000
-0.19314587,0.73217398,0.89813536,-0.08349413,-0.02934160,0.99447173,0.05651404,-0.53377426,0.02980562,0.26071587,1.13379061,-0.17803256,-0.00000000,-0.17611405,-0.25314614,0.07032235,0.56477416,-0.15124792,-0.00000000,-0.09868150,0.05827247,0.38251254,-0.23135464,0.96499056,-0.17657690,-0.14317851,0.10204137,-0.02443695,-0.00000000,0.01069923,-0.85692656,0.44237676,0.26019973,-0.11806242,0.01631837,0.00000000
-0.19277799,0.73645037,0.88725233,-0.08453078,-0.00135640,0.99501830,0.05283218,-0.51952326,0.02568675,0.26698601,1.08905327,-0.18328276,-0.00000000,-0.17022759,-0.25339597,0.06434812,0.58591723,-0.16880605,-0.00000000,-0.09417309,0.08665273,0.37192643,-0.22851484,1.01083744,-0.11582962,-0.13415830,0.09833835,-0.02403603,-0.00000000,0.02687951,-0.85245079,0.43465880,0.25679904,-0.11250396,0.01804916,0.00000000
-0.19093549,0.74108970,0.87841213,-0.08736239,0.02204740,0.99467230,0.05008717,-0.50859129,0.02440409,0.27122641,1.05077744,-0.18850917,-0.00000000,-0.16380399,-0.25706285,0.05866810,0.60765630,-0.18559715,-0.00000000,-0.08879536,0.11096989,0.36292058,-0.22291881,1.05626774,-0.05755983,-0.12005381,0.09476197,-0.02270813,-0.00000000,0.03682067,-0.85105646,0.42282015,0.24883845,-0.10687837,0.01896464,0.00000000
-0.18835570,0.74591041,0.87059343,-0.09107993,0.04314902,0.99375916,0.04780555,-0.49931890,0.02453954,0.27445179,1.01573181,-0.19372378,-0.00000000,-0.15711185,-0.26243824,0.05313520,0.62969357,-0.20200475,-0.00000000,-0.08298292,0.13325551,0.35470486,-0.21594471,1.10148978,-0.00052882,-0.10340714,0.09124884,-0.02091672,-0.00000000,0.04364228,-0.85120249,0.40892121,0.23859800,-0.10121919,0.01947248,-0.00000000
-0.18815790,0.74678814,0.86475360,-0.09149186,0.05967623,0.99285591,0.04801271,-0.49150684,0.02905309,0.27378544,0.99025822,-0.19796619,-0.00000000,-0.15320620,-0.27042073,0.04687282,0.65027964,-0.21644555,-0.00000000,-0.07727496,0.14697440,0.34890974,-0.20357512,1.14393818,0.04853802,-0.08050080,0.08799803,-0.01805333,-0.00000000,0.03943688,-0.85855860,0.38766754,0.22088782,-0.09560471,0.01858715,-0.00000000
-0.18761209,0.74871349,0.85963923,-0.09118386,0.07509597,0.99181145,0.04854006,-0.48413780,0.03553875,0.27157608,0.96758288,-0.20176491,-0.00000000,-0.14999126,-0.27933496,0.04034374,0.67026699,-0.22993287,-0.00000000,-0.07151606,0.15748526,0.34342369,-0.18953197,1.18529010,0.09474508,-0.05598940,0.08483788,-0.01490186,-0.00000000,0.03115057,-0.86888593,0.36360565,0.20065263,-0.09001787,0.01721674,-0.00000000
-0.18637024,0.75273412,0.85597581,-0.08946691,0.08831778,0.99081945,0.04972388,-0.47765487,0.04596861,0.26628062,0.95050412,-0.20467618,-0.00000000,-0.14815791,-0.29011273,0.03328126,0.68905646,-0.24151321,-0.00000000,-0.06565534,0.16158012,0.33855575,-0.17214151,1.22444916,0.13523264,-0.02826788,0.08185906,-0.01117424,-0.00000000,0.01470238,-0.88515615,0.33392739,0.17536762,-0.08448632,0.01487617,-0.00000000
-0.18006311,0.75004315,0.85421515,-0.08713662,0.09864827,0.98981714,0.05420126,-0.47191864,0.05999942,0.25825623,0.93812817,-0.20655081,-0.00000000,-0.14584827,-0.30109099,0.02478317,0.70718747,-0.25088996,-0.00000000,-0.05856315,0.15846984,0.33192816,-0.15248936,1.26123405,0.17096713,0.00122053,0.07905877,-0.00707991,-0.00000000,-0.01098455,-0.90851873,0.29771754,0.14541662,-0.07898811,0.01162557,-0.00000000
-0.17122333,0.74399644,0.85340589,-0.08449610,0.10752796,0.98876655,0.06032272,-0.46655571,0.07583074,0.24886733,0.92810363,-0.20790704,-0.00000000,-0.14330055,-0.31216955,0.01556727,0.72498912,-0.25916487,-0.00000000,-0.05085523,0.15175706,0.32442072,-0.13170637,1.29683197,0.20432507,0.03159238,0.07634775,-0.00280224,-0.00000000,-0.04129085,-0.93542755,0.25824186,0.11313265,-0.07350656,0.00791994,-0.00000000
-0.16097972,0.73620445,0.85571557,-0.07624402,0.12416932,0.98709965,0.06635623,-0.46058241,0.09724653,0.23640665,0.92549795,-0.20749538,-0.00000000,-0.13970442,-0.32382846,0.00425858,0.74094880,-0.26372463,-0.00000000,-0.04058506,0.13449620,0.31303999,-0.10939187,1.32814705,0.23224849,0.06270003,0.07389478,0.00182171,-0.00000000,-0.08425828,-0.97198248,0.21015874,0.07610779,-0.06815629,0.00335464,-0.00000000
-0.15360767,0.73199278,0.85727787,-0.07056832,0.13832888,0.98533452,0.07071913,-0.45556334,0.11842456,0.22452056,0.92471045,-0.20671378,-0.00000000,-0.13571605,-0.33625323,-0.00713128,0.75681168,-0.26670429,-0.00000000,-0.03027973,0.11710086,0.30124912,-0.08838151,1.35825014,0.25924489,0.09177800,0.07147524,0.00604993,-0.00000000,-0.12975934,-1.00932813,0.16133052,0.03877125,-0.06291663,-0.00116684,-0.00000000
-0.15197869,0.73494172,0.85734540,-0.07009058,0.14759471,0.98394662,0.07177860,-0.45245272,0.13912714,0.21378353,0.92755938,-0.20519245,-0.00000000,-0.13094306,-0.35020977,-0.01868348,0.77248073,-0.26652372,-0.00000000,-0.01990409,0.09943672,0.28863794,-0.06997938,1.38592899,0.28438747,0.11679665,0.06912259,0.00948670,-0.00000000,-0.18032776,-1.04825521,0.11101221,0.00081140,-0.05789817,-0.00560067,-0.00000000
-0.14797176,0.74171805,0.85826480,-0.06858840,0.16044500,0.98197329,0.07267373,-0.45053017,0.15996210,0.20354770,0.93416148,-0.20298129,-0.00000000,-0.12477296,-0.36605528,-0.03005571,0.78918684,-0.26302165,-0.00000000,-0.00851486,0.08169567,0.27484980,-0.05553059,1.41199398,0.30865356,0.13541283,0.06680086,0.01164369,-0.00000000,-0.23577257,-1.08731401,0.06060001,-0.03774015,-0.05313580,-0.01004992,-0.00000000
-0.14277585,0.75040811,0.85961008,-0.06656327,0.17506154,0.97955304,0.07347522,-0.44920161,0.18086329,0.19356242,0.94264019,-0.20042524,-0.00000000,-0.11790423,-0.38284549,-0.04133795,0.80641133,-0.25785884,-0.00000000,0.00338116,0.06391618,0.26047322,-0.04305848,1.43725157,0.33248159,0.15082777,0.06449459,0.01316079,-0.00000000,-0.29365557,-1.12643826,0.01014083,-0.07658755,-0.04850143,-0.01450688,-0.00000000
-0.14472076,0.76413971,0.86133832,-0.06585521,0.18751337,0.97748268,0.07091872,-0.44888073,0.20074920,0.18458684,0.95763439,-0.19692530,-0.00000000,-0.11236782,-0.40108076,-0.05267021,0.82567453,-0.24824420,-0.00000000,0.01399580,0.04572593,0.24769452,-0.03810900,1.46056139,0.35495102,0.15233794,0.06221992,0.01170092,-0.00000000,-0.35518202,-1.16203880,-0.03611948,-0.11540680,-0.04431853,-0.01898976,-0.00000000
-0.14489911,0.77681768,0.86302072,-0.06518801,0.20056513,0.97512817,0.06818485,-0.44984993,0.21965455,0.17597283,0.97429425,-0.19310065,-0.00000000,-0.10643587,-0.41927055,-0.06417656,0.84696275,-0.23739205,-0.00000000,0.02555908,0.02777910,0.23630749,-0.03488031,1.48348546,0.37693220,0.14942999,0.05994885,0.00923156,-0.00000000,-0.41629481,-1.19566262,-0.07987290,-0.15366198,-0.04031848,-0.02343766,-0.00000000
-0.14154436,0.78738827,0.86461133,-0.06461118,0.21483831,0.97233278,0.06510600,-0.45339927,0.23659867,0.16808170,0.99428529,-0.18862659,-0.00000000,-0.09971289,-0.43736911,-0.07603101,0.87230033,-0.22406501,-0.00000000,0.03901959,0.01031910,0.22770396,-0.03509318,1.50563765,0.39793691,0.13768572,0.05768498,0.00474321,-0.00000000,-0.47658020,-1.22533262,-0.11861254,-0.19078910,-0.03668411,-0.02781560,-0.00000000
-0.13756128,0.79695511,0.86585802,-0.06406480,0.22899021,0.96910375,0.06555241,-0.46024519,0.25206199,0.15970512,1.01644838,-0.18364601,-0.00000000,-0.09054179,-0.45567918,-0.08778979,0.90328628,-0.20919979,-0.00000000,0.05616996,-0.00645932,0.22184926,-0.03657929,1.52679563,0.41853786,0.12171060,0.05543657,-0.00074876,-0.00000000,-0.53264135,-1.25080121,-0.15170643,-0.22477385,-0.03343809,-0.03184612,-0.00000000
-0.13326405,0.80602014,0.86693275,-0.06352691,0.24305569,0.96555561,0.06775448,-0.46873951,0.26678494,0.15108575,1.03969753,-0.17841215,-0.00000000,-0.08014664,-0.47409481,-0.09950069,0.93709636,-0.19356544,-0.00000000,0.07516526,-0.02289695,0.21736906,-0.03870203,1.54745650,0.43893692,0.10362002,0.05319588,-0.00674253,-0.00000000,-0.58659041,-1.27416885,-0.18197741,-0.25718740,-0.03038627,-0.03570293,-0.00000000
-0.12833041,0.81383240,0.86847264,-0.06151839,0.25834462,0.96164328,0.06867108,-0.47944906,0.27521816,0.14244482,1.06692410,-0.17291102,-0.00000000,-0.06714462,-0.48911500,-0.11376484,0.98237979,-0.17615941,-0.00000000,0.10241564,-0.03766236,0.21719585,-0.04024359,1.56519651,0.46027347,0.08771158,0.05098286,-0.01236458,-0.00000000,-0.62709844,-1.29072726,-0.20166610,-0.27934992,-0.02785836,-0.03803759,-0.00000000
-0.12361610,0.82210773,0.87085938,-0.05876143,0.27593559,0.95677352,0.07064766,-0.49014145,0.28143018,0.13372153,1.09511375,-0.16727744,-0.00000000,-0.05352423,-0.50190723,-0.12965426,1.03204083,-0.15829781,-0.00000000,0.13296892,-0.05256479,0.21803871,-0.04098150,1.58113277,0.48189774,0.07449674,0.04879351,-0.01747185,-0.00000000,-0.66256022,-1.30544472,-0.21798591,-0.29775319,-0.02550083,-0.03986940,-0.00000000
-0.11934047,0.83130926,0.87493980,-0.05451163,0.29813170,0.95003110,0.07474588,-0.50079960,0.28320003,0.12483353,1.12522924,-0.16137901,-0.00000000,-0.03866712,-0.51024336,-0.14879420,1.09045696,-0.13952504,-0.00000000,0.17012799,-0.06774124,0.22091372,-0.04011209,1.59346163,0.50409728,0.06666921,0.04665147,-0.02154956,-0.00000000,-0.68792957,-1.31647933,-0.22756810,-0.30863801,-0.02348407,-0.04069556,-0.00000000
-0.11680004,0.84018415,0.88147306,-0.04862906,0.31824005,0.94375086,0.07545071,-0.51162219,0.27845776,0.11755363,1.15447068,-0.15506002,-0.00000000,-0.02149649,-0.51316333,-0.17184351,1.15885377,-0.11969091,-0.00000000,0.21456179,-0.08110434,0.22430362,-0.03682224,1.60090637,0.52707070,0.06828616,0.04451953,-0.02371534,-0.00000000,-0.70266771,-1.32451355,-0.23147914,-0.31213000,-0.02182783,-0.04069525,-0.00000000
-0.11512721,0.84889585,0.88923275,-0.04192289,0.33724153,0.93753326,0.07444498,-0.52252692,0.27045944,0.11107776,1.18327510,-0.14853075,-0.00000000,-0.00316910,-0.51337498,-0.19684757,1.23224103,-0.09932609,-0.00000000,0.26263303,-0.09356077,0.22795087,-0.03232218,1.60590899,0.55043131,0.07462537,0.04239262,-0.02492517,-0.00000000,-0.71209031,-1.33104694,-0.23255455,-0.31192565,-0.02035186,-0.04028173,-0.00000000
-0.11872107,0.86138362,0.90552670,-0.02322411,0.36042446,0.93000340,0.06818058,-0.53031284,0.25034952,0.10975266,1.20391393,-0.14064860,-0.00000000,0.01442075,-0.50176311,-0.23099096,1.31802320,-0.07810149,-0.00000001,0.32062444,-0.10017090,0.23155737,-0.02231284,1.60143554,0.57321507,0.09760170,0.04030899,-0.02267818,-0.00000000,-0.70648271,-1.33346450,-0.22754617,-0.29942116,-0.01939840,-0.03832477,-0.00000000
-0.12234913,0.87389874,0.91834408,-0.01208417,0.38273954,0.92160058,0.06337725,-0.54049486,0.23181668,0.10686954,1.21351600,-0.13284464,-0.00000000,0.03051759,-0.49334526,-0.26194939,1.39971292,-0.05780921,-0.00000001,0.37576756,-0.10197806,0.23619594,-0.00993542,1.59421527,0.59419972,0.12424944,0.03825018,-0.01967135,-0.00000000,-0.69643724,-1.33438575,-0.22160959,-0.28215235,-0.01858521,-0.03563832,-0.00000000
-0.12604558,0.88646877,0.92420816,-0.01609869,0.40376547,0.91264528,0.06158613,-0.55546921,0.21643803,0.10087039,1.20104468,-0.12519704,-0.00000000,0.04362841,-0.49131519,-0.28653803,1.47321761,-0.03938158,-0.00000001,0.42521429,-0.09417927,0.24289854,0.00717812,1.58150125,0.61158639,0.15823999,0.03624100,-0.01514481,-0.00000000,-0.67751580,-1.33231366,-0.21381660,-0.25535491,-0.01805255,-0.03149289,-0.00000000
-0.13017689,0.89635682,0.92783165,-0.02953661,0.41895455,0.90549022,0.06076328,-0.57086527,0.20520262,0.09248456,1.16919446,-0.11673291,-0.00000000,0.05189147,-0.49669233,-0.30243006,1.53286266,-0.02391524,-0.00000001,0.46234944,-0.07775459,0.24887915,0.02807638,1.56542349,0.62394768,0.19304262,0.03434502,-0.01059251,-0.00000000,-0.65318179,-1.32839727,-0.20551623,-0.22284928,-0.01775214,-0.02663788,-0.00000000
-0.13452563,0.90490389,0.93033481,-0.04767532,0.43111551,0.89900899,0.06040952,-0.58647239,0.19603884,0.08290532,1.12765455,-0.10786056,-0.00000000,0.05773064,-0.50577301,-0.31397381,1.58557761,-0.00992954,-0.00000001,0.49332875,-0.05701700,0.25449881,0.05086700,1.54766345,0.63379645,0.22825119,0.03250564,-0.00602733,-0.00000000,-0.62614161,-1.32355881,-0.19696215,-0.18748966,-0.01756785,-0.02142807,-0.00000000
-0.13829023,0.91026485,0.93486530,-0.06025477,0.44271883,0.89287126,0.05612783,-0.58902413,0.19082421,0.07146201,1.07302058,-0.09607901,-0.00000000,0.05195438,-0.52077645,-0.31687108,1.61727965,-0.00060454,-0.00000001,0.50374532,-0.03059373,0.25479048,0.07798867,1.52565956,0.63497263,0.25977778,0.03090235,-0.00244979,-0.00000000,-0.59540367,-1.31801379,-0.18877859,-0.14877866,-0.01767625,-0.01607875,-0.00000000
-0.14072299,0.91518003,0.93842357,-0.07382843,0.45402348,0.88651073,0.05010697,-0.58928800,0.18717942,0.05947842,1.01576233,-0.08380938,-0.00000000,0.04316309,-0.53739488,-0.31745648,1.64170682,0.00712112,-0.00000001,0.50905186,-0.00358045,0.25503829,0.10654394,1.50162387,0.63287133,0.29010722,0.02938531,0.00087231,-0.00000000,-0.56316644,-1.31164443,-0.17976405,-0.10937941,-0.01788334,-0.01066546,-0.00000000
-0.14049211,0.91920382,0.94003725,-0.08939931,0.46483758,0.87993371,0.04062491,-0.58497626,0.18667427,0.04641422,0.95325667,-0.07056364,-0.00000000,0.02834176,-0.55724323,-0.31341827,1.65158403,0.01164810,-0.00000001,0.50413823,0.02461284,0.25519806,0.13796642,1.47352481,0.62421519,0.31804234,0.02804075,0.00368354,-0.00000000,-0.52793097,-1.30362701,-0.16908754,-0.06860366,-0.01828780,-0.00512423,-0.00000000
-0.14092508,0.92068112,0.94150072,-0.09785307,0.47668016,0.87280345,0.03761603,-0.57313150,0.18714744,0.03359608,0.89532268,-0.05676098,-0.00000000,0.00663627,-0.57422739,-0.31121016,1.65065360,0.01421988,-0.00000001,0.49357325,0.04830985,0.25720593,0.17217574,1.43986988,0.60812974,0.34359577,0.02693885,0.00609959,-0.00000000,-0.49115247,-1.29378474,-0.15619434,-0.02875465,-0.01885768,0.00019205,-0.00000000
-0.14168999,0.92088521,0.94288909,-0.10274339,0.48902059,0.86537302,0.03784349,-0.55752021,0.18810971,0.02090095,0.83967465,-0.04267985,-0.00000000,-0.01851130,-0.58977944,-0.30991709,1.64431953,0.01581405,-0.00000001,0.48018262,0.06975870,0.26013774,0.20777845,1.40343690,0.58832955,0.36795855,0.02595828,0.00831805,-0.00000000,-0.45360261,-1.28303003,-0.14219280,0.01063100,-0.01951025,0.00539586,-0.00000000
-0.14455844,0.92154264,0.94555622,-0.10972293,0.50083768,0.85777754,0.03660822,-0.53820676,0.18827721,0.00970181,0.79524702,-0.03029021,-0.00000000,-0.04769685,-0.60061371,-0.30754879,1.62084532,0.01497776,-0.00000001,0.46169591,0.08217578,0.26692864,0.24292842,1.36360943,0.55941296,0.38612029,0.02536279,0.00949307,-0.00000000,-0.41759723,-1.26968217,-0.12450515,0.04352527,-0.02034641,0.00925899,-0.00000000
-0.14710137,0.92244565,0.94607151,-0.11681986,0.51229531,0.85006136,0.03608752,-0.51847655,0.18936680,-0.00155666,0.75470829,-0.01883565,-0.00000000,-0.07812000,-0.61043811,-0.30491796,1.59180892,0.01357346,-0.00000001,0.44143525,0.09127685,0.27576980,0.27722374,1.32261753,0.52738547,0.40210748,0.02491704,0.01033347,-0.00000000,-0.38210198,-1.25506008,-0.10534703,0.07396895,-0.02123173,0.01266413,-0.00000000
-0.14899330,0.92383981,0.94228292,-0.12417816,0.52316034,0.84232634,0.03700554,-0.49791279,0.19230053,-0.01293375,0.72194743,-0.00925123,-0.00000000,-0.11101831,-0.61824316,-0.30176190,1.55164766,0.01103316,-0.00000001,0.41762704,0.09374589,0.28871128,0.30980963,1.27929616,0.48913568,0.41374522,0.02477077,0.01050462,-0.00000000,-0.34762710,-1.23788905,-0.08324789,0.09951141,-0.02221535,0.01515331,-0.00000000
-0.15138780,0.92491698,0.93864787,-0.12754023,0.53179842,0.83637583,0.03740814,-0.47907075,0.19435595,-0.02288841,0.69664240,-0.00229383,-0.00000000,-0.14161877,-0.62290698,-0.29724321,1.50605571,0.00834471,-0.00000001,0.39338651,0.09123132,0.30366942,0.33915532,1.23483336,0.44660145,0.42145187,0.02491099,0.01013112,-0.00000000,-0.31534010,-1.21832609,-0.05877896,0.11928350,-0.02326720,0.01657971,-0.00000000
-0.15403360,0.92583567,0.93508959,-0.12890482,0.53932637,0.83132446,0.03755329,-0.46108955,0.19597225,-0.03213185,0.67506534,0.00335006,-0.00000000,-0.17107029,-0.62599999,-0.29204321,1.45774817,0.00558219,-0.00000001,0.36893001,0.08622491,0.31963590,0.36688098,1.18980026,0.40192494,0.42719293,0.02519447,0.00948531,-0.00000000,-0.28414711,-1.19756711,-0.03312514,0.13617042,-0.02435316,0.01747473,-0.00000000
-0.14329110,0.92655730,0.92431444,-0.13389285,0.54337889,0.82756650,0.04411106,-0.44729495,0.19985907,-0.04067286,0.66273385,0.00485670,-0.00000000,-0.19897336,-0.62646478,-0.28557205,1.40336788,0.00258020,-0.00000001,0.34245169,0.07375323,0.34081882,0.38901758,1.14157403,0.35066631,0.42768553,0.02595152,0.00818847,-0.00000000,-0.25411645,-1.17168736,-0.00301604,0.14566015,-0.02553491,0.01710871,-0.00000000
-0.13544527,0.92765075,0.91192603,-0.13800532,0.54750085,0.82393259,0.04829656,-0.43345729,0.20404923,-0.04870088,0.65405661,0.00519786,-0.00000000,-0.22691223,-0.62558764,-0.27980924,1.34952378,-0.00041015,-0.00000001,0.31546906,0.05910642,0.36330932,0.40899932,1.09265876,0.29806691,0.42678916,0.02684721,0.00673891,-0.00000000,-0.22438817,-1.14434564,0.02819605,0.15310720,-0.02673392,0.01641904,-0.00000000
-0.13339283,0.92948776,0.89631122,-0.14038529,0.55183786,0.82066286,0.04774347,-0.41953379,0.20884615,-0.05570289,0.65268773,0.00320804,-0.00000000,-0.25492260,-0.62202644,-0.27546301,1.29675210,-0.00337724,-0.00000001,0.28747761,0.04010935,0.38841486,0.42467120,1.04236543,0.24278598,0.42311484,0.02802019,0.00498389,-0.00000000,-0.19526465,-1.11408019,0.06161410,0.15646908,-0.02796742,0.01508207,-0.00000000
-0.12417912,0.93256480,0.87767595,-0.13955270,0.55131024,0.82110459,0.04867441,-0.40708336,0.21332882,-0.06148914,0.65677851,-0.00030019,-0.00000000,-0.28028932,-0.61580271,-0.27245829,1.25102305,-0.00616080,-0.00000001,0.26035967,0.01901841,0.41408402,0.43577555,0.99303275,0.18802707,0.41737461,0.02937363,0.00298288,-0.00000000,-0.16759667,-1.08239698,0.09574841,0.15661296,-0.02918867,0.01329199,-0.00000000
-0.11138482,0.93626171,0.85753053,-0.13711283,0.54834616,0.82339650,0.05034699,-0.39536935,0.21765445,-0.06666750,0.66359901,-0.00456762,-0.00000000,-0.30433416,-0.60824770,-0.27012429,1.20881522,-0.00885260,-0.00000001,0.23367845,-0.00311947,0.44003487,0.44459626,0.94418043,0.13352914,0.41060150,0.03081733,0.00085886,-0.00000000,-0.14065646,-1.05000472,0.13024083,0.15514791,-0.03040379,0.01127537,-0.00000000
-0.10817223,0.94079030,0.84195632,-0.13471009,0.54711217,0.82463884,0.04992245,-0.38540238,0.21793944,-0.06867595,0.67457068,-0.00928165,-0.00000000,-0.32234570,-0.59996265,-0.26904726,1.18201709,-0.01150488,-0.00000001,0.21271424,-0.01860275,0.45949295,0.44601950,0.90772969,0.09306592,0.40372735,0.03203703,-0.00103764,-0.00000000,-0.11983016,-1.02234077,0.15936679,0.15158179,-0.03142402,0.00927143,-0.00000000
-0.10434289,0.94601405,0.82713872,-0.13023485,0.54593337,0.82608390,0.05080423,-0.37668690,0.21745436,-0.06992365,0.68523210,-0.01368066,-0.00000000,-0.33787534,-0.59181023,-0.26859498,1.16062391,-0.01407569,-0.00000001,0.19438617,-0.03183360,0.47655573,0.44565445,0.87617564,0.05824605,0.39712355,0.03311384,-0.00282555,-0.00000000,-0.10169405,-0.99744934,0.18549182,0.14795817,-0.03233363,0.00743025,-0.00000000
-0.09928006,0.95262796,0.81383419,-0.12160888,0.54484016,0.82789642,0.05429625,-0.37047458,0.21542908,-0.06964982,0.69527292,-0.01744967,-0.00000000,-0.34844103,-0.58392310,-0.26939237,1.15004015,-0.01648354,-0.00000001,0.18133037,-0.04055962,0.48882800,0.44171232,0.85441500,0.03471285,0.39105988,0.03390487,-0.00439628,-0.00000000,-0.08893832,-0.97810203,0.20561485,0.14421964,-0.03302199,0.00591460,-0.00000000
-0.09849927,0.95880008,0.80354601,-0.12044186,0.55267942,0.82275134,0.05585202,-0.39886808,0.19406354,-0.08760507,0.83784562,-0.20979083,0.00581801,-0.32865828,-0.53251755,-0.22458962,1.12877166,-0.17903972,-0.01345442,0.08877410,-0.03120808,0.50375390,0.31442153,0.70589739,-0.18459439,0.40108243,-0.03334058,0.01196255,-0.00000000,-0.12103906,-0.80985290,0.36798808,0.12681410,0.13242349,0.01504937,-0.00000000
-0.09985951,0.96475124,0.79476595,-0.12298469,0.56489396,0.81399333,0.05643042,-0.44456452,0.16302782,-0.11467486,1.04668427,-0.49641812,0.01454504,-0.29370135,-0.45935276,-0.15698686,1.10216069,-0.42167005,-0.03363606,-0.04353243,-0.01281776,0.52000684,0.12545641,0.49400136,-0.50178862,0.41914809,-0.13460425,0.03728615,-0.00000000,-0.17556803,-0.56715274,0.60148638,0.10257506,0.38093585,0.02950936,0.00000000
-0.09230656,0.96315324,0.79029089,-0.12004552,0.56786180,0.81226188,0.05790263,-0.44280744,0.16340099,-0.11360362,1.04533684,-0.49589920,0.01454600,-0.29583427,-0.45763439,-0.16020346,1.10240388,-0.42264253,-0.03363822,-0.04410711,-0.01416616,0.52001005,0.11847220,0.49279833,-0.49830407,0.41263509,-0.13503467,0.03684640,-0.00000000,-0.17883962,-0.56415349,0.59953600,0.09792842,0.38161314,0.02938683,0.00000000
-0.08507968,0.96115446,0.78702897,-0.11690108,0.57105768,0.81035745,0.05956567,-0.44075900,0.16373008,-0.11210284,1.04260540,-0.49492323,0.01454731,-0.29796973,-0.45587489,-0.16419476,1.10193074,-0.42344853,-0.03364116,-0.04434546,-0.01518765,0.52001327,0.11020569,0.49286079,-0.49296129,0.40465537,-0.13563013,0.03638956,-0.00000000,-0.18355513,-0.56084132,0.59624708,0.09166015,0.38252163,0.02913622,0.00000000
-0.07850493,0.95835435,0.78619349,-0.11334794,0.57471818,0.80811840,0.06161118,-0.43812817,0.16397101,-0.10974292,1.03710568,-0.49303323,0.01454929,-0.30011028,-0.45403332,-0.16973561,1.10002542,-0.42392144,-0.03364565,-0.04391113,-0.01555533,0.52001661,0.09937445,0.49545440,-0.48390216,0.39374223,-0.13655578,0.03589856,-0.00000000,-0.19115837,-0.55690354,0.59028137,0.08214868,0.38389236,0.02862944,0.00000000
-0.07235371,0.95533180,0.78739542,-0.10916696,0.57924145,0.80528283,0.06388640,-0.43432072,0.16450669,-0.10653076,1.02870655,-0.49003941,0.01455197,-0.30179098,-0.45291772,-0.17640711,1.09549510,-0.42357519,-0.03365169,-0.04282581,-0.01491568,0.52001697,0.08578192,0.50126696,-0.47048143,0.37960100,-0.13782306,0.03524071,-0.00000000,-0.20173126,-0.55295908,0.58091438,0.06934650,0.38572776,0.02776336,0.00000000
-0.06641427,0.95219815,0.78961611,-0.10466798,0.58417392,0.80211794,0.06627396,-0.42992496,0.16518986,-0.10289247,1.01885748,-0.48649359,0.01455498,-0.30324152,-0.45216516,-0.18364395,1.08965206,-0.42281926,-0.03365850,-0.04141499,-0.01377238,0.52001607,0.07080876,0.50868881,-0.45487988,0.36384574,-0.13926122,0.03449944,-0.00000000,-0.21378899,-0.54901117,0.56984657,0.05489900,0.38779536,0.02671762,0.00000000
-0.06189018,0.94999689,0.79420710,-0.09750693,0.59136361,0.79766822,0.06713372,-0.42263550,0.16709337,-0.09821072,1.00539267,-0.48129186,0.01455902,-0.30397174,-0.45303395,-0.19228646,1.07895494,-0.42064291,-0.03366762,-0.03944837,-0.01172907,0.51833665,0.05075136,0.52008086,-0.43258077,0.34197423,-0.14120972,0.03311291,-0.00000001,-0.22978458,-0.54564309,0.55310136,0.03571830,0.39052412,0.02504129,0.00000000
-0.05742580,0.94753295,0.79911357,-0.08969844,0.59821016,0.79332328,0.06882595,-0.41417056,0.16969712,-0.09343079,0.99131829,-0.47556639,0.01456341,-0.30424941,-0.45451301,-0.20109048,1.06664729,-0.41795507,-0.03367752,-0.03759421,-0.00983560,0.51379329,0.02877980,0.53175497,-0.40857700,0.31742945,-0.14329837,0.03132932,-0.00000001,-0.24676991,-0.54268026,0.53433847,0.01515021,0.39344856,0.02314419,0.00000000
-0.05308082,0.94454384,0.80465114,-0.08060659,0.60443211,0.78927368,0.07218990,-0.40335485,0.17370142,-0.08845442,0.97602475,-0.46879324,0.01456848,-0.30362213,-0.45721278,-0.21021751,1.05111873,-0.41424429,-0.03368897,-0.03596497,-0.00824177,0.50352228,0.00297995,0.54399329,-0.38116419,0.28753790,-0.14566727,0.02875162,-0.00000001,-0.26573485,-0.54052770,0.51154017,-0.00819268,0.39676431,0.02080557,0.00000000
-0.04878589,0.94160050,0.81053686,-0.07222475,0.61180860,0.78404844,0.07577535,-0.39053646,0.17865074,-0.08290222,0.96118617,-0.46166870,0.01457423,-0.30203751,-0.46122271,-0.21930498,1.03327024,-0.40933815,-0.03370196,-0.03448330,-0.00726180,0.48870772,-0.02580697,0.55568051,-0.35115415,0.25287995,-0.14826997,0.02546154,-0.00000001,-0.28597099,-0.53929305,0.48461881,-0.03338557,0.40043300,0.01813733,0.00000000
-0.04451599,0.93868005,0.81659663,-0.06419156,0.61970270,0.77816027,0.07946394,-0.37671676,0.18407266,-0.07706210,0.94657499,-0.45436841,0.01458033,-0.29997405,-0.46588776,-0.22837268,1.01426184,-0.40383413,-0.03371572,-0.03307540,-0.00658875,0.47162142,-0.05608743,0.56709218,-0.31984556,0.21583878,-0.15098962,0.02181526,-0.00000001,-0.30684277,-0.53851724,0.45563608,-0.05950346,0.40427804,0.01530427,0.00000000
-0.04040570,0.93550390,0.82450402,-0.05402612,0.62686944,0.77249438,0.08583878,-0.35831052,0.19052769,-0.07039997,0.93406850,-0.44702497,0.01458745,-0.29532200,-0.47263288,-0.23677675,0.99292064,-0.39676845,-0.03373180,-0.03248351,-0.00607644,0.44521469,-0.09160634,0.57719541,-0.28433698,0.17120624,-0.15402293,0.01674987,-0.00000001,-0.33065185,-0.53921616,0.41926238,-0.08848033,0.40857175,0.01163907,0.00000000
-0.03629367,0.93213737,0.83235365,-0.04418855,0.63394696,0.76666093,0.09159525,-0.33869678,0.19685881,-0.06348767,0.92252004,-0.43986282,0.01459492,-0.29041180,-0.47959703,-0.24527104,0.97133130,-0.38928419,-0.03374865,-0.03204773,-0.00585921,0.41736078,-0.12692304,0.58653414,-0.24822941,0.12559325,-0.15713914,0.01155070,-0.00000001,-0.35484561,-0.54057574,0.38013729,-0.11744255,0.41298440,0.00782211,0.00000000
-0.03217815,0.92838985,0.84008783,-0.03502234,0.64100289,0.76068830,0.09613549,-0.31666788,0.20294195,-0.05607502,0.91288769,-0.43306300,0.01460307,-0.28498545,-0.48699915,-0.25394577,0.94924557,-0.38096273,-0.03376704,-0.03192420,-0.00623213,0.38661250,-0.16183527,0.59434360,-0.21092363,0.07801942,-0.16042100,0.00608397,-0.00000001,-0.37980875,-0.54325718,0.33550927,-0.14637555,0.41763490,0.00370164,0.00000000
-0.02901746,0.92860252,0.84533381,-0.02632588,0.64669126,0.75608701,0.09710760,-0.29314119,0.20871691,-0.04901323,0.90419549,-0.42686725,0.01461190,-0.27971348,-0.49457943,-0.26289660,0.92766988,-0.37221378,-0.03378699,-0.03183509,-0.00721424,0.35562876,-0.19477290,0.60029930,-0.17247246,0.03064981,-0.16383587,0.00073712,-0.00000001,-0.40333858,-0.54698205,0.28671676,-0.17340244,0.42239997,-0.00034228,0.00000000
-0.02633420,0.93079519,0.84933579,-0.01786426,0.65167564,0.75214857,0.09629260,-0.26886570,0.21433778,-0.04212688,0.89597338,-0.42097345,0.01462108,-0.27451879,-0.50224876,-0.27198568,0.90634936,-0.36325103,-0.03380771,-0.03176318,-0.00850093,0.32452729,-0.22672324,0.60532796,-0.13344862,-0.01661771,-0.16731724,-0.00454980,-0.00000001,-0.42615169,-0.55122870,0.23584202,-0.19947632,0.42722213,-0.00434793,0.00000000
-0.02240761,0.93646228,0.85601330,-0.00781794,0.65621215,0.74826664,0.09706454,-0.24061093,0.22037035,-0.03673002,0.88930237,-0.41578937,0.01463129,-0.26886141,-0.51107568,-0.28065863,0.88646454,-0.35376239,-0.03383074,-0.03180427,-0.00915951,0.28992832,-0.25724214,0.60840493,-0.09062245,-0.06366142,-0.17099229,-0.01008489,-0.00000001,-0.44694784,-0.55687964,0.17852783,-0.22268349,0.43211082,-0.00855868,0.00000000
-0.02020208,0.93988788,0.86097199,0.00047939,0.66086864,0.74417603,0.09723440,-0.21303400,0.22611833,-0.03208724,0.88237131,-0.41119790,0.01464184,-0.26386890,-0.51994836,-0.28938490,0.86722213,-0.34424803,-0.03385455,-0.03109189,-0.00981779,0.25755230,-0.28580189,0.61042356,-0.04725567,-0.10895074,-0.17469339,-0.01532367,-0.00000001,-0.46499264,-0.56221783,0.12155766,-0.24387191,0.43685848,-0.01240695,0.00000000
-0.02143869,0.93883049,0.86249328,0.00527665,0.66588521,0.73980480,0.09621783,-0.18681286,0.23129727,-0.02895266,0.87491977,-0.40779170,0.01465307,-0.26020598,-0.52891272,-0.29821765,0.84926462,-0.33468223,-0.03387989,-0.02887257,-0.01047548,0.22962232,-0.31044331,0.61032557,-0.00280762,-0.15073137,-0.17844652,-0.01996981,-0.00000001,-0.47753462,-0.56693071,0.06527552,-0.26102290,0.44132385,-0.01553024,0.00000000
-0.02611379,0.93429309,0.86331517,0.00762525,0.67238069,0.73391795,0.09597147,-0.16200332,0.23655859,-0.02765843,0.86723107,-0.40567732,0.01466499,-0.25699124,-0.53846538,-0.30660760,0.83287466,-0.32509679,-0.03390679,-0.02456416,-0.01104511,0.20492631,-0.33174282,0.60836297,0.04304055,-0.18863517,-0.18220076,-0.02411383,-0.00000001,-0.48527104,-0.57054913,0.01057686,-0.27489430,0.44540086,-0.01811686,0.00000000
-0.03250813,0.92801565,0.86378747,0.00874899,0.67957592,0.72723031,0.09610464,-0.13789953,0.24186108,-0.02728438,0.85942370,-0.40420902,0.01467725,-0.25400051,-0.54831231,-0.31477606,0.81726855,-0.31550157,-0.03393446,-0.01921120,-0.01157069,0.18184718,-0.35137147,0.60546798,0.08958880,-0.22460052,-0.18595558,-0.02800680,-0.00000001,-0.49060467,-0.57362026,-0.04333007,-0.28712595,0.44928381,-0.02043515,0.00000000
-0.03697767,0.91623729,0.86203521,0.00829152,0.68758595,0.71946663,0.09759407,-0.11679839,0.24607806,-0.02848838,0.85224634,-0.40529692,0.01469054,-0.25276336,-0.55737597,-0.32278296,0.80447173,-0.30603102,-0.03396444,-0.01235131,-0.01237009,0.16574308,-0.36543849,0.59929758,0.13473624,-0.25347939,-0.18953910,-0.03078719,-0.00000001,-0.48939434,-0.57405943,-0.09200086,-0.29553270,0.45243144,-0.02191307,0.00000000
-0.04209084,0.90504712,0.85981631,0.00699369,0.69468701,0.71250206,0.09849796,-0.09696385,0.24973731,-0.02983958,0.84553689,-0.40739352,0.01470417,-0.25194269,-0.56582260,-0.33068082,0.79282469,-0.29655120,-0.03399520,-0.00552567,-0.01349550,0.15194650,-0.37795931,0.59206450,0.17841019,-0.28005949,-0.19304740,-0.03318937,-0.00000001,-0.48658785,-0.57361895,-0.13831162,-0.30319136,0.45532039,-0.02315771,0.00000000
-0.04849124,0.89503330,0.85666418,0.00401661,0.70008487,0.70725703,0.09824704,-0.07966240,0.25228095,-0.03148519,0.83976293,-0.41150734,0.01471849,-0.25195533,-0.57303500,-0.33836061,0.78347701,-0.28705278,-0.03402749,0.00123142,-0.01527295,0.14276497,-0.38738778,0.58270603,0.21913697,-0.30204242,-0.19640523,-0.03483514,-0.00000001,-0.48058921,-0.57141918,-0.17990236,-0.30935392,0.45769197,-0.02393578,0.00000000
-0.05605625,0.88909608,0.85293347,0.00062132,0.70305836,0.70434934,0.09798261,-0.06519359,0.25385374,-0.03305917,0.83537477,-0.41754535,0.01473349,-0.25196478,-0.57908303,-0.34539452,0.77650982,-0.27753717,-0.03406133,0.00779537,-0.01746536,0.13728553,-0.39434227,0.57222903,0.25615329,-0.31997114,-0.19961303,-0.03587063,-0.00000001,-0.47250056,-0.56817186,-0.21643898,-0.31477052,0.45957038,-0.02436709,0.00000000
-0.06420357,0.88519716,0.84891349,-0.00298298,0.70482349,0.70261467,0.09771197,-0.05214106,0.25494117,-0.03459734,0.83167958,-0.42454550,0.01474883,-0.25197262,-0.58454907,-0.35210541,0.77073282,-0.26801285,-0.03409595,0.01426275,-0.01986525,0.13365708,-0.40005973,0.56119269,0.29131436,-0.33587277,-0.20274581,-0.03660097,-0.00000001,-0.46336699,-0.56440049,-0.25044855,-0.31981409,0.46120211,-0.02462502,0.00000000
-0.07310799,0.88259399,0.84465438,-0.00820947,0.70700926,0.70083886,0.09431536,-0.04221528,0.25430262,-0.03556019,0.83113629,-0.43408006,0.01476521,-0.25234398,-0.58743024,-0.35805249,0.76807284,-0.25860298,-0.03413288,0.02000747,-0.02324819,0.13460986,-0.40256998,0.54950488,0.32082599,-0.34625861,-0.20566286,-0.03659586,-0.00000001,-0.45189235,-0.56007385,-0.27740696,-0.32423678,0.46212626,-0.02452629,0.00000000
-0.08200704,0.88008791,0.84038782,-0.01329963,0.70827037,0.69982922,0.09173457,-0.03354098,0.25350899,-0.03633519,0.83169252,-0.44413224,0.01478193,-0.25252828,-0.58985645,-0.36338204,0.76605850,-0.24931504,-0.03417058,0.02540238,-0.02657135,0.13679762,-0.40397796,0.53819782,0.34824517,-0.35517305,-0.20851396,-0.03643043,-0.00000001,-0.43975765,-0.55599535,-0.30228159,-0.32860342,0.46283680,-0.02436515,0.00000000
-0.09089535,0.87777597,0.83610618,-0.01811749,0.70772523,0.70039535,0.09079134,-0.02736970,0.25240514,-0.03673450,0.83444756,-0.45521981,0.01479933,-0.25233838,-0.59137279,-0.36747640,0.76533502,-0.24027099,-0.03420982,0.03009769,-0.02977497,0.14145555,-0.40318161,0.52765191,0.37147927,-0.36114487,-0.21123335,-0.03594438,-0.00000001,-0.42630273,-0.55241305,-0.32298842,-0.33285791,0.46311989,-0.02407917,0.00000000
-0.09976000,0.87578410,0.83179694,-0.02317323,0.70653677,0.70155966,0.08990500,-0.02319801,0.25106299,-0.03673925,0.83939552,-0.46687210,0.01481742,-0.25177053,-0.59171408,-0.37041470,0.76571101,-0.23140097,-0.03425061,0.03399385,-0.03319997,0.14803320,-0.40013337,0.51840204,0.39115009,-0.36455041,-0.21380801,-0.03525330,-0.00000001,-0.41160190,-0.54983765,-0.34037545,-0.33713740,0.46299922,-0.02379019,0.00000000
-0.10861281,0.87395221,0.82747382,-0.02834743,0.70501351,0.70301014,0.08904549,-0.02002612,0.24960169,-0.03654672,0.84543973,-0.47880676,0.01483585,-0.25101373,-0.59146821,-0.37277496,0.76663661,-0.22261789,-0.03429216,0.03749043,-0.03673566,0.15557070,-0.39595923,0.50980014,0.40903914,-0.36667293,-0.21631031,-0.03445971,-0.00000001,-0.39627820,-0.54776579,-0.35610244,-0.34142944,0.46267644,-0.02349969,0.00000000
-0.11660369,0.87230289,0.82358938,-0.03272843,0.70263028,0.70519090,0.08913682,-0.01917281,0.24886319,-0.03613967,0.85420334,-0.49057618,0.01485531,-0.24973466,-0.58998507,-0.37332758,0.76833963,-0.21388753,-0.03433603,0.03959564,-0.04063956,0.16496146,-0.38860127,0.50410712,0.42239231,-0.36571062,-0.21858883,-0.03354070,-0.00000001,-0.37923801,-0.54803979,-0.36829349,-0.34569833,0.46180788,-0.02334418,0.00000000
-0.12381950,0.87138361,0.81974190,-0.03707189,0.70047694,0.70714015,0.08894176,-0.01891076,0.24852581,-0.03572872,0.86359793,-0.50206214,0.01487511,-0.24831407,-0.58810121,-0.37339526,0.77021110,-0.20504995,-0.03438068,0.04131664,-0.04486838,0.17476249,-0.38020641,0.49960080,0.43470284,-0.36385360,-0.22080007,-0.03262429,-0.00000001,-0.36156848,-0.54921883,-0.37970060,-0.34995708,0.46077105,-0.02328001,0.00000000
-0.12948520,0.87192446,0.81596828,-0.04134130,0.69880664,0.70865011,0.08817688,-0.01983125,0.24899067,-0.03530994,0.87425435,-0.51298159,0.01489560,-0.24661043,-0.58541584,-0.37249297,0.77241957,-0.19599798,-0.03442686,0.04226919,-0.04974699,0.18538405,-0.36973768,0.49746782,0.44492817,-0.36020726,-0.22287697,-0.03171303,-0.00000001,-0.34264034,-0.55220824,-0.38953987,-0.35419565,0.45939800,-0.02339853,0.00000000
-0.13215606,0.87021428,0.81258863,-0.04513151,0.69598091,0.71108353,0.08907273,-0.02112150,0.24964920,-0.03472937,0.88529056,-0.52307063,0.01491678,-0.24533366,-0.58198452,-0.37102109,0.77434999,-0.18658896,-0.03447458,0.04144558,-0.05430737,0.19607694,-0.35820508,0.49818736,0.45370179,-0.35522619,-0.22481917,-0.03089843,-0.00000001,-0.32239473,-0.55683923,-0.39867491,-0.35802832,0.45775968,-0.02373735,0.00000000
-0.13332947,0.86737859,0.80940598,-0.04868109,0.69256252,0.71396303,0.09079701,-0.02259663,0.25040457,-0.03406791,0.89651632,-0.53274471,0.01493830,-0.24427029,-0.57818013,-0.36926427,0.77614129,-0.17700136,-0.03452308,0.03973389,-0.05870864,0.20680548,-0.34614062,0.50033325,0.46174958,-0.34957761,-0.22669403,-0.03013214,-0.00000001,-0.30149031,-0.56229138,-0.40745795,-0.36165792,0.45598879,-0.02418634,0.00000000
-0.14233823,0.86198044,0.80667657,-0.05617580,0.68846631,0.71744090,0.09020490,-0.02435315,0.25073323,-0.03290465,0.90744776,-0.54111934,0.01496085,-0.24417572,-0.57369477,-0.36686566,0.77701557,-0.16642654,-0.03457389,0.03532258,-0.06244465,0.21745518,-0.33309695,0.50691968,0.46845210,-0.34194466,-0.22838655,-0.02950187,-0.00000001,-0.27836999,-0.56956106,-0.41567701,-0.36392432,0.45389980,-0.02489034,0.00000000
-0.15072283,0.85501266,0.80426687,-0.06369640,0.68404418,0.72103184,0.09021872,-0.02595358,0.25092706,-0.03160692,0.91769409,-0.54891801,0.01498374,-0.24454348,-0.56928730,-0.36440957,0.77739620,-0.15560916,-0.03462546,0.02998775,-0.06545400,0.22765528,-0.32044771,0.51483065,0.47510412,-0.33371282,-0.23003800,-0.02894462,-0.00000001,-0.25466985,-0.57689601,-0.42383155,-0.36533418,0.45176932,-0.02562347,0.00000000
-0.15785910,0.84490550,0.80249655,-0.07127228,0.67902291,0.72490335,0.09145121,-0.02724180,0.25085118,-0.03004030,0.92657000,-0.55556470,0.01500732,-0.24583593,-0.56503606,-0.36183858,0.77678996,-0.14430666,-0.03467857,0.02280589,-0.06701006,0.23695624,-0.30858749,0.52539062,0.48165518,-0.32428327,-0.23160751,-0.02853339,-0.00000001,-0.22981018,-0.58436126,-0.43185717,-0.36503124,0.44955587,-0.02641486,0.00000000
-0.16221046,0.83787334,0.80199689,-0.07626628,0.67443782,0.72862250,0.09179541,-0.02799119,0.25063425,-0.02832579,0.93352079,-0.56073278,0.01503159,-0.24770114,-0.56102055,-0.35918304,0.77582371,-0.13269085,-0.03473323,0.01400301,-0.06711093,0.24498653,-0.29823145,0.53798664,0.48825023,-0.31358740,-0.23309746,-0.02824558,-0.00000001,-0.20436683,-0.59131318,-0.43960160,-0.36260989,0.44731247,-0.02717822,0.00000000
-0.16516939,0.83237869,0.80213255,-0.07996871,0.67006719,0.73226154,0.09169495,-0.02847117,0.25034675,-0.02653735,0.93950886,-0.56516176,0.01505620,-0.24985279,-0.55712289,-0.35648522,0.77467757,-0.12091831,-0.03478866,0.00438962,-0.06648418,0.25238144,-0.28862759,0.55160058,0.49486735,-0.30225852,-0.23454766,-0.02801947,-0.00000001,-0.17863166,-0.59800851,-0.44720522,-0.35912934,0.44505399,-0.02792757,0.00000000
-0.17307344,0.82490557,0.80398780,-0.08609517,0.66512179,0.73619026,0.09068917,-0.02844039,0.24922782,-0.02424165,0.94275922,-0.56723106,0.01508184,-0.25245246,-0.55362469,-0.35367280,0.77382308,-0.10898598,-0.03484639,-0.00740130,-0.06357587,0.25757423,-0.28142092,0.56765282,0.50133759,-0.28883773,-0.23587495,-0.02790858,-0.00000001,-0.15242293,-0.60339081,-0.45409742,-0.35188037,0.44276604,-0.02849275,0.00000000
-0.18090799,0.81843668,0.80661815,-0.09173444,0.66063219,0.73971659,0.08927068,-0.02843604,0.24790962,-0.02189351,0.94506317,-0.56845349,0.01510782,-0.25500101,-0.55002445,-0.35090578,0.77367288,-0.09738471,-0.03490489,-0.01951466,-0.06010837,0.26226473,-0.27480528,0.58393639,0.50744784,-0.27458102,-0.23715146,-0.02779252,-0.00000001,-0.12646247,-0.60821772,-0.46051639,-0.34333903,0.44046420,-0.02896702,0.00000000
-0.18860351,0.81397617,0.81079865,-0.09640764,0.65712047,0.74251133,0.08703585,-0.02848455,0.24619289,-0.01944045,0.94547474,-0.56798202,0.01513449,-0.25744733,-0.54622018,-0.34822944,0.77493113,-0.08644554,-0.03496493,-0.03227289,-0.05552244,0.26595074,-0.26937148,0.60068202,0.51283830,-0.25865248,-0.23832631,-0.02766614,-0.00000001,-0.10099845,-0.61193383,-0.46598893,-0.33221284,0.43813458,-0.02925948,0.00000000
-0.19829457,0.80662334,0.81600320,-0.10278201,0.65244526,0.74603307,0.08476933,-0.02865777,0.24402685,-0.01693716,0.94431305,-0.56593525,0.01516185,-0.26016802,-0.54208916,-0.34583199,0.77780843,-0.07689242,-0.03502652,-0.04582934,-0.04994720,0.26909938,-0.26481664,0.61720622,0.51692128,-0.24091636,-0.23937531,-0.02746660,-0.00000001,-0.07627347,-0.61449039,-0.47021234,-0.31846195,0.43575215,-0.02933106,0.00000000
-0.20898339,0.79782432,0.82171977,-0.10999982,0.64714414,0.74986756,0.08248126,-0.02889334,0.24163617,-0.01440875,0.94236469,-0.56310058,0.01518956,-0.26302600,-0.53779483,-0.34357393,0.78149503,-0.06803235,-0.03508886,-0.05978490,-0.04387731,0.27197939,-0.26070139,0.63361949,0.52035052,-0.22227643,-0.24036141,-0.02723047,-0.00000001,-0.05191799,-0.61646718,-0.47381130,-0.30339867,0.43334317,-0.02929219,0.00000000
-0.22126283,0.79124653,0.82854480,-0.11671392,0.64036888,0.75508875,0.07839963,-0.02944294,0.23877828,-0.01199295,0.93872982,-0.55814582,0.01521829,-0.26571950,-0.53281277,-0.34158164,0.78821027,-0.06224832,-0.03515352,-0.07440761,-0.03681150,0.27432075,-0.25763863,0.64835638,0.52061713,-0.20095575,-0.24111301,-0.02683216,-0.00000001,-0.02981143,-0.61690754,-0.47491696,-0.28479043,0.43082407,-0.02892575,0.00000000
-0.23228596,0.78526789,0.83523589,-0.12236331,0.63393390,0.76002252,0.07430195,-0.03038001,0.23606645,-0.00978488,0.93466753,-0.55265337,0.01524737,-0.26791939,-0.52782255,-0.33940363,0.79572892,-0.05768041,-0.03521893,-0.08870779,-0.02966765,0.27637544,-0.25484288,0.66216969,0.51933521,-0.17889705,-0.24176741,-0.02638951,-0.00000001,-0.00907597,-0.61708325,-0.47487390,-0.26538375,0.42825222,-0.02848971,0.00000000
-0.24079646,0.78048754,0.84165919,-0.12590273,0.62828916,0.76450974,0.07018592,-0.03209199,0.23364654,-0.00799229,0.92975020,-0.54608536,0.01527713,-0.26913199,-0.52281618,-0.33685422,0.80485421,-0.05554472,-0.03528590,-0.10236292,-0.02236774,0.27785689,-0.25258097,0.67413551,0.51495636,-0.15536225,-0.24222736,-0.02585819,-0.00000001,0.00891725,-0.61672938,-0.47253355,-0.24438001,0.42557511,-0.02791447,0.00000000
-0.24595660,0.77872223,0.84738380,-0.12679046,0.62303430,0.76908106,0.06532068,-0.03443859,0.23176019,-0.00674110,0.92482752,-0.53880966,0.01530759,-0.26901373,-0.51816249,-0.33361259,0.81490779,-0.05574416,-0.03535439,-0.11512670,-0.01533116,0.27855313,-0.25068486,0.68387401,0.50707835,-0.13058831,-0.24247679,-0.02526256,-0.00000001,0.02382689,-0.61616200,-0.46778297,-0.22224438,0.42277664,-0.02726721,0.00000000
-0.24944155,0.77846432,0.85275918,-0.12634790,0.61795259,0.77366745,0.06007873,-0.03710249,0.23014055,-0.00576061,0.91990197,-0.53118008,0.01533839,-0.26823005,-0.51368505,-0.33002478,0.82542521,-0.05711120,-0.03542365,-0.12744480,-0.00842625,0.27885684,-0.24897166,0.69249874,0.49745083,-0.10519480,-0.24262096,-0.02463478,-0.00000001,0.03719475,-0.61548811,-0.46182725,-0.19954278,0.41991776,-0.02658395,0.00000000
-0.25233951,0.77738190,0.85697567,-0.12594891,0.61425114,0.77699322,0.05580153,-0.04093895,0.22878511,-0.00515629,0.91643351,-0.52292162,0.01537022,-0.26505259,-0.50942516,-0.32528773,0.83678353,-0.06166300,-0.03549521,-0.13808861,-0.00222475,0.27761528,-0.24763127,0.69756001,0.48251671,-0.07817927,-0.24242507,-0.02393348,-0.00000001,0.04592803,-0.61460906,-0.45220050,-0.17553952,0.41682893,-0.02583845,0.00000000
-0.25372300,0.77782166,0.86055326,-0.12418967,0.61075544,0.78028768,0.05201790,-0.04512946,0.22719900,-0.00447744,0.91391945,-0.51453763,0.01540239,-0.26096949,-0.50486434,-0.32020950,0.84841311,-0.06722444,-0.03556754,-0.14832994,0.00373855,0.27596846,-0.24624386,0.70132118,0.46584353,-0.05055089,-0.24211612,-0.02317713,-0.00000001,0.05333458,-0.61358088,-0.44144550,-0.15097940,0.41366234,-0.02503790,0.00000000
-0.25207746,0.78130567,0.86285311,-0.11971517,0.60769606,0.78355014,0.04922384,-0.05002807,0.22515146,-0.00364954,0.91331375,-0.50590259,0.01543525,-0.25507525,-0.49970198,-0.31444883,0.86058569,-0.07480512,-0.03564141,-0.15776643,0.00922548,0.27351099,-0.24476214,0.70248210,0.44569242,-0.02169682,-0.24158117,-0.02231066,-0.00000001,0.05808770,-0.61225492,-0.42843401,-0.12530549,0.41034031,-0.02412727,0.00000000
-0.24983570,0.78272039,0.86431044,-0.11565625,0.60454035,0.78670919,0.04736308,-0.05605250,0.22274768,-0.00271372,0.91494507,-0.49722511,0.01546880,-0.24747932,-0.49387476,-0.30788845,0.87322319,-0.08430500,-0.03571679,-0.16635349,0.01387785,0.27058372,-0.24270250,0.70096540,0.42219514,0.00843147,-0.24080625,-0.02130034,-0.00000001,0.06049839,-0.61069864,-0.41341969,-0.09861489,0.40683436,-0.02312701,0.00000000
-0.24729583,0.78310043,0.86534643,-0.11180347,0.60132766,0.78980500,0.04596831,-0.06263986,0.22016570,-0.00172395,0.91769469,-0.48852643,0.01550270,-0.23903266,-0.48771507,-0.30092812,0.88609320,-0.09476452,-0.03579296,-0.17451587,0.01811295,0.26742163,-0.24035382,0.69810998,0.39702478,0.03919687,-0.23991136,-0.02021810,-0.00000001,0.06173787,-0.60902745,-0.39740404,-0.07141600,0.40323660,-0.02208194,0.00000000
-0.24064298,0.78757507,0.86470377,-0.10319126,0.59809399,0.79342026,0.04603655,-0.07112435,0.21631578,-0.00005622,0.92446929,-0.47989583,0.01553763,-0.22825225,-0.47966233,-0.29316977,0.89967859,-0.10803542,-0.03587141,-0.18163089,0.02134306,0.26472774,-0.23638760,0.69111884,0.36737785,0.07221728,-0.23866718,-0.01880694,-0.00000001,0.06071809,-0.60633612,-0.37860456,-0.04214231,0.39937305,-0.02075082,0.00000000
-0.23466913,0.79103589,0.86371201,-0.09562669,0.59536493,0.79639930,0.04630668,-0.08032345,0.21247771,0.00160285,0.93267906,-0.47135034,0.01557290,-0.21712185,-0.47149360,-0.28503475,0.91293746,-0.12211421,-0.03595063,-0.18821664,0.02401873,0.26242831,-0.23154859,0.68289673,0.33662942,0.10606138,-0.23730883,-0.01727252,-0.00000001,0.05928769,-0.60332996,-0.35919774,-0.01216758,0.39542308,-0.01933845,0.00000000
-0.23005329,0.79246914,0.86202192,-0.09017210,0.59372824,0.79821557,0.04698696,-0.09095175,0.20866337,0.00324464,0.94375885,-0.46297526,0.01560886,-0.20529132,-0.46309301,-0.27614647,0.92554390,-0.13780876,-0.03603139,-0.19374369,0.02558553,0.26091778,-0.22496392,0.67221344,0.30367792,0.14155279,-0.23572183,-0.01549158,-0.00000001,0.05703601,-0.59969395,-0.33857605,0.01920924,0.39130023,-0.01776357,0.00000000
-0.22461319,0.79531205,0.85854161,-0.08173602,0.59118271,0.80097586,0.04753791,-0.10363699,0.20448539,0.00517999,0.95768106,-0.45475137,0.01564551,-0.19265030,-0.45409241,-0.26699093,0.93805695,-0.15484640,-0.03611367,-0.19809575,0.02615527,0.26149410,-0.21568438,0.65907216,0.26899138,0.17903419,-0.23391245,-0.01335411,-0.00000001,0.05508335,-0.59500104,-0.31689972,0.05239861,0.38701496,-0.01590239,0.00000000
-0.21876098,0.79885983,0.85416615,-0.07180236,0.58813190,0.80413890,0.04802008,-0.11735070,0.20012553,0.00726211,0.97302437,-0.44660321,0.01568251,-0.17960404,-0.44479176,-0.25770155,0.95052320,-0.17255564,-0.03619672,-0.20186026,0.02622650,0.26311383,-0.20505741,0.64470202,0.23343727,0.21751058,-0.23199184,-0.01103838,-0.00000001,0.05328021,-0.58977962,-0.29469597,0.08649426,0.38264835,-0.01389808,0.00000000
-0.21415891,0.79930663,0.85050309,-0.06761335,0.58691502,0.80529928,0.04952018,-0.13240501,0.19743749,0.00842733,0.99296075,-0.43833542,0.01572054,-0.16798253,-0.43751740,-0.24795778,0.96150601,-0.19200833,-0.03628205,-0.20382705,0.02565079,0.26742873,-0.19094603,0.62876219,0.19742101,0.25785938,-0.22978657,-0.00853335,-0.00000001,0.05274949,-0.58361739,-0.27222097,0.12302291,0.37808040,-0.01159894,0.00000000
-0.20966446,0.79855573,0.84636182,-0.06394173,0.58592111,0.80618358,0.05172957,-0.14833258,0.19503970,0.00951784,1.01416183,-0.43004534,0.01575891,-0.15701561,-0.43065485,-0.23831290,0.97243065,-0.21191292,-0.03636816,-0.20534278,0.02484426,0.27358297,-0.17505890,0.61199105,0.16108492,0.29904240,-0.22748786,-0.00586764,-0.00000001,0.05317558,-0.57697117,-0.24971125,0.16062343,0.37345815,-0.00910713,0.00000000
-0.20538528,0.79540950,0.84126425,-0.06130657,0.58538717,0.80653507,0.05535869,-0.16600670,0.19322246,0.01045890,1.03789234,-0.42171064,0.01579798,-0.14735778,-0.42461616,-0.22886577,0.98323858,-0.23272131,-0.03645577,-0.20595655,0.02357611,0.28341579,-0.15562035,0.59355760,0.12410901,0.34189415,-0.22500224,-0.00288059,-0.00000001,0.05551533,-0.56935674,-0.22713239,0.20036764,0.36872759,-0.00622999,0.00000000
-0.19963729,0.79238975,0.83687758,-0.06043936,0.58640903,0.80551952,0.06008021,-0.18600477,0.19165571,0.01159231,1.06343889,-0.41333944,0.01583773,-0.13841766,-0.41936615,-0.21993960,0.99474090,-0.25367141,-0.03654492,-0.20506427,0.02184391,0.29688564,-0.13230723,0.57389653,0.08679624,0.38602883,-0.22236526,0.00037989,-0.00000001,0.05977872,-0.56132716,-0.20499958,0.24182951,0.36394027,-0.00302511,0.00000000
-0.19315490,0.78943330,0.83284640,-0.06045486,0.58819640,0.80380344,0.06534658,-0.20716475,0.19021417,0.01282192,1.08989346,-0.40495002,0.01587783,-0.12983647,-0.41451043,-0.21127388,1.00659049,-0.27469236,-0.03663484,-0.20341896,0.01987969,0.31217402,-0.10705684,0.55362153,0.04931503,0.43080509,-0.21965270,0.00377707,-0.00000001,0.06500392,-0.55308986,-0.18308981,0.28415027,0.35912460,0.00034364,0.00000000
-0.18450883,0.78132278,0.82511973,-0.05945343,0.59158409,0.80071765,0.07310808,-0.23502721,0.18677057,0.01622355,1.11762071,-0.39725390,0.01591896,-0.12158935,-0.40988651,-0.20364469,1.02028966,-0.29500309,-0.03672704,-0.19929476,0.01766429,0.33664668,-0.07360686,0.53003716,0.01018453,0.47817004,-0.21670295,0.00797675,-0.00000001,0.07489333,-0.54332888,-0.16136451,0.32976648,0.35425326,0.00460171,0.00000000
-0.17637381,0.77326924,0.81857878,-0.05990292,0.59481746,0.79749548,0.08126975,-0.26338583,0.18274765,0.02047317,1.14547515,-0.38972563,0.01596044,-0.11305381,-0.40543085,-0.19642743,1.03419578,-0.31435937,-0.03681999,-0.19504400,0.01563878,0.36099872,-0.03976728,0.50695473,-0.02851332,0.52447504,-0.21370681,0.01192527,-0.00000001,0.08542036,-0.53416616,-0.14038704,0.37494636,0.34939712,0.00873504,0.00000000
-0.16926089,0.76532972,0.81440949,-0.06325788,0.59777874,0.79405075,0.09023548,-0.29273689,0.17756608,0.02641878,1.17358458,-0.38253286,0.01600261,-0.10394141,-0.40131193,-0.19003406,1.04851651,-0.33180702,-0.03691448,-0.19054002,0.01399307,0.38510951,-0.00514854,0.48487610,-0.06634590,0.56866008,-0.21061797,0.01537147,-0.00000001,0.09722263,-0.52620023,-0.12090517,0.41925338,0.34457129,0.01261889,0.00000000
-0.16430554,0.75979578,0.81095982,-0.06692880,0.60081816,0.79050839,0.09815580,-0.32104108,0.17276017,0.03318771,1.20041382,-0.37486088,0.01604547,-0.09405877,-0.39787099,-0.18423240,1.06221354,-0.34693632,-0.03701047,-0.18653974,0.01256146,0.40600592,0.02790541,0.46452168,-0.10285308,0.60886699,-0.20747410,0.01791731,-0.00000001,0.10944248,-0.51981997,-0.10286798,0.46115360,0.33977467,0.01595597,0.00000000
-0.16042896,0.75546467,0.80786997,-0.07075488,0.60387301,0.78688651,0.10554916,-0.34882194,0.16814207,0.04036827,1.22660339,-0.36694929,0.01608867,-0.08379097,-0.39476895,-0.17872673,1.07559860,-0.36090639,-0.03710723,-0.18279134,0.01123690,0.42529508,0.06017695,0.44502935,-0.13869753,0.64708483,-0.20430271,0.02001299,-0.00000001,0.12187109,-0.51423258,-0.08555314,0.50185043,0.33499277,0.01901965,0.00000000
-0.15729728,0.75432861,0.80538535,-0.07380923,0.60921896,0.78162616,0.11164679,-0.37691391,0.16346692,0.04974702,1.24857986,-0.35813129,0.01613291,-0.07190488,-0.39229938,-0.17433991,1.08696711,-0.37139428,-0.03720627,-0.17866001,0.01112420,0.44147056,0.09203124,0.42792183,-0.17294881,0.68013543,-0.20104763,0.02108467,-0.00000001,0.13542432,-0.50981534,-0.06932676,0.53872055,0.33017018,0.02144409,0.00000000
-0.15345520,0.75163317,0.80340809,-0.07731567,0.61550206,0.77525866,0.11896865,-0.40571061,0.15874723,0.05995797,1.26840389,-0.34895951,0.01617749,-0.05933384,-0.38998178,-0.17031397,1.09720266,-0.38086727,-0.03730605,-0.17397568,0.01173209,0.45687127,0.12435587,0.41181219,-0.20668355,0.71180803,-0.19776088,0.02192122,-0.00000001,0.14919573,-0.50565797,-0.05329806,0.57418525,0.32529217,0.02367845,0.00000000
-0.14819223,0.74581885,0.80244547,-0.08172551,0.62365890,0.76667923,0.12873742,-0.43591657,0.15393840,0.07183333,1.28392303,-0.33908048,0.01622277,-0.04539293,-0.38796809,-0.16700992,1.10517228,-0.38831055,-0.03740736,-0.16818526,0.01378111,0.47072259,0.15762126,0.39769831,-0.23938528,0.74072474,-0.19441067,0.02228751,-0.00000001,0.16340367,-0.50202024,-0.03766470,0.60683930,0.32030332,0.02553262,0.00000000
-0.14705715,0.74301320,0.80254066,-0.08484606,0.63037270,0.75937444,0.13704668,-0.46626392,0.15045372,0.08326047,1.29362690,-0.32828400,0.01626873,-0.02964924,-0.38662022,-0.16393682,1.10920203,-0.39431694,-0.03751019,-0.16105215,0.01612117,0.48071679,0.19127321,0.38751018,-0.27018148,0.76703006,-0.19103815,0.02217349,-0.00000001,0.17675343,-0.50185037,-0.02407521,0.63602942,0.31521395,0.02673926,0.00000000
-0.14798601,0.74171191,0.80316478,-0.08731861,0.63634187,0.75268149,0.14462040,-0.49668187,0.14763111,0.09446348,1.30042338,-0.31702885,0.01631504,-0.01300414,-0.38560525,-0.16097923,1.11126196,-0.39960492,-0.03761377,-0.15324767,0.01860674,0.48878217,0.22511843,0.37928492,-0.30002484,0.79202962,-0.18765453,0.02181932,-0.00000001,0.18967414,-0.50341457,-0.01150766,0.66348743,0.31007427,0.02762214,0.00000000
-0.14829411,0.74122280,0.80555844,-0.08956788,0.64137739,0.74745166,0.14808303,-0.52268821,0.14597346,0.10365548,1.30086875,-0.30432805,0.01636239,0.00147162,-0.38424796,-0.15979433,1.10705364,-0.40298408,-0.03771961,-0.14451545,0.02077105,0.49207619,0.26067933,0.37823966,-0.32676670,0.81491071,-0.18429534,0.02122124,-0.00000001,0.20213251,-0.51106572,-0.00237343,0.68666166,0.30481029,0.02776600,0.00000000
-0.14856333,0.74113142,0.80852562,-0.09163336,0.64523739,0.74323672,0.15123238,-0.54808497,0.14494476,0.11202821,1.29877019,-0.29123482,0.01641008,0.01538454,-0.38289174,-0.15898217,1.10072410,-0.40595961,-0.03782622,-0.13541953,0.02266778,0.49448791,0.29729551,0.37986580,-0.35247132,0.83757472,-0.18096885,0.02066634,-0.00000001,0.21457277,-0.52129716,0.00538475,0.70865929,0.29951388,0.02770638,0.00000000
-0.14875482,0.74183547,0.81263977,-0.09334069,0.64681405,0.74112999,0.15377067,-0.57226259,0.14517386,0.11876233,1.29158378,-0.27735665,0.01645846,0.02817175,-0.38153774,-0.15891543,1.09015203,-0.40812773,-0.03793432,-0.12559618,0.02402937,0.49513540,0.33602208,0.38683447,-0.37610155,0.85980481,-0.17770767,0.02019775,-0.00000001,0.22697687,-0.53668904,0.01039081,0.72830337,0.29415271,0.02723979,0.00000000
-0.14975420,0.74324119,0.81772196,-0.09418339,0.64735383,0.74029338,0.15501007,-0.59633148,0.14667015,0.12397430,1.27948570,-0.26295188,0.01650754,0.03917039,-0.38013124,-0.15958278,1.07519746,-0.41001421,-0.03804395,-0.11495660,0.02430759,0.49598819,0.37754396,0.39940900,-0.39770451,0.88246894,-0.17458804,0.02006696,-0.00000001,0.23956411,-0.55802995,0.01236966,0.74613774,0.28874096,0.02646242,0.00000000
-0.15115753,0.74499762,0.82328814,-0.09459426,0.64737850,0.74009544,0.15560080,-0.62034589,0.14880000,0.12842524,1.26493204,-0.24828397,0.01655695,0.04927474,-0.37869841,-0.16061716,1.05805194,-0.41175997,-0.03815432,-0.10390892,0.02404414,0.49694362,0.42046347,0.41478637,-0.41829395,0.90534997,-0.17153919,0.02010506,-0.00000001,0.25224298,-0.58234537,0.01283490,0.76306707,0.28330389,0.02552964,0.00000000
-0.15239860,0.74507463,0.82954335,-0.09146275,0.64731485,0.74157292,0.15062399,-0.64457905,0.15232466,0.13094638,1.24476290,-0.23331074,0.01660741,0.05507823,-0.37670630,-0.16315836,1.03446400,-0.41396034,-0.03826694,-0.09190191,0.02107685,0.50073117,0.46742946,0.43855223,-0.43582109,0.92971563,-0.16884227,0.02096943,-0.00000001,0.26521403,-0.61621356,0.00861089,0.77807152,0.27780178,0.02428017,0.00000000
-0.15395300,0.74361259,0.83549225,-0.08798286,0.64586949,0.74403465,0.14671127,-0.66932225,0.15651251,0.13280162,1.22362399,-0.21876901,0.01665821,0.06032527,-0.37521854,-0.16544141,1.01071155,-0.41636872,-0.03838032,-0.08068644,0.01781802,0.50458938,0.51247483,0.46412355,-0.45210540,0.95340228,-0.16629601,0.02188312,-0.00000001,0.27729723,-0.65164036,0.00354606,0.79234797,0.27230263,0.02300328,0.00000000
-0.15613410,0.73907244,0.84082848,-0.08380839,0.64167523,0.74848133,0.14493024,-0.69508547,0.16202679,0.13332504,1.20054436,-0.20508997,0.01670970,0.06445940,-0.37473932,-0.16720816,0.98662996,-0.41919324,-0.03849519,-0.07105404,0.01397614,0.50858861,0.55367863,0.49330553,-0.46590427,0.97573072,-0.16405106,0.02289541,-0.00000001,0.28760508,-0.69018394,-0.00320043,0.80516857,0.26680943,0.02167155,0.00000000
-0.15847093,0.73660350,0.84204733,-0.07774690,0.63924491,0.75171572,0.14228398,-0.72057414,0.16749419,0.13368572,1.17978895,-0.19265079,0.01676188,0.06779765,-0.37508914,-0.16834947,0.96470910,-0.42286083,-0.03861157,-0.06337895,0.01010693,0.51159883,0.58635390,0.52324992,-0.47741058,0.99485463,-0.16202535,0.02369469,-0.00000001,0.29466948,-0.72851253,-0.01012661,0.81633556,0.26127630,0.02042248,0.00000000
-0.16088562,0.73517007,0.84120750,-0.07073914,0.63767278,0.75431615,0.13919987,-0.74592555,0.17293817,0.13396510,1.16019559,-0.18083152,0.01681441,0.07073799,-0.37585366,-0.16917805,0.94386834,-0.42694986,-0.03872870,-0.05668252,0.00622405,0.51411462,0.61476505,0.55357546,-0.48777056,1.01237631,-0.16010930,0.02438747,-0.00000001,0.30011228,-0.76673335,-0.01714262,0.82667589,0.25572330,0.01921472,0.00000000
-0.16300695,0.73377687,0.84055871,-0.06731965,0.63483483,0.75738186,0.13720630,-0.77247053,0.17673668,0.13528654,1.14506757,-0.17113456,0.01686798,0.07246229,-0.37708491,-0.16925156,0.92723840,-0.43306571,-0.03884807,-0.05271793,0.00219127,0.51664424,0.63124573,0.58544648,-0.49478671,1.02625716,-0.15847126,0.02514378,-0.00000001,0.30068830,-0.80444491,-0.02441389,0.83490282,0.25013119,0.01819370,0.00000000
-0.16506816,0.73250419,0.83869928,-0.06368560,0.63247800,0.75997454,0.13547844,-0.79876697,0.17983457,0.13705908,1.13227940,-0.16218948,0.01692189,0.07379212,-0.37847480,-0.16902597,0.91235459,-0.44010237,-0.03896818,-0.04995697,-0.00151054,0.51866484,0.64222753,0.61686039,-0.50073326,1.03831601,-0.15688741,0.02581233,-0.00000001,0.29938436,-0.84026235,-0.03103651,0.84232223,0.24449673,0.01728103,0.00000000
-0.16700916,0.73147261,0.83441836,-0.05962523,0.63110906,0.76165152,0.13428749,-0.82456619,0.18153138,0.13973376,1.12416995,-0.15474807,0.01697649,0.07433306,-0.38018188,-0.16820216,0.90096313,-0.44898069,-0.03908980,-0.04960326,-0.00455044,0.51966751,0.64221138,0.64736009,-0.50454044,1.04673040,-0.15541194,0.02630538,-0.00000001,0.29432052,-0.87229127,-0.03636185,0.84812671,0.23877761,0.01658507,0.00000000
-0.16099185,0.73201907,0.83083624,-0.05388369,0.63058215,0.76292437,0.13194355,-0.84986877,0.18064809,0.14414492,1.12119961,-0.14875476,0.01703178,0.07417254,-0.38148263,-0.16710465,0.89297217,-0.45953473,-0.03921289,-0.05086689,-0.00670590,0.52000445,0.63093513,0.67664951,-0.50631708,1.05142069,-0.15401311,0.02662850,-0.00000001,0.28478834,-0.89972609,-0.04004512,0.85174376,0.23296899,0.01596523,0.00000000
-0.15099537,0.73335451,0.82760340,-0.04729969,0.63045317,0.76396716,0.12901832,-0.87492299,0.17847471,0.14942427,1.12079859,-0.14348553,0.01708741,0.07366131,-0.38258010,-0.16587017,0.88668126,-0.47092673,-0.03933674,-0.05293921,-0.00841916,0.52000839,0.61402863,0.70533395,-0.50707847,1.05424869,-0.15265265,0.02686666,-0.00000001,0.27302185,-0.92486387,-0.04290736,0.85426688,0.22711560,0.01538347,0.00000000
-0.15056655,0.73271745,0.82158995,-0.04493948,0.63124382,0.76289934,0.13227378,-0.89899188,0.17442225,0.15579419,1.12433624,-0.13983716,0.01714409,0.07318681,-0.38493854,-0.16366188,0.88527650,-0.48417526,-0.03946280,-0.05736925,-0.00705597,0.52000797,0.58107567,0.72796309,-0.50601578,1.05063140,-0.15131524,0.02672288,-0.00000001,0.25594386,-0.93762392,-0.04125852,0.85348576,0.22106896,0.01500592,0.00000000
-0.14904678,0.73043042,0.81541497,-0.04306277,0.63186437,0.76195014,0.13536981,-0.92190778,0.16935657,0.16265544,1.12857282,-0.13644786,0.01720111,0.07218570,-0.38658738,-0.16174810,0.88503438,-0.49780601,-0.03958961,-0.06204672,-0.00525786,0.52000797,0.54394048,0.74760258,-0.50482470,1.04481411,-0.14998165,0.02644710,-0.00000001,0.23767173,-0.94613707,-0.03807558,0.85171348,0.21497580,0.01469392,0.00000000
-0.14534514,0.72484344,0.80891693,-0.04215411,0.63215923,0.76125705,0.13815013,-0.94251734,0.16226445,0.17049947,1.13420761,-0.13357688,0.01725882,0.07013132,-0.38681731,-0.16042331,0.88711745,-0.51220149,-0.03971791,-0.06721900,-0.00258987,0.52000880,0.49844074,0.76126254,-0.50337714,1.03459728,-0.14865579,0.02590732,-0.00000001,0.21701130,-0.94615638,-0.03182444,0.84795922,0.20878960,0.01451303,0.00000000
-0.14099929,0.71654242,0.80239367,-0.04288159,0.63214320,0.76041913,0.14254442,-0.96138358,0.15391345,0.17897281,1.13959944,-0.13098632,0.01731722,0.06779931,-0.38597736,-0.15944038,0.89069474,-0.52667457,-0.03984768,-0.07236169,0.00076325,0.52000922,0.44590271,0.76760906,-0.50228673,1.01964295,-0.14733204,0.02498828,-0.00000001,0.19451116,-0.93729252,-0.02235105,0.84213805,0.20253572,0.01440533,0.00000000
-0.13633132,0.70688438,0.79585779,-0.04442617,0.63195771,0.75949186,0.14774251,-0.97937816,0.14493299,0.18776092,1.14486933,-0.12853600,0.01737596,0.06532850,-0.38460258,-0.15862848,0.89501894,-0.54118645,-0.03997818,-0.07748962,0.00445894,0.52000958,0.38984549,0.77029872,-0.50137496,1.00231957,-0.14600939,0.02387961,-0.00000001,0.17109126,-0.92398721,-0.01126654,0.83528328,0.19624801,0.01433422,0.00000000
-0.13320683,0.68625933,0.78803992,-0.05035779,0.63245702,0.75698179,0.15633561,-0.99456459,0.13491322,0.19715954,1.14814246,-0.12608598,0.01743574,0.06247410,-0.38179666,-0.15824951,0.89970583,-0.55481672,-0.04011090,-0.08198293,0.00868181,0.52000874,0.32639307,0.76089388,-0.50197673,0.97810978,-0.14468743,0.02214863,-0.00000001,0.14604220,-0.89749777,0.00463308,0.82520181,0.18993458,0.01424055,0.00000000
-0.13081028,0.66761351,0.78158551,-0.05680274,0.63255149,0.75470644,0.16453046,-1.00947237,0.12516494,0.20636424,1.14918482,-0.12359132,0.01749587,0.06037702,-0.37867290,-0.15795296,0.90400904,-0.56776923,-0.04024435,-0.08553249,0.01260393,0.52000910,0.26317459,0.74849010,-0.50337672,0.95261312,-0.14334410,0.02036538,-0.00000001,0.12123588,-0.86833417,0.02154694,0.81425977,0.18363565,0.01409501,0.00000000
-0.12986957,0.65292609,0.77785808,-0.06427951,0.63191020,0.75298882,0.17194618,-1.02382374,0.11595958,0.21518122,1.14576519,-0.12100741,0.01755668,0.05979459,-0.37491357,-0.15782127,0.90754473,-0.57936621,-0.04037928,-0.08719458,0.01592456,0.52001244,0.20042393,0.73008859,-0.50637287,0.92454278,-0.14195815,0.01847759,-0.00000001,0.09691504,-0.83382148,0.04048929,0.80159634,0.17736568,0.01384572,0.00000000
-0.12787680,0.64168489,0.77586293,-0.06792551,0.63280451,0.75080609,0.17673366,-1.03352976,0.10695435,0.22329089,1.13995802,-0.11794506,0.01761819,0.05867992,-0.37016943,-0.15819828,0.90894663,-0.58951372,-0.04051566,-0.08774784,0.01913861,0.52001393,0.13897350,0.70838809,-0.51061726,0.89442372,-0.14042078,0.01639671,-0.00000001,0.07367206,-0.79542792,0.06111566,0.78726703,0.17105314,0.01340240,0.00000000
-0.12535800,0.63216680,0.77473402,-0.06965718,0.63447821,0.74840474,0.18021001,-1.04091370,0.09804916,0.23104692,1.13295698,-0.11464350,0.01768004,0.05729916,-0.36493284,-0.15882964,0.90928161,-0.59893632,-0.04065279,-0.08774666,0.02229936,0.52001452,0.07817321,0.68503797,-0.51548588,0.86328030,-0.13880768,0.01421927,-0.00000001,0.05096802,-0.75509381,0.08258405,0.77210456,0.16471927,0.01286207,0.00000000
-0.11892695,0.63058120,0.77547115,-0.06602776,0.63634634,0.74701470,0.18075588,-1.04148984,0.08943963,0.23752877,1.12279272,-0.11101919,0.01774292,0.05544179,-0.35823876,-0.16014273,0.90649015,-0.60587418,-0.04079236,-0.08639889,0.02488837,0.52000976,0.01926180,0.65768892,-0.52227515,0.82887304,-0.13680591,0.01150845,-0.00000001,0.03043816,-0.70890939,0.10690119,0.75429112,0.15820287,0.01191830,0.00000000
-0.11257210,0.62889081,0.77647901,-0.06291709,0.63749933,0.74614000,0.18141422,-1.04021370,0.08146473,0.24335662,1.11035812,-0.10726289,0.01780616,0.05395194,-0.35131752,-0.16149336,0.90287334,-0.61181808,-0.04093290,-0.08451170,0.02757980,0.51922286,-0.03731370,0.63154584,-0.52931303,0.79476810,-0.13464384,0.00889193,-0.00000001,0.01149233,-0.66261703,0.13143021,0.73620647,0.15163763,0.01092092,0.00000000
-0.10636965,0.62699080,0.77802837,-0.06084586,0.63723969,0.74631709,0.18230258,-1.03523314,0.07475918,0.24787641,1.09338367,-0.10324274,0.01787008,0.05319715,-0.34394217,-0.16291913,0.89760518,-0.61577463,-0.04107535,-0.08154567,0.03047612,0.51687175,-0.08921739,0.60781431,-0.53684837,0.76126790,-0.13216120,0.00646401,-0.00000001,-0.00428541,-0.61610866,0.15638299,0.71757907,0.14497478,0.00981632,0.00000000
-0.10284843,0.62692344,0.77943665,-0.05914534,0.63764483,0.74646920,0.18081665,-1.02594817,0.06929424,0.25112355,1.07206321,-0.09905649,0.01793469,0.05234878,-0.33644542,-0.16450864,0.89060563,-0.61830163,-0.04121980,-0.07774465,0.03425715,0.51212549,-0.13627511,0.58688533,-0.54489362,0.72835267,-0.12934496,0.00412073,-0.00000001,-0.01604772,-0.56910825,0.18197629,0.69866395,0.13822974,0.00863020,0.00000000
-0.10066781,0.62777251,0.78077447,-0.05762979,0.63837796,0.74660414,0.17814237,-1.01451099,0.06444964,0.25373429,1.04856980,-0.09478720,0.01799964,0.05145361,-0.32888797,-0.16618004,0.88274044,-0.62011391,-0.04136525,-0.07352618,0.03848054,0.50618184,-0.18090989,0.56735754,-0.55319422,0.69573009,-0.12636188,0.00181976,-0.00000001,-0.02580230,-0.52186173,0.20788985,0.67960501,0.13144360,0.00740333,0.00000000
-0.09778801,0.64235866,0.78246570,-0.05098855,0.63585508,0.75133401,0.16907315,-0.99843222,0.06085577,0.25489306,1.01855075,-0.09064554,0.01806563,0.05187515,-0.32090005,-0.16677639,0.87169880,-0.62281823,-0.04151408,-0.06865986,0.04428048,0.49712074,-0.21966060,0.55234021,-0.56198049,0.66343594,-0.12288883,-0.00062126,-0.00000001,-0.02934058,-0.47379562,0.23480336,0.65997255,0.12461834,0.00593741,0.00000000
-0.09496355,0.65437645,0.78412294,-0.04570289,0.63298404,0.75585836,0.16099878,-0.98093098,0.05739868,0.25583050,0.98705268,-0.08664408,0.01813196,0.05199369,-0.31236178,-0.16763006,0.86059606,-0.62454611,-0.04166433,-0.06347224,0.05005553,0.48765877,-0.25577480,0.53961045,-0.57081497,0.63179111,-0.11926930,-0.00301796,-0.00000001,-0.03065572,-0.42790395,0.26074314,0.64065140,0.11789011,0.00445845,0.00000000
-0.09224980,0.66125745,0.78571212,-0.04313948,0.62955034,0.76012880,0.15495032,-0.96058476,0.05421512,0.25632551,0.95259678,-0.08292298,0.01819898,0.05150623,-0.30272266,-0.16899842,0.84937096,-0.62432122,-0.04181746,-0.05764202,0.05578076,0.47739500,-0.28661585,0.53145528,-0.57974595,0.60144532,-0.11535684,-0.00532604,-0.00000001,-0.02752453,-0.38636091,0.28473532,0.62195289,0.11135589,0.00295340,0.00000000
-0.09074717,0.66635621,0.78708017,-0.04204208,0.62639624,0.76399976,0.14887786,-0.93769652,0.05200041,0.25593901,0.91599685,-0.07958317,0.01826668,0.05050515,-0.29259020,-0.17087297,0.83832330,-0.62278908,-0.04197330,-0.05182910,0.06098558,0.46628845,-0.31356803,0.52736920,-0.58868116,0.57192421,-0.11116134,-0.00773474,-0.00000001,-0.02057874,-0.35014370,0.30597827,0.60380453,0.10509087,0.00135029,0.00000000
-0.08985010,0.67056382,0.78833753,-0.04167663,0.62336600,0.76765150,0.14278983,-0.91353732,0.05027014,0.25511181,0.87832475,-0.07643402,0.01833473,0.04924725,-0.28221112,-0.17300054,0.82736415,-0.62060320,-0.04213052,-0.04602483,0.06593017,0.45476073,-0.33857590,0.52531761,-0.59761840,0.54281545,-0.10682436,-0.01019374,-0.00000001,-0.01172565,-0.31658944,0.32584661,0.58593106,0.09896045,-0.00030187,0.00000000
-0.08821847,0.67454571,0.78905237,-0.04155235,0.61998606,0.77153027,0.13649844,-0.88454539,0.04981804,0.25279379,0.83829689,-0.07403261,0.01840381,0.04725570,-0.27069399,-0.17589685,0.81768513,-0.61820847,-0.04229173,-0.04089281,0.07059313,0.44061559,-0.35962266,0.52870613,-0.60640073,0.51432967,-0.10208480,-0.01307763,-0.00000001,0.00097708,-0.29146332,0.34065318,0.56833291,0.09330793,-0.00230433,0.00000000
-0.08628921,0.67932844,0.78945488,-0.04106941,0.61648631,0.77553266,0.12964192,-0.85355896,0.04986535,0.24990304,0.79805642,-0.07194736,0.01847324,0.04491555,-0.25878724,-0.17904310,0.80856025,-0.61618829,-0.04245421,-0.03634281,0.07506677,0.42506972,-0.38006753,0.53379589,-0.61499226,0.48589805,-0.09722184,-0.01618826,-0.00000001,0.01427914,-0.26949933,0.35323328,0.55066723,0.08784628,-0.00449133,0.00000000
-0.08376469,0.68571305,0.78923291,-0.03987107,0.61277533,0.77981734,0.12166199,-0.81858361,0.05091157,0.24586707,0.75739050,-0.07049447,0.01854334,0.04187820,-0.24610122,-0.18268919,0.80054349,-0.61491734,-0.04261925,-0.03295682,0.07916173,0.40672252,-0.39930874,0.54228818,-0.62320226,0.45757461,-0.09211197,-0.01975239,-0.00000001,0.02877990,-0.25385943,0.36136037,0.53286576,0.08276636,-0.00704738,0.00000000
-0.07968885,0.68871939,0.78907043,-0.03889371,0.60968226,0.78318661,0.11573111,-0.78201216,0.05223350,0.24141909,0.71920848,-0.07012987,0.01861414,0.03793387,-0.23314020,-0.18682402,0.79348916,-0.61335021,-0.04278674,-0.03075018,0.08165872,0.38663515,-0.41768235,0.55503982,-0.63039345,0.43075761,-0.08688889,-0.02348273,-0.00000001,0.04270628,-0.24661504,0.36253366,0.51523221,0.07819019,-0.00992665,0.00000000
-0.07483736,0.69003659,0.78893769,-0.03802679,0.60689712,0.78609657,0.11082479,-0.74464232,0.05369329,0.23676515,0.68226838,-0.07030945,0.01868528,0.03353608,-0.22004169,-0.19120322,0.78691608,-0.61163533,-0.04295547,-0.02913320,0.08335672,0.36567795,-0.43562219,0.56992126,-0.63707530,0.40469363,-0.08160917,-0.02729618,-0.00000001,0.05634549,-0.24356844,0.36023000,0.49768227,0.07386587,-0.01296751,0.00000000
-0.07045186,0.69377244,0.78846401,-0.03599453,0.60500592,0.78838593,0.10545075,-0.70952302,0.05648580,0.23175022,0.64995956,-0.07238369,0.01875745,0.03022881,-0.20895606,-0.19470054,0.78134000,-0.61054701,-0.04312725,-0.02937102,0.08266664,0.34386471,-0.45283797,0.59222442,-0.64139611,0.38284507,-0.07628368,-0.03097052,-0.00000001,0.06868928,-0.25335515,0.34630141,0.48151684,0.07032264,-0.01627375,0.00000000
-0.06732541,0.69641668,0.78787309,-0.03510422,0.60299236,0.79062676,0.10038486,-0.67491728,0.05965526,0.22659580,0.61971784,-0.07500593,0.01882995,0.02701917,-0.19832797,-0.19785430,0.77638477,-0.60913384,-0.04329996,-0.03043129,0.08096790,0.32163867,-0.47003323,0.61741698,-0.64459729,0.36300799,-0.07096863,-0.03449055,-0.00000001,0.08071608,-0.26768118,0.32800314,0.46631697,0.06704029,-0.01957895,0.00000000
-0.06671706,0.69687766,0.78704768,-0.03649951,0.60076392,0.79280889,0.09594062,-0.64133799,0.06357863,0.22116239,0.59361047,-0.07872420,0.01890315,0.02400477,-0.18861501,-0.20032109,0.77267116,-0.60707140,-0.04347453,-0.03313643,0.07725172,0.29858693,-0.48718753,0.64838803,-0.64555907,0.34719390,-0.06567447,-0.03770197,-0.00000001,0.09210890,-0.29108599,0.30096552,0.45304856,0.06427969,-0.02288208,0.00000000
-0.06399626,0.69525427,0.78644699,-0.03790644,0.59686029,0.79593366,0.09386417,-0.60958660,0.06750572,0.21581338,0.57246143,-0.08339156,0.01897702,0.02106221,-0.17932411,-0.20200983,0.76992220,-0.60491097,-0.04365086,-0.03702806,0.07181843,0.27601328,-0.50360239,0.68627346,-0.64367229,0.33777615,-0.06045651,-0.04004363,-0.00000001,0.10423758,-0.32330233,0.26509634,0.44343421,0.06200800,-0.02581196,0.00000000
-0.06021922,0.69258863,0.78595865,-0.03931835,0.59210640,0.79951280,0.09296963,-0.57874912,0.07143468,0.21050660,0.55379182,-0.08853350,0.01905123,0.01815558,-0.17024420,-0.20330954,0.76765561,-0.60270149,-0.04382810,-0.04151296,0.06552659,0.25367871,-0.51964754,0.72761595,-0.64036137,0.33155662,-0.05527664,-0.04195042,-0.00000001,0.11673416,-0.35992458,0.22481140,0.43564698,0.05998078,-0.02855522,0.00000000
-0.05993435,0.69661707,0.78477460,-0.03859994,0.58985031,0.80171394,0.08855104,-0.55554396,0.07519687,0.20557912,0.54080516,-0.09542248,0.01912647,0.01564317,-0.16532366,-0.20352508,0.76641631,-0.60147893,-0.04400769,-0.04485758,0.05976866,0.23857225,-0.53099728,0.77849877,-0.63412768,0.33917585,-0.05018567,-0.04138031,-0.00000001,0.13341422,-0.40343133,0.17679591,0.43582657,0.05844919,-0.03009595,0.00000000
-0.05987248,0.70052570,0.78363168,-0.03769138,0.58813274,0.80347329,0.08432067,-0.53441131,0.07874177,0.20078649,0.52966571,-0.10276659,0.01920206,0.01280234,-0.16124256,-0.20367098,0.76561940,-0.59987730,-0.04418808,-0.04775973,0.05392892,0.22603859,-0.54032022,0.83260328,-0.62708116,0.35205519,-0.04510618,-0.03978669,-0.00000001,0.15237080,-0.44862887,0.12674382,0.43913332,0.05704197,-0.03114928,0.00000000
-0.06025662,0.70419472,0.78257090,-0.03640400,0.58751464,0.80437917,0.08047020,-0.51742339,0.08185212,0.19626369,0.52222037,-0.11102097,0.01927832,0.00930469,-0.15884043,-0.20367754,0.76570684,-0.59751755,-0.04437011,-0.04977691,0.04792554,0.21865067,-0.54558975,0.89315081,-0.61840880,0.37545457,-0.04004968,-0.03614605,-0.00000001,0.17588043,-0.49720821,0.07261871,0.44869459,0.05588346,-0.03122779,0.00000000
-0.06111991,0.70677489,0.78179759,-0.03491491,0.58901125,0.80367190,0.07718912,-0.50393009,0.08499730,0.19176526,0.51815635,-0.11996167,0.01935526,0.00493788,-0.15784386,-0.20422015,0.76681733,-0.59318101,-0.04455388,-0.05035442,0.04099404,0.21642415,-0.54616648,0.96028447,-0.60834140,0.41012833,-0.03499451,-0.03010331,-0.00000001,0.20547715,-0.54810202,0.01527979,0.46541217,0.05489797,-0.03010337,0.00000000
-0.06222278,0.70881063,0.78116804,-0.03332460,0.59155864,0.80214924,0.07419188,-0.49218419,0.08815990,0.18727899,0.51578289,-0.12924556,0.01943254,0.00013649,-0.15755010,-0.20503075,0.76843941,-0.58785588,-0.04473853,-0.05021210,0.03359849,0.21677834,-0.54439676,1.03071117,-0.59757650,0.45043933,-0.02994000,-0.02285953,-0.00000001,0.23811734,-0.60015327,-0.04366601,0.48570815,0.05399897,-0.02837747,0.00000000
-0.06718527,0.70835102,0.78056574,-0.03351965,0.59537858,0.79959190,0.07108920,-0.48298940,0.09243645,0.18230474,0.51868975,-0.13936529,0.01951084,-0.00739723,-0.15997812,-0.20547412,0.77232945,-0.57677722,-0.04492611,-0.05117501,0.02543373,0.22428656,-0.53730285,1.10262632,-0.58797634,0.50027037,-0.02480043,-0.01348113,-0.00000001,0.27976194,-0.64753228,-0.10084764,0.51483482,0.05297824,-0.02518218,0.00000000
-0.07290843,0.71021295,0.77982253,-0.03348107,0.60000443,0.79648447,0.06697845,-0.47518280,0.09731403,0.17706457,0.52309179,-0.14963539,0.01958947,-0.01398593,-0.16339874,-0.20561463,0.77751684,-0.56382346,-0.04511476,-0.05171171,0.01665813,0.23307419,-0.52871633,1.17439425,-0.57887077,0.55211234,-0.01964505,-0.00353848,-0.00000001,0.32390422,-0.69297671,-0.15708926,0.54661071,0.05188017,-0.02149754,0.00000000
-0.08015293,0.71671790,0.77879745,-0.03297479,0.60623461,0.79226851,0.06085110,-0.47015247,0.10339356,0.17129248,0.53048426,-0.16020623,0.01966879,-0.01868456,-0.16880445,-0.20514944,0.78529882,-0.54711950,-0.04530554,-0.05139597,0.00666082,0.24442056,-0.51714516,1.24586701,-0.57075429,0.60797691,-0.01445805,0.00753268,-0.00000001,0.37304190,-0.73455226,-0.21145092,0.58368558,0.05062748,-0.01683418,0.00000000
-0.09284364,0.71412671,0.77769828,-0.03802656,0.61227691,0.78760064,0.05793294,-0.46322805,0.11074010,0.16447122,0.54172593,-0.17068817,0.01974878,-0.02504841,-0.17703067,-0.20317021,0.79530978,-0.52610856,-0.04549922,-0.05388144,-0.00248531,0.25586978,-0.50672096,1.30932045,-0.56448448,0.65832180,-0.00933275,0.01750179,-0.00000001,0.42292017,-0.76874846,-0.26045591,0.62242794,0.04900644,-0.01187953,0.00000000
-0.10825745,0.70698744,0.77656198,-0.04585443,0.61818177,0.78265148,0.05661542,-0.45535636,0.11872012,0.15712540,0.55489224,-0.18112560,0.01982910,-0.03224486,-0.18666707,-0.20043397,0.80643541,-0.50294435,-0.04569434,-0.05776752,-0.01120584,0.26737028,-0.49687007,1.36876404,-0.55913782,0.70590699,-0.00423829,0.02691989,-0.00000001,0.47316873,-0.79925489,-0.30678257,0.66200411,0.04720124,-0.00677924,0.00000000
-0.11496288,0.71253633,0.77578372,-0.04903467,0.62088811,0.78043193,0.05495064,-0.44592682,0.12759811,0.14872955,0.57249349,-0.19157732,0.01991044,-0.03738312,-0.19855161,-0.19600892,0.82214326,-0.47607690,-0.04589375,-0.06402580,-0.01970319,0.27580681,-0.49208170,1.41526282,-0.55482930,0.74109602,0.00062820,0.03412426,-0.00000001,0.51925814,-0.82143229,-0.34527519,0.70039457,0.04479675,-0.00188785,0.00000000
-0.12197708,0.71767420,0.77528185,-0.05375024,0.62385517,0.77785295,0.05348317,-0.43549940,0.13696703,0.13979432,0.59128606,-0.20196541,0.01999211,-0.04317056,-0.21140239,-0.19111040,0.83860344,-0.44882882,-0.04609431,-0.07129759,-0.02822018,0.28347412,-0.48944992,1.45721424,-0.55058569,0.77130401,0.00540080,0.04051153,-0.00000001,0.56303936,-0.84160185,-0.38121483,0.73779058,0.04218530,0.00287865,0.00000000
-0.12960884,0.72198993,0.77533251,-0.06153533,0.62733436,0.77454388,0.05240961,-0.42307630,0.14731778,0.12978026,0.61246133,-0.21222612,0.02007446,-0.05025633,-0.22618563,-0.18526487,0.85656798,-0.42081937,-0.04629708,-0.08059642,-0.03677645,0.28960291,-0.49113128,1.49007022,-0.54647201,0.79154974,0.00998565,0.04526465,-0.00000001,0.60220438,-0.85775536,-0.41204885,0.77319795,0.03915995,0.00739534,0.00000000
-0.13794816,0.72641206,0.77458644,-0.06874375,0.63137919,0.77063030,0.05256960,-0.41093478,0.15633419,0.11958261,0.63413656,-0.22226158,0.02015748,-0.05655111,-0.24053486,-0.17916210,0.87822455,-0.39303425,-0.04650129,-0.09009658,-0.04481575,0.29455602,-0.49711397,1.51173604,-0.54268640,0.79960334,0.01438689,0.04797255,-0.00000001,0.63372660,-0.87108999,-0.43724895,0.80518502,0.03571693,0.01152335,0.00000000
-0.14664125,0.73088729,0.77344191,-0.07566061,0.63567972,0.76638180,0.05334411,-0.39893413,0.16468340,0.10929317,0.65606171,-0.23218444,0.02024083,-0.06245039,-0.25466713,-0.17293066,0.90172702,-0.36536139,-0.04670621,-0.09969736,-0.05259655,0.29892126,-0.50524724,1.52780604,-0.53906488,0.80156100,0.01869632,0.04965783,-0.00000001,0.66142762,-0.88301545,-0.45963222,0.83546180,0.03206508,0.01545702,0.00000000
-0.14566459,0.73586404,0.77185512,-0.08133903,0.63989764,0.76212585,0.05548974,-0.38936308,0.16953009,0.09970991,0.67713344,-0.24165507,0.02032518,-0.06370347,-0.26526976,-0.16775180,0.93686348,-0.33819941,-0.04691327,-0.10775759,-0.05959148,0.30085236,-0.51967824,1.52615368,-0.53600639,0.78449470,0.02274158,0.04821379,-0.00000001,0.67460763,-0.89338332,-0.47392809,0.85919559,0.02777930,0.01869547,0.00000000
-0.14479986,0.74027270,0.77051079,-0.08406642,0.64413190,0.75814396,0.05696202,-0.38195011,0.17219488,0.09089684,0.69722849,-0.25095358,0.02040987,-0.06122359,-0.27363655,-0.16344403,0.97818166,-0.31130427,-0.04712103,-0.11370924,-0.06588532,0.30164456,-0.53592920,1.51848412,-0.53332192,0.76141250,0.02670875,0.04578241,-0.00000001,0.68191499,-0.90402347,-0.48561111,0.88020664,0.02327450,0.02162646,0.00000000
-0.14415902,0.74354529,0.76965135,-0.08089930,0.64845926,0.75478232,0.05709280,-0.37885338,0.17049588,0.08362419,0.71537048,-0.25990781,0.02049522,-0.05127787,-0.27753162,-0.16087857,1.03186345,-0.28494278,-0.04733020,-0.11544385,-0.07077698,0.30015877,-0.55581975,1.49877942,-0.53138584,0.72629851,0.03051975,0.04137633,-0.00000001,0.67747706,-0.91520816,-0.49206847,0.89577186,0.01833168,0.02394255,0.00000000
-0.14919920,0.74767017,0.76870084,-0.07651975,0.65332848,0.75116968,0.05523293,-0.37847617,0.16267031,0.07883802,0.73208219,-0.26855829,0.02058123,-0.03688361,-0.27527198,-0.16222548,1.09818888,-0.25954875,-0.04754081,-0.11287573,-0.07393346,0.29760432,-0.57820368,1.46692014,-0.53115064,0.68138552,0.03421568,0.03542304,-0.00000001,0.66063505,-0.92618716,-0.49295640,0.90540379,0.01292313,0.02557636,0.00000000
-0.15707991,0.75222129,0.76770478,-0.07153045,0.65843743,0.74739569,0.05237513,-0.37945884,0.15178134,0.07529509,0.74807858,-0.27705696,0.02066758,-0.02026507,-0.26993498,-0.16552854,1.17083621,-0.23463833,-0.04775211,-0.10815624,-0.07622236,0.29451552,-0.60183418,1.42898405,-0.53176594,0.63157302,0.03785407,0.02869615,-0.00000001,0.63759089,-0.93706352,-0.49105966,0.91206896,0.00728171,0.02686903,0.00000000
-0.15278348,0.76104409,0.76757628,-0.06051336,0.66243333,0.74466544,0.05471326,-0.37893075,0.13566375,0.07340521,0.76281756,-0.28470385,0.02075508,-0.00527989,-0.25625744,-0.17593387,1.25629437,-0.21276496,-0.04796555,-0.10107192,-0.07700188,0.29170600,-0.62882525,1.37266672,-0.53600907,0.56960392,0.04136455,0.01998984,-0.00000001,0.59701407,-0.94577515,-0.48095033,0.90982330,0.00094789,0.02709894,0.00000000
-0.15045765,0.76947612,0.76735371,-0.05207346,0.66716635,0.74077642,0.05854699,-0.37536556,0.11727868,0.07221655,0.77780366,-0.29227504,0.02084312,0.00606871,-0.24106395,-0.18855040,1.34166801,-0.19251302,-0.04817969,-0.09391182,-0.07548851,0.28850350,-0.65712786,1.31195366,-0.54122525,0.50524634,0.04481622,0.01092769,-0.00000001,0.55099332,-0.95153117,-0.46774366,0.90453625,-0.00560162,0.02689153,0.00000000
-0.15207298,0.77712673,0.76694286,-0.04879875,0.67347962,0.73469001,0.06538020,-0.36572632,0.09435866,0.07243029,0.79328412,-0.29969501,0.02093223,0.01014412,-0.22283866,-0.20558926,1.42687142,-0.17550400,-0.04839526,-0.08660012,-0.06938938,0.28451514,-0.68805349,1.24245000,-0.54838705,0.43611142,0.04815028,0.00115386,-0.00000001,0.49408489,-0.95137578,-0.44834235,0.89316642,-0.01258253,0.02580945,0.00000000
-0.15414523,0.78724825,0.76702869,-0.04417484,0.68456906,0.72422975,0.07003663,-0.35871187,0.06863385,0.07237332,0.80389464,-0.30779389,0.02102257,0.01227812,-0.20490681,-0.22410552,1.50460589,-0.16048850,-0.04861223,-0.07360850,-0.05950418,0.28101847,-0.71948689,1.16818321,-0.55784607,0.36686361,0.05138660,-0.00844301,-0.00000000,0.42645001,-0.94445300,-0.42333403,0.87480932,-0.01982770,0.02342254,0.00000000
-0.15644595,0.79860520,0.76736283,-0.03886463,0.69785792,0.71138537,0.07358507,-0.35300988,0.04150663,0.07218098,0.81207019,-0.31623214,0.02111354,0.01344142,-0.18712169,-0.24336050,1.57860613,-0.14646979,-0.04882991,-0.05777691,-0.04772599,0.27776757,-0.75117427,1.09153521,-0.56845355,0.29755929,0.05457404,-0.01795139,-0.00000000,0.35345200,-0.93414652,-0.39552209,0.85295862,-0.02720501,0.02038320,0.00000000
-0.16428183,0.81256211,0.76911730,-0.03481631,0.71264327,0.69702637,0.07128587,-0.34820956,0.01524978,0.06905956,0.81466907,-0.32614604,0.02120613,0.00098484,-0.17426682,-0.25880581,1.62256193,-0.13726884,-0.04904972,-0.04155090,-0.03726071,0.28221694,-0.77586067,1.01603413,-0.58451557,0.23990417,0.05765576,-0.02459740,-0.00000000,0.27633664,-0.91273314,-0.36265382,0.82756770,-0.03449147,0.01692631,0.00000000
-0.17284673,0.82507044,0.77106982,-0.03140501,0.72582620,0.68370759,0.06880404,-0.34266990,-0.00993642,0.06572671,0.81535071,-0.33525771,0.02129908,-0.01669565,-0.16290335,-0.27291310,1.65584373,-0.12988755,-0.04927022,-0.02689601,-0.02677439,0.28950199,-0.79701567,0.94211423,-0.60258293,0.18759865,0.06071199,-0.03005489,-0.00000000,0.20020296,-0.88755763,-0.32859311,0.80231249,-0.04168829,0.01359178,0.00000000
-0.18286964,0.83468151,0.77341861,-0.02928910,0.73621809,0.67288119,0.06599936,-0.33565164,-0.03298135,0.06197101,0.81219798,-0.34276497,0.02139276,-0.04482395,-0.15452270,-0.28434423,1.66777754,-0.12614553,-0.04949215,-0.01538338,-0.01624598,0.30245844,-0.81110793,0.87135684,-0.62466133,0.14599231,0.06371722,-0.03313537,-0.00000000,0.12603262,-0.85485810,-0.29214755,0.77732873,-0.04870582,0.01050195,0.00000000
-0.19150026,0.83954275,0.77549005,-0.02831997,0.74264604,0.66585326,0.06568292,-0.32676977,-0.05379848,0.05865338,0.80641812,-0.34744906,0.02148707,-0.08228235,-0.14935829,-0.29195958,1.65867829,-0.12552400,-0.04971547,-0.00861817,-0.00476371,0.32076502,-0.81785166,0.80526036,-0.64962286,0.11562447,0.06666782,-0.03386233,-0.00000000,0.05742228,-0.81496108,-0.25394130,0.75436485,-0.05549398,0.00796286,0.00000000
-0.19943473,0.84202909,0.77742285,-0.02792549,0.74712098,0.66075188,0.06661329,-0.31695613,-0.07350171,0.05555477,0.79932481,-0.35072166,0.02158171,-0.12440577,-0.14580205,-0.29766703,1.63906264,-0.12646264,-0.04993950,-0.00422667,0.00719549,0.34174672,-0.82092112,0.74149430,-0.67602599,0.09087585,0.06959110,-0.03341252,-0.00000000,-0.00840805,-0.77146518,-0.21485475,0.73241073,-0.06216742,0.00569915,0.00000000
-0.20353791,0.84271497,0.78000021,-0.02920673,0.75084996,0.65619045,0.06917705,-0.30378956,-0.08672364,0.05017024,0.79024643,-0.35069913,0.02167726,-0.17376763,-0.14940368,-0.29604542,1.59107924,-0.12998286,-0.05016563,-0.00402770,0.01730577,0.36467311,-0.81645024,0.68592012,-0.70253265,0.07875622,0.07235402,-0.03061787,-0.00000000,-0.06451003,-0.72292107,-0.17554015,0.71360272,-0.06837242,0.00417316,0.00000000
-0.20900334,0.84207779,0.78223795,-0.03240764,0.75465798,0.65130895,0.07237190,-0.28901920,-0.09980362,0.04503263,0.78202474,-0.35043332,0.02177304,-0.22569914,-0.15497792,-0.29291257,1.53465903,-0.13385853,-0.05039248,-0.00467055,0.02722920,0.38855401,-0.80954105,0.63267636,-0.72910428,0.06955629,0.07506414,-0.02737368,-0.00000000,-0.11707318,-0.67275566,-0.13605209,0.69580853,-0.07442225,0.00284310,-0.00000000
-0.21719325,0.83879453,0.78379637,-0.03944732,0.75861984,0.64578426,0.07682825,-0.27104127,-0.11259973,0.04038882,0.77551657,-0.34968084,0.02186932,-0.28277001,-0.16449751,-0.28675735,1.46136498,-0.13844499,-0.05062072,-0.00699704,0.03677890,0.41434449,-0.79775506,0.58409333,-0.75580531,0.06619575,0.07766869,-0.02323045,-0.00000000,-0.16255865,-0.61934763,-0.09621710,0.68004185,-0.08016177,0.00190488,-0.00000000
-0.22420368,0.83987308,0.78596193,-0.04298781,0.76147515,0.64187181,0.07942445,-0.25379926,-0.12443264,0.03647650,0.76765418,-0.34948438,0.02196558,-0.33423680,-0.17314622,-0.28022027,1.38395762,-0.14166185,-0.05085034,-0.00920802,0.04394769,0.43731564,-0.78264099,0.54131329,-0.78106427,0.06510441,0.08012589,-0.01910539,-0.00000000,-0.20117867,-0.56891155,-0.05886226,0.66621006,-0.08548855,0.00137811,-0.00000000
-0.23062436,0.84313256,0.78843105,-0.04477942,0.76379311,0.63877922,0.08109210,-0.23692517,-0.13578397,0.03292991,0.75911474,-0.34956595,0.02206182,-0.38290155,-0.18135943,-0.27349228,1.30449343,-0.14419390,-0.05108068,-0.01136123,0.04992603,0.45887712,-0.76586282,0.50143486,-0.80560249,0.06514766,0.08250942,-0.01498942,-0.00000000,-0.23636599,-0.51996130,-0.02274750,0.65334564,-0.09060901,0.00105707,-0.00000000
-0.23547696,0.84282899,0.79039586,-0.04904643,0.76733285,0.63354361,0.08612325,-0.21762729,-0.14611110,0.02930446,0.75158781,-0.34754911,0.02215709,-0.42421299,-0.18576019,-0.26809922,1.22578895,-0.14441456,-0.05131311,-0.01252512,0.05203704,0.47400138,-0.74474329,0.47118148,-0.82760173,0.06610167,0.08472351,-0.01143015,-0.00000000,-0.26207638,-0.47960842,0.00787432,0.64283568,-0.09507849,0.00125540,-0.00000000
-0.24065006,0.84151071,0.79208511,-0.05341172,0.77122438,0.62777126,0.09090351,-0.19989946,-0.15656297,0.02592129,0.74370009,-0.34535885,0.02225163,-0.46137959,-0.18905738,-0.26275465,1.14911473,-0.14370996,-0.05154622,-0.01313347,0.05360444,0.48806140,-0.72202599,0.44376799,-0.84910935,0.06706481,0.08689010,-0.00807253,-0.00000000,-0.28491366,-0.44167912,0.03698308,0.63292736,-0.09934454,0.00157895,-0.00000000
-0.24646415,0.83816302,0.79322326,-0.05797644,0.77587110,0.62096876,0.09518733,-0.18531170,-0.16726428,0.02302268,0.73509127,-0.34282142,0.02234469,-0.49025658,-0.19014736,-0.25750723,1.07650173,-0.14115475,-0.05178072,-0.01263073,0.05408463,0.49999279,-0.69611275,0.42203426,-0.86963421,0.06804620,0.08896168,-0.00511819,-0.00000000,-0.30200461,-0.40859708,0.06306571,0.62422240,-0.10320377,0.00215293,-0.00000000
-0.25099173,0.83732295,0.79420567,-0.05991780,0.78049052,0.61449921,0.09815867,-0.17268227,-0.17750916,0.02034071,0.72555512,-0.34193274,0.02243460,-0.51121020,-0.18979099,-0.25235829,1.00892234,-0.13718486,-0.05201660,-0.01155776,0.05338379,0.50841129,-0.66886526,0.40578890,-0.88844973,0.06799819,0.09097070,-0.00270980,-0.00000000,-0.31472135,-0.38182116,0.08545078,0.61611223,-0.10669132,0.00287809,-0.00000000
-0.25487608,0.83773661,0.79511023,-0.06054619,0.78508049,0.60818440,0.10047165,-0.16103198,-0.18752584,0.01776706,0.71555549,-0.34186852,0.02252295,-0.52820218,-0.18871155,-0.24725866,0.94385970,-0.13250761,-0.05225318,-0.01019967,0.05209246,0.51507318,-0.64095032,0.39228773,-0.90641081,0.06743547,0.09294844,-0.00057438,-0.00000000,-0.32525083,-0.35819831,0.10598703,0.60829973,-0.10999306,0.00367885,-0.00000000
-0.26163149,0.84336609,0.79596603,-0.05815091,0.79173255,0.60013545,0.09805862,-0.15214585,-0.19874041,0.01538410,0.70385599,-0.34572545,0.02260426,-0.53538871,-0.18550093,-0.24281791,0.88763815,-0.12659121,-0.05249182,-0.00748439,0.05097910,0.51803291,-0.61146152,0.38637948,-0.92201942,0.06492184,0.09486507,0.00077496,-0.00000000,-0.33106565,-0.34327483,0.12141890,0.60065335,-0.11280343,0.00458011,-0.00000000
-0.26917598,0.85231686,0.79705054,-0.05390625,0.79815382,0.59274071,0.09329026,-0.14399065,-0.20949210,0.01297912,0.69120759,-0.35114798,0.02268180,-0.53938854,-0.18196972,-0.23850396,0.83488399,-0.12042566,-0.05273115,-0.00470152,0.04983911,0.52000618,-0.58214962,0.38293812,-0.93647283,0.06150546,0.09675827,0.00183516,-0.00000000,-0.33602497,-0.33192313,0.13474934,0.59278661,-0.11546636,0.00548320,-0.00000000
-0.27829859,0.86791027,0.79859251,-0.04596673,0.80415237,0.58668619,0.08381731,-0.13729729,-0.21931796,0.01053012,0.67666167,-0.35970160,0.02275181,-0.53701425,-0.17779723,-0.23444371,0.78906435,-0.11376198,-0.05297184,-0.00178349,0.04864584,0.52000642,-0.55319130,0.38443050,-0.94861579,0.05628360,0.09860464,0.00231708,-0.00000000,-0.33927321,-0.32771483,0.14387695,0.58447921,-0.11783446,0.00638994,-0.00000000
-0.28393245,0.87901437,0.79944712,-0.03952432,0.80835021,0.58225077,0.07740688,-0.13099566,-0.22654015,0.00832085,0.66206771,-0.36725068,0.02281111,-0.53057826,-0.17278683,-0.23068655,0.75005215,-0.10663169,-0.05321390,0.00006325,0.04709231,0.51788741,-0.52546275,0.39082691,-0.95786178,0.04917758,0.10040608,0.00224467,-0.00000000,-0.34133312,-0.33235249,0.14782070,0.57574815,-0.11994836,0.00738264,-0.00000000
-0.28782192,0.88787383,0.79995811,-0.03383148,0.81165391,0.57863021,0.07252903,-0.12488990,-0.23246050,0.00623146,0.64744973,-0.37429738,0.02286506,-0.52211148,-0.16735749,-0.22708090,0.71444368,-0.09926812,-0.05345665,0.00137436,0.04535864,0.51470870,-0.49834901,0.39967537,-0.96565938,0.04112949,0.10218506,0.00189509,-0.00000000,-0.34279895,-0.34141308,0.14917253,0.56680524,-0.12193512,0.00841832,-0.00000000
-0.29040715,0.89766324,0.80073297,-0.02828126,0.81355965,0.57685447,0.06752633,-0.11788170,-0.23485851,0.00425969,0.63291216,-0.38115025,0.02290090,-0.51105011,-0.16143849,-0.22398560,0.68708259,-0.09174903,-0.05370143,0.00107803,0.04396188,0.50757283,-0.47220182,0.41519642,-0.96995175,0.03125429,0.10391634,0.00099286,-0.00000000,-0.34489214,-0.36321756,0.14283390,0.55623543,-0.12361310,0.00940651,-0.00000000
-0.29262704,0.90605688,0.80152184,-0.02386495,0.81480330,0.57576436,0.06341475,-0.11015102,-0.23628224,0.00258034,0.61875200,-0.38753557,0.02293061,-0.49997562,-0.15529223,-0.22116728,0.66180521,-0.08427438,-0.05394686,-0.00003568,0.04264451,0.49920452,-0.44623023,0.43275884,-0.97327173,0.02103142,0.10564096,-0.00003031,-0.00000000,-0.34774858,-0.38932920,0.13387635,0.54490757,-0.12523028,0.01034701,-0.00000000
-0.29411629,0.91165906,0.80233896,-0.02171929,0.81480211,0.57610202,0.06109208,-0.10097539,-0.23575735,0.00148582,0.60534674,-0.39298558,0.02294807,-0.48887485,-0.14869133,-0.21890301,0.64069510,-0.07688854,-0.05419363,-0.00278414,0.04148592,0.48837164,-0.42060977,0.45440385,-0.97464681,0.01011325,0.10735224,-0.00129539,-0.00000000,-0.35213149,-0.42405492,0.11968097,0.53206402,-0.12672581,0.01119212,-0.00000000
-0.29271665,0.91711950,0.80330420,-0.01930923,0.81383449,0.57759982,0.06065485,-0.09063400,-0.23368433,0.00088103,0.59246272,-0.39825377,0.02295331,-0.47838205,-0.14131331,-0.21731851,0.62294334,-0.07022997,-0.05444169,-0.00709500,0.04044448,0.47586834,-0.39470437,0.47915781,-0.97488344,-0.00073955,0.10905401,-0.00261089,-0.00000000,-0.35921755,-0.46616298,0.10104407,0.51711947,-0.12822844,0.01180319,-0.00000000
-0.28987259,0.92250907,0.80434358,-0.01676682,0.81237763,0.57967329,0.06115987,-0.07970974,-0.23083723,0.00052111,0.57983923,-0.40343106,0.02295247,-0.46819311,-0.13354671,-0.21607395,0.60687101,-0.06393502,-0.05469039,-0.01218706,0.03946160,0.46252975,-0.36865652,0.50546616,-0.97455078,-0.01155968,0.11075108,-0.00395160,-0.00000000,-0.36765525,-0.51196247,0.08018644,0.50112468,-0.12973464,0.01229727,-0.00000000
-0.28963572,0.92838228,0.80573750,-0.01549550,0.81063551,0.58227903,0.05984265,-0.06851482,-0.22673492,0.00051135,0.56727242,-0.41036952,0.02293676,-0.45900118,-0.12560882,-0.21538818,0.59406084,-0.05972003,-0.05494086,-0.01835250,0.03856703,0.44834733,-0.34146884,0.53464526,-0.97374886,-0.02114761,0.11243001,-0.00506367,-0.00000000,-0.38149542,-0.56578559,0.05485362,0.48117188,-0.13149789,0.01222922,-0.00000000
-0.28916311,0.93274915,0.80688560,-0.01510391,0.80865109,0.58507967,0.05947320,-0.05706526,-0.22258386,0.00078084,0.55521560,-0.41780704,0.02291832,-0.44958213,-0.11774398,-0.21472725,0.58200520,-0.05570038,-0.05519182,-0.02491932,0.03686763,0.43307790,-0.31386232,0.56454319,-0.97294271,-0.03017458,0.11410351,-0.00606842,-0.00000000,-0.39764088,-0.62243521,0.02802702,0.45959944,-0.13338284,0.01190553,-0.00000000
-0.28821906,0.93410337,0.80754220,-0.01647193,0.80618858,0.58827519,0.06099983,-0.04510642,-0.21833540,0.00160880,0.54417914,-0.42624247,0.02289438,-0.43970907,-0.11002532,-0.21411604,0.57145834,-0.05207136,-0.05544382,-0.03228889,0.03355855,0.41563439,-0.28541809,0.59587866,-0.97212780,-0.03807966,0.11576609,-0.00685854,-0.00000000,-0.41839707,-0.68473834,-0.00178713,0.43478766,-0.13551113,0.01107057,-0.00000000
-0.28700650,0.93805587,0.80853903,-0.01622069,0.80421782,0.59095818,0.06114761,-0.03388186,-0.21340986,0.00234374,0.53348291,-0.43549132,0.02286776,-0.43107086,-0.10261907,-0.21380389,0.56148267,-0.05180428,-0.05569651,-0.03909064,0.03066028,0.39920500,-0.25716022,0.62675941,-0.97142178,-0.04511334,0.11738809,-0.00744893,-0.00000000,-0.44249699,-0.74841243,-0.03152301,0.40730751,-0.13801418,0.00981731,-0.00000000
-0.28565970,0.94330752,0.80970603,-0.01515980,0.80249155,0.59338391,0.06060588,-0.02302444,-0.20814577,0.00303216,0.52295697,-0.44514692,0.02283978,-0.42305017,-0.09536905,-0.21364124,0.55179256,-0.05321816,-0.05594953,-0.04560849,0.02796743,0.38328266,-0.22899549,0.65741277,-0.97077036,-0.05171130,0.11898984,-0.00793945,-0.00000000,-0.46826902,-0.81277186,-0.06121973,0.37849304,-0.14070457,0.00835488,-0.00000000
-0.28377292,0.94542176,0.81007403,-0.01570211,0.80053186,0.59591097,0.06158149,-0.01039867,-0.20182243,0.00381034,0.51520669,-0.45484188,0.02281078,-0.41591474,-0.08836835,-0.21394794,0.54349190,-0.05581653,-0.05620373,-0.05212280,0.02236493,0.36485592,-0.20152515,0.68709660,-0.97021532,-0.05699161,0.12052567,-0.00812772,-0.00000000,-0.50012159,-0.88111687,-0.09177932,0.34513509,-0.14391771,0.00609233,-0.00000000
-0.28347111,0.94736379,0.81043428,-0.01714278,0.79864383,0.59838963,0.06167665,0.00290210,-0.19496433,0.00457204,0.50856930,-0.46409497,0.02278196,-0.40929320,-0.08143467,-0.21444042,0.53594190,-0.05880469,-0.05645834,-0.05852064,0.01599359,0.34600863,-0.17469116,0.71601218,-0.96961570,-0.06197241,0.12202789,-0.00823524,-0.00000000,-0.53324246,-0.94978929,-0.12192205,0.31064853,-0.14730535,0.00361023,-0.00000000
-0.28633928,0.94896120,0.81077892,-0.02038022,0.79690260,0.60077411,0.06001118,0.01755283,-0.18703660,0.00530076,0.50415808,-0.47246456,0.02275348,-0.40369916,-0.07463504,-0.21530434,0.52989328,-0.06257240,-0.05671378,-0.06468552,0.00808457,0.32632035,-0.14912990,0.74339169,-0.96892720,-0.06635422,0.12346282,-0.00818124,-0.00000000,-0.56890005,-1.01911652,-0.15123110,0.27390471,-0.15104204,0.00068904,-0.00000000
-0.28901944,0.95566702,0.81096476,-0.02190546,0.79551202,0.60285908,0.05693557,0.03236929,-0.17837419,0.00590890,0.50135785,-0.48019737,0.02272535,-0.39969975,-0.06846493,-0.21638121,0.52590066,-0.06684482,-0.05697031,-0.07034097,0.00067187,0.30832461,-0.12605764,0.76799452,-0.96791315,-0.07076244,0.12481968,-0.00808735,-0.00000000,-0.60400784,-1.08560479,-0.17734313,0.23656182,-0.15508278,-0.00240561,-0.00000000
-0.29160556,0.96492702,0.81107122,-0.02257438,0.79428941,0.60478860,0.05315439,0.04726862,-0.16934443,0.00645675,0.49936301,-0.48761177,0.02269740,-0.39649770,-0.06260958,-0.21756449,0.52293617,-0.07136957,-0.05722737,-0.07574172,-0.00649267,0.29117519,-0.10422994,0.79120892,-0.96673656,-0.07518384,0.12613751,-0.00797352,-0.00000000,-0.63884068,-1.15067351,-0.20185661,0.19891934,-0.15927547,-0.00558700,-0.00000000
-0.29383379,0.97802442,0.80974448,-0.02196069,0.79385537,0.60576963,0.04852358,0.06219907,-0.15990026,0.00663576,0.49913478,-0.49603555,0.02266904,-0.39678922,-0.05942021,-0.21853015,0.52168775,-0.07508566,-0.05748629,-0.07996862,-0.01207079,0.27787825,-0.08694380,0.81002867,-0.96489602,-0.07990649,0.12734875,-0.00786295,-0.00000000,-0.67058945,-1.20931280,-0.22041228,0.16213675,-0.16375762,-0.00880531,-0.00000000
-0.29525352,0.98930240,0.80820018,-0.02165013,0.79316658,0.60696405,0.04486360,0.07607693,-0.15096362,0.00696769,0.49907723,-0.50477666,0.02264022,-0.39733750,-0.05663439,-0.21952529,0.52137828,-0.07838783,-0.05774583,-0.08393282,-0.01701243,0.26589799,-0.07118760,0.82742411,-0.96286249,-0.08475806,0.12852302,-0.00776918,-0.00000000,-0.70096231,-1.26563537,-0.23704365,0.12625039,-0.16828087,-0.01194461,-0.00000000
-0.29505625,0.99694145,0.80622059,-0.02194657,0.79199493,0.60860544,0.04314697,0.08784959,-0.14304203,0.00760546,0.49936113,-0.51415247,0.02261052,-0.39839965,-0.05465565,-0.22057939,0.52294695,-0.08086210,-0.05800664,-0.08737157,-0.02068111,0.25655076,-0.05849136,0.84197128,-0.96044290,-0.08986738,0.12962335,-0.00770902,-0.00000000,-0.72858346,-1.31732380,-0.24982652,0.09215661,-0.17288639,-0.01492589,-0.00000000
-0.29488069,1.00486362,0.80450088,-0.02161610,0.79078090,0.61037523,0.04050236,0.09728122,-0.13522294,0.00812218,0.49936122,-0.52377331,0.02257939,-0.39973864,-0.05102431,-0.22239465,0.52722865,-0.08371971,-0.05826867,-0.09059062,-0.02408505,0.24939708,-0.04910612,0.85372347,-0.95750451,-0.09526569,0.13063525,-0.00769047,-0.00000000,-0.75385159,-1.36501837,-0.25936538,0.06036063,-0.17751437,-0.01771129,-0.00000000
-0.29471597,1.01292741,0.80291098,-0.02097196,0.78953749,0.61220294,0.03739338,0.10554235,-0.12745515,0.00857837,0.49921942,-0.53351676,0.02254753,-0.40121597,-0.04656668,-0.22459053,0.53286713,-0.08676898,-0.05853131,-0.09369981,-0.02735663,0.24334013,-0.04137640,0.86407816,-0.95430708,-0.10080850,0.13160293,-0.00769272,-0.00000000,-0.77794325,-1.41071594,-0.26728234,0.02971353,-0.18215354,-0.02039874,-0.00000000
-0.29312336,1.02158511,0.80179596,-0.01928857,0.78849334,0.61383736,0.03331450,0.11099137,-0.11791553,0.00804691,0.49869701,-0.54281795,0.02251292,-0.40486500,-0.03981786,-0.22776495,0.54054487,-0.09266894,-0.05879544,-0.09601608,-0.03080212,0.24071692,-0.03839139,0.87060845,-0.95034760,-0.10669886,0.13241939,-0.00775903,-0.00000000,-0.79878342,-1.45087087,-0.27096838,0.00410799,-0.18675256,-0.02249750,-0.00000000
-0.29153672,1.02953053,0.80051619,-0.01772695,0.78733569,0.61556375,0.02949014,0.11583558,-0.10884764,0.00765769,0.49864155,-0.55213356,0.02247783,-0.40897328,-0.03347829,-0.23081261,0.54806376,-0.09871980,-0.05905978,-0.09813521,-0.03405917,0.23894611,-0.03666973,0.87614787,-0.94623131,-0.11256913,0.13317968,-0.00783174,-0.00000000,-0.81839681,-1.48913300,-0.27341756,-0.01892243,-0.19130954,-0.02421108,-0.00000000
-0.28996199,1.03605092,0.79890680,-0.01640945,0.78597146,0.61749047,0.02617573,0.11947013,-0.10072320,0.00755296,0.49952015,-0.56147766,0.02244177,-0.41400012,-0.02795722,-0.23360677,0.55526495,-0.10507245,-0.05932455,-0.09986006,-0.03693930,0.23888002,-0.03747475,0.87970626,-0.94180143,-0.11839922,0.13382775,-0.00791729,-0.00000000,-0.83555728,-1.52360916,-0.27339301,-0.03680262,-0.19578250,-0.02515428,-0.00000000
-0.28817505,1.04255044,0.79727578,-0.01488712,0.78454930,0.61947381,0.02264917,0.12203074,-0.09246641,0.00737172,0.50106049,-0.57016832,0.02240530,-0.41985545,-0.02247565,-0.23657466,0.56246561,-0.11148958,-0.05958954,-0.10119656,-0.04033023,0.24003085,-0.04050521,0.88153636,-0.93712056,-0.12413473,0.13434571,-0.00801841,-0.00000000,-0.85074466,-1.55491686,-0.27135456,-0.04927319,-0.20014060,-0.02527867,-0.00000000
-0.28628197,1.04903936,0.79563385,-0.01326223,0.78308851,0.62147796,0.01901628,0.12405438,-0.08414344,0.00715224,0.50293165,-0.57853246,0.02236863,-0.42612508,-0.01701384,-0.23962946,0.56966597,-0.11793893,-0.05985466,-0.10233895,-0.04397656,0.24179015,-0.04464840,0.88250268,-0.93231416,-0.12982292,0.13479868,-0.00812732,-0.00000000,-0.86494577,-1.58464062,-0.26830909,-0.05903897,-0.20444125,-0.02499366,-0.00000000
-0.28301370,1.05293047,0.79347640,-0.01197745,0.78140265,0.62367499,0.01720279,0.12519935,-0.07635531,0.00706111,0.50692916,-0.58524555,0.02233198,-0.43354243,-0.01375991,-0.24248685,0.57579827,-0.12225608,-0.06011968,-0.10234130,-0.04783298,0.24514890,-0.05096702,0.88141966,-0.92754579,-0.13501798,0.13502766,-0.00821480,-0.00000000,-0.87592012,-1.60942078,-0.26227510,-0.05934969,-0.20851547,-0.02315053,-0.00000000
-0.27968803,1.05612922,0.79122931,-0.01090523,0.77970481,0.62585884,0.01556233,0.12594451,-0.06841671,0.00690887,0.51155227,-0.59102523,0.02229556,-0.44131050,-0.01074765,-0.24542177,0.58183932,-0.12608293,-0.06038477,-0.10196472,-0.05178738,0.24906212,-0.05787301,0.87975562,-0.92281055,-0.13999449,0.13517593,-0.00828482,-0.00000000,-0.88589126,-1.63266504,-0.25530064,-0.05671329,-0.21250969,-0.02080883,-0.00000000
-0.27624756,1.05794334,0.78880292,-0.01025832,0.77799439,0.62802541,0.01426818,0.12589018,-0.06017722,0.00663442,0.51742661,-0.59493858,0.02225960,-0.44978002,-0.00821874,-0.24851175,0.58769798,-0.12892909,-0.06064996,-0.10083023,-0.05593776,0.25408438,-0.06595374,0.87692982,-0.91814142,-0.14453383,0.13516265,-0.00831990,-0.00000000,-0.89385587,-1.65283763,-0.24644519,-0.04818267,-0.21634397,-0.01747001,-0.00000000
-0.27220380,1.06046247,0.78633136,-0.00901940,0.77646506,0.62996966,0.01260569,0.12531018,-0.05075752,0.00601583,0.52463871,-0.59629136,0.02222426,-0.45898521,-0.00572234,-0.25185719,0.59365684,-0.13163860,-0.06091496,-0.09885831,-0.06022996,0.26005653,-0.07504639,0.87309140,-0.91353446,-0.14859951,0.13497965,-0.00831526,-0.00000000,-0.89987528,-1.67001176,-0.23573655,-0.03432816,-0.22000432,-0.01316370,-0.00000000
-0.26785842,1.06333411,0.78383720,-0.00748443,0.77502155,0.63179886,0.01075896,0.12446732,-0.04074769,0.00522515,0.53251976,-0.59636378,0.02218923,-0.46855828,-0.00324220,-0.25533041,0.59966570,-0.13427980,-0.06117985,-0.09646762,-0.06459308,0.26650366,-0.08464500,0.86874646,-0.90895838,-0.15242836,0.13471179,-0.00829075,-0.00000000,-0.90492225,-1.68568647,-0.22410136,-0.01781169,-0.22357768,-0.00837364,-0.00000000
-0.26259816,1.06228077,0.78110301,-0.00676838,0.77441484,0.63255107,0.01072460,0.12279491,-0.02941823,0.00417902,0.54283988,-0.59236079,0.02215520,-0.47837704,-0.00029391,-0.25917563,0.60638392,-0.13613683,-0.06144379,-0.09289363,-0.06923734,0.27370515,-0.09520599,0.86313444,-0.90466648,-0.15542156,0.13419035,-0.00818250,-0.00000000,-0.90751719,-1.69724000,-0.21012597,0.00451351,-0.22687116,-0.00241771,-0.00000000
-0.25816694,1.06315076,0.77882254,-0.00548167,0.77378291,0.63335693,0.00944044,0.12039315,-0.01771630,0.00308201,0.55376303,-0.58707178,0.02212152,-0.48781580,0.00330806,-0.26284453,0.61314350,-0.13965793,-0.06170540,-0.08892367,-0.07353598,0.28133795,-0.10614671,0.85725439,-0.90034193,-0.15815905,0.13359341,-0.00804220,-0.00000000,-0.90918553,-1.70730662,-0.19523415,0.02692389,-0.23006572,0.00352218,-0.00000000
-0.25539377,1.06786704,0.77744955,-0.00305361,0.77309114,0.63426244,0.00565660,0.11653266,-0.00526944,0.00188324,0.56589228,-0.57921058,0.02208851,-0.49649450,0.00821739,-0.26616070,0.61998576,-0.14650723,-0.06196237,-0.08416175,-0.07714339,0.28983319,-0.11784673,0.85083830,-0.89595199,-0.16038507,0.13284545,-0.00783780,-0.00000000,-0.90900028,-1.71439981,-0.17850953,0.04950466,-0.23306231,0.00943000,-0.00000000
-0.25210750,1.07579935,0.77668488,0.00054173,0.77204895,0.63556165,0.00123091,0.11073225,0.00723866,0.00077030,0.57902336,-0.56916392,0.02205619,-0.50297338,0.01494537,-0.26873392,0.62645924,-0.15728575,-0.06220802,-0.07904823,-0.08069328,0.29829118,-0.13037188,0.84388214,-0.89141327,-0.16229343,0.13194326,-0.00760357,-0.00000000,-0.90716749,-1.71890831,-0.16013697,0.07027160,-0.23584715,0.01500040,-0.00000000
-0.24856466,1.08533955,0.77622437,0.00472065,0.77080911,0.63703901,-0.00351571,0.10396192,0.01977737,-0.00029971,0.59265566,-0.55802441,0.02202420,-0.50835222,0.02258269,-0.27093568,0.63274825,-0.17002887,-0.06244801,-0.07375889,-0.08421439,0.30673069,-0.14330956,0.83665603,-0.88680005,-0.16404299,0.13096392,-0.00735442,-0.00000000,-0.90451109,-1.72212458,-0.14094050,0.09013163,-0.23852603,0.02040207,-0.00000000
-0.24455456,1.09599972,0.77551776,0.00865491,0.76891387,0.63925385,-0.00714809,0.09515344,0.03174333,-0.00116147,0.60809535,-0.54407430,0.02199326,-0.50989038,0.03136420,-0.27164641,0.63807750,-0.18577246,-0.06265979,-0.06783430,-0.08713645,0.31445384,-0.15785657,0.82858932,-0.88165921,-0.16591783,0.12977391,-0.00718848,-0.00000000,-0.89841068,-1.72065532,-0.11826963,0.10360846,-0.24090435,0.02450600,-0.00000000
-0.24101366,1.10724258,0.77499604,0.01247272,0.76677680,0.64170277,-0.01074217,0.08557018,0.04336892,-0.00198763,0.62406379,-0.52944624,0.02196265,-0.50987351,0.04026099,-0.27166680,0.64287150,-0.20202409,-0.06286208,-0.06165546,-0.09001233,0.32195112,-0.17303334,0.82018626,-0.87630260,-0.16797163,0.12851696,-0.00708070,-0.00000000,-0.89096773,-1.71743596,-0.09422117,0.11427250,-0.24319606,0.02805095,-0.00000000
-0.23841110,1.11965108,0.77484393,0.01605779,0.76418287,0.64464206,-0.01425976,0.07443742,0.05431376,-0.00274259,0.64109021,-0.51346231,0.02193274,-0.50674665,0.04938834,-0.27030656,0.64659470,-0.21929188,-0.06304529,-0.05496807,-0.09279583,0.32899663,-0.18946971,0.81111044,-0.87051386,-0.17038329,0.12712604,-0.00708923,-0.00000000,-0.88083929,-1.71071649,-0.06741747,0.11931104,-0.24531463,0.03047794,-0.00000000
-0.23526984,1.13349771,0.77505636,0.02025761,0.76139677,0.64774615,-0.01701914,0.06056384,0.06431128,-0.00343975,0.65862566,-0.49688154,0.02190351,-0.50046021,0.05795766,-0.26772025,0.64869940,-0.23702699,-0.06320603,-0.04676633,-0.09543824,0.33693519,-0.20706508,0.80129176,-0.86437702,-0.17319909,0.12562548,-0.00722675,-0.00000000,-0.86732173,-1.69954908,-0.03703115,0.11750790,-0.24729981,0.03150614,-0.00000000
-0.23185924,1.14806354,0.77545106,0.02476423,0.75849658,0.65091729,-0.01939895,0.04531989,0.07383513,-0.00410800,0.67641580,-0.48000258,0.02187464,-0.49259409,0.06624795,-0.26452103,0.64999485,-0.25499576,-0.06335554,-0.03780740,-0.09801015,0.34532037,-0.22524001,0.79110187,-0.85806602,-0.17621696,0.12407013,-0.00742875,-0.00000000,-0.85210937,-1.68615782,-0.00485352,0.11228392,-0.24921831,0.03183494,-0.00000000
-0.22969313,1.16131544,0.77641028,0.02745288,0.75535846,0.65444040,-0.01968930,0.02643720,0.08045760,-0.00420043,0.69433463,-0.46384168,0.02184680,-0.47915444,0.07232811,-0.25950015,0.64887714,-0.27025306,-0.06347477,-0.02697221,-0.10053745,0.35371265,-0.24483146,0.78029186,-0.85104758,-0.17952003,0.12234311,-0.00775870,-0.00000000,-0.83276528,-1.66681445,0.03173137,0.09710180,-0.25093541,0.03026477,-0.00000000
-0.22804245,1.17400825,0.77762842,0.02924340,0.75215918,0.65804893,-0.01931295,0.00608320,0.08539990,-0.00375826,0.71194267,-0.44817001,0.02181932,-0.46353000,0.07804546,-0.25402912,0.64720869,-0.28439432,-0.06358612,-0.01580527,-0.10290644,0.36200264,-0.26473963,0.76947057,-0.84376252,-0.18273725,0.12055670,-0.00809563,-0.00000000,-0.81219995,-1.64565694,0.06959148,0.07897931,-0.25259048,0.02815728,-0.00000000
-0.22742267,1.18558311,0.77936423,0.02923845,0.74886096,0.66184777,-0.01760379,-0.01721340,0.08698188,-0.00224690,0.72892958,-0.43347660,0.02179253,-0.44353577,0.08303715,-0.24765785,0.64443880,-0.29630318,-0.06368171,-0.00397483,-0.10495889,0.37008798,-0.28528112,0.75862682,-0.83594412,-0.18578281,0.11865152,-0.00844653,-0.00000000,-0.78919250,-1.62087142,0.11000208,0.05497603,-0.25412133,0.02497517,-0.00000000
-0.22667018,1.19601107,0.78125095,0.02810018,0.74589092,0.66530108,-0.01521867,-0.04266343,0.08454151,0.00085980,0.74470019,-0.41944423,0.02176644,-0.42202714,0.08793912,-0.24154045,0.64057797,-0.30615968,-0.06376168,0.00826465,-0.10520253,0.37984478,-0.30639911,0.74798644,-0.82738495,-0.18842767,0.11663302,-0.00876736,-0.00000000,-0.76293969,-1.59186363,0.15365446,0.02610834,-0.25557524,0.02085062,-0.00000000
-0.22585136,1.20586562,0.78321302,0.02639487,0.74307400,0.66857171,-0.01249537,-0.06919018,0.08008996,0.00476418,0.75986260,-0.40574229,0.02174070,-0.39976138,0.09279625,-0.23555005,0.63617170,-0.31498992,-0.06383388,0.02070864,-0.10454181,0.39043725,-0.32780528,0.73744762,-0.81845522,-0.19087224,0.11455786,-0.00907317,-0.00000000,-0.73506439,-1.56074464,0.19892773,-0.00519156,-0.25699073,0.01625485,-0.00000000
-0.22578332,1.21129942,0.78655207,0.02176866,0.73796749,0.67444873,-0.00700238,-0.09496354,0.07473888,0.00946562,0.77230906,-0.39245462,0.02171602,-0.37648287,0.09521967,-0.22866528,0.63069093,-0.32040390,-0.06389067,0.03170618,-0.10335641,0.39966726,-0.34874472,0.72770983,-0.80874574,-0.19189851,0.11231818,-0.00918472,-0.00000000,-0.70606494,-1.52778947,0.24461196,-0.03923348,-0.25825146,0.01154024,-0.00000000
-0.22503410,1.21738362,0.79051167,0.01717256,0.73287010,0.68014991,-0.00160137,-0.12067828,0.06885125,0.01463743,0.78316385,-0.37922904,0.02169169,-0.35297042,0.09768589,-0.22184853,0.62488282,-0.32556051,-0.06394610,0.04215910,-0.10199562,0.40850762,-0.36925179,0.71834999,-0.79881668,-0.19238874,0.11003571,-0.00923018,-0.00000000,-0.67718261,-1.49493241,0.28972447,-0.07301735,-0.25946972,0.00706251,-0.00000000
-0.22292252,1.22476864,0.79571253,0.01263972,0.72787935,0.68557918,0.00361429,-0.14627576,0.06189046,0.02074996,0.79083526,-0.36612728,0.02166806,-0.32899007,0.10023764,-0.21516776,0.61841959,-0.33020222,-0.06399886,0.05152278,-0.10028400,0.41656855,-0.38889405,0.70974636,-0.78844845,-0.19180675,0.10766755,-0.00914345,-0.00000000,-0.64853436,-1.46227193,0.33369365,-0.10628509,-0.26060313,0.00305852,-0.00000000
-0.22103406,1.23262000,0.80061913,0.00758796,0.72238195,0.69139284,0.00909065,-0.17402226,0.05407267,0.02789095,0.79320037,-0.35321298,0.02164513,-0.30317366,0.10299197,-0.20828785,0.61241168,-0.33455294,-0.06405117,0.05976249,-0.09737401,0.42451817,-0.40776744,0.70195329,-0.77745259,-0.19032550,0.10522842,-0.00896727,-0.00000000,-0.61942810,-1.42981112,0.37697965,-0.13840249,-0.26168373,-0.00049919,-0.00000000
-0.21925718,1.24070442,0.80537856,0.00227645,0.71657884,0.69734758,0.01469640,-0.20284328,0.04582639,0.03554618,0.79291254,-0.34039238,0.02162257,-0.27643925,0.10584757,-0.20130838,0.60663122,-0.33875826,-0.06410326,0.06744020,-0.09386480,0.43241212,-0.42625642,0.69456547,-0.76614302,-0.18839446,0.10275376,-0.00874635,-0.00000000,-0.59009290,-1.39744973,0.41992405,-0.16994463,-0.26273796,-0.00383375,-0.00000000
-0.21800502,1.24902892,0.80902821,-0.00541010,0.70963931,0.70425010,0.02036199,-0.23518565,0.03637632,0.04493939,0.78305936,-0.32749233,0.02160105,-0.24744324,0.11006162,-0.19450122,0.60203320,-0.34303558,-0.06415481,0.07304689,-0.08796924,0.44066468,-0.44372916,0.68836051,-0.75372696,-0.18540463,0.10018480,-0.00845214,-0.00000000,-0.55962396,-1.36583591,0.46192488,-0.19905376,-0.26373312,-0.00653257,-0.00000000
-0.21675825,1.25743830,0.81225902,-0.01268136,0.70277756,0.71083206,0.02570342,-0.26721513,0.02728111,0.05441374,0.77047992,-0.31440765,0.02157990,-0.21820237,0.11457238,-0.18765825,0.59742951,-0.34735090,-0.06420629,0.07786720,-0.08207215,0.44796881,-0.46092314,0.68268538,-0.74075019,-0.18212852,0.09757581,-0.00814861,-0.00000000,-0.52961838,-1.33553433,0.50254637,-0.22695002,-0.26468304,-0.00892128,-0.00000000
-0.21552230,1.26601768,0.81465214,-0.01912211,0.69622552,0.71692413,0.03040014,-0.29861864,0.01889567,0.06405040,0.75244814,-0.30095375,0.02155946,-0.18847181,0.11967649,-0.18074384,0.59281504,-0.35174212,-0.06425755,0.08111472,-0.07617191,0.45337665,-0.47755948,0.67806995,-0.72665161,-0.17827997,0.09488683,-0.00782644,-0.00000000,-0.50053942,-1.30785751,0.54040903,-0.25242037,-0.26554227,-0.01068977,-0.00000000
-0.21405289,1.26905978,0.81619835,-0.02623843,0.69061232,0.72183114,0.03641221,-0.32578376,0.01223380,0.07326674,0.73111910,-0.28684637,0.02153972,-0.16176568,0.12445747,-0.17398302,0.58702648,-0.35555354,-0.06430718,0.08251750,-0.07056289,0.45660779,-0.49417484,0.67461312,-0.71096462,-0.17410128,0.09209689,-0.00752811,-0.00000000,-0.47241759,-1.28339922,0.57521981,-0.27553740,-0.26629728,-0.01194187,-0.00000000
-0.21246673,1.26933348,0.81732106,-0.03369011,0.68541855,0.72609270,0.04307885,-0.35082960,0.00643373,0.08227293,0.70814139,-0.27241218,0.02152034,-0.13657172,0.12907691,-0.16729900,0.58065081,-0.35907495,-0.06435596,0.08299796,-0.06509946,0.45875075,-0.51077974,0.67173570,-0.69448352,-0.16975756,0.08925645,-0.00724170,-0.00000000,-0.44477424,-1.26055014,0.60850430,-0.29747763,-0.26700023,-0.01293577,-0.00000000
-0.21119124,1.27058363,0.81775647,-0.04082921,0.67893308,0.73144054,0.04876146,-0.37268966,0.00246109,0.09098804,0.68026453,-0.25711015,0.02150203,-0.11158153,0.13469832,-0.16006769,0.57470703,-0.36302269,-0.06439878,0.08060916,-0.05991555,0.45703945,-0.52899551,0.67076457,-0.67438143,-0.16539428,0.08623973,-0.00706372,-0.00000000,-0.41780069,-1.24231780,0.63791937,-0.31647855,-0.26755399,-0.01343946,-0.00000000
-0.21006863,1.27493548,0.81834358,-0.04676023,0.67193192,0.73722672,0.05308217,-0.39359632,-0.00038635,0.09936522,0.65129530,-0.24160267,0.02148408,-0.08601246,0.13993706,-0.15224062,0.56886882,-0.36796290,-0.06443799,0.07723521,-0.05487534,0.45361069,-0.54830539,0.67047369,-0.65269172,-0.16119002,0.08315935,-0.00694989,-0.00000000,-0.39101651,-1.22573996,0.66605109,-0.33459353,-0.26806012,-0.01382289,-0.00000000
-0.20925178,1.28549063,0.81923413,-0.05028146,0.66401845,0.74401653,0.05468701,-0.41259626,-0.00098339,0.10706660,0.62014097,-0.22568449,0.02146684,-0.05928550,0.14441055,-0.14322220,0.56324148,-0.37488800,-0.06446995,0.07189088,-0.05012250,0.44674665,-0.56980330,0.67154312,-0.62782651,-0.15730383,0.07995173,-0.00696435,-0.00000000,-0.36461106,-1.21247172,0.69161612,-0.35093662,-0.26847106,-0.01396578,-0.00000000
-0.20863706,1.29111123,0.81979495,-0.05468948,0.65598291,0.75057191,0.05776868,-0.42608395,0.00014856,0.11405275,0.58958310,-0.20953822,0.02145032,-0.03585559,0.14755186,-0.13407254,0.55709690,-0.38111529,-0.06449517,0.06472606,-0.04537284,0.43710613,-0.59386140,0.67418802,-0.59954208,-0.15366410,0.07662548,-0.00708056,-0.00000000,-0.33789706,-1.20211422,0.71545643,-0.36584929,-0.26881218,-0.01402259,-0.00000000
-0.20812343,1.29426467,0.82019091,-0.05953623,0.64783424,0.75695020,0.06158398,-0.43681562,0.00214501,0.12068129,0.55932349,-0.19327785,0.02143415,-0.01407421,0.15002705,-0.12485725,0.55069363,-0.38699353,-0.06451704,0.05665098,-0.04062476,0.42607760,-0.61919969,0.67762077,-0.56954813,-0.15014762,0.07323992,-0.00724765,-0.00000000,-0.31102887,-1.19321239,0.73843431,-0.38004678,-0.26911834,-0.01403635,-0.00000000
-0.20717047,1.30492532,0.82113665,-0.06135605,0.63649857,0.76622421,0.06328887,-0.44568285,0.00604615,0.12661698,0.52902180,-0.17730683,0.02141906,0.01028962,0.14978218,-0.11293009,0.54533398,-0.39473236,-0.06452902,0.04551880,-0.03518997,0.40998361,-0.65004921,0.68377352,-0.53350592,-0.14722419,0.06968849,-0.00759929,-0.00000000,-0.28322053,-1.18817389,0.75956595,-0.39239639,-0.26935861,-0.01404284,-0.00000000
-0.20666938,1.31338322,0.82201564,-0.06351327,0.62571204,0.77472121,0.06525008,-0.45161501,0.01009161,0.13237585,0.50053567,-0.16156140,0.02140433,0.03239517,0.14907448,-0.10131138,0.53965694,-0.40207642,-0.06453806,0.03405934,-0.02992556,0.39328629,-0.68140078,0.69086993,-0.49643776,-0.14390762,0.06613185,-0.00788783,-0.00000000,-0.25531179,-1.18423510,0.78009856,-0.40410650,-0.26959330,-0.01402997,-0.00000000
-0.20707195,1.31743526,0.82276118,-0.06636111,0.61619383,0.78186488,0.06774028,-0.45167696,0.01442569,0.13778092,0.47568041,-0.14626721,0.02139031,0.04998416,0.14744110,-0.09030951,0.53334486,-0.40863085,-0.06454121,0.02194531,-0.02500193,0.37538210,-0.71375656,0.69985396,-0.45731753,-0.13980488,0.06256478,-0.00805019,-0.00000000,-0.22720206,-1.18249643,0.79943305,-0.41453782,-0.26981696,-0.01397837,-0.00000000
-0.20880529,1.32783604,0.82392973,-0.06698996,0.60659820,0.78931189,0.06736262,-0.44997117,0.01947277,0.14274937,0.45325249,-0.13177747,0.02137701,0.06800150,0.14293909,-0.07802399,0.52737808,-0.41641259,-0.06453916,0.00877184,-0.01946316,0.35542110,-0.74790710,0.71061486,-0.41636240,-0.13528036,0.05904181,-0.00816468,-0.00000000,-0.19916090,-1.18240893,0.81769884,-0.42385015,-0.27004874,-0.01390733,-0.00000000
-0.21120402,1.34141111,0.82530981,-0.06650415,0.59691828,0.79684973,0.06554592,-0.44738147,0.02487635,0.14749950,0.43203807,-0.11768989,0.02136407,0.08623301,0.13700274,-0.06509662,0.52158386,-0.42480800,-0.06453452,-0.00493133,-0.01361683,0.33443165,-0.78295511,0.72226441,-0.37448978,-0.13054490,0.05554086,-0.00825522,-0.00000000,-0.17115408,-1.18314707,0.83543009,-0.43260294,-0.27028450,-0.01382656,-0.00000000
-0.21165065,1.35246015,0.82598174,-0.06508777,0.58804190,0.80372715,0.06318980,-0.44028369,0.02712520,0.15254025,0.41605777,-0.10531102,0.02135221,0.09875263,0.13337590,-0.05374934,0.51549232,-0.43296584,-0.06452539,-0.01745558,-0.00853733,0.31569842,-0.81372041,0.73459309,-0.33618271,-0.12404174,0.05235463,-0.00807065,-0.00000000,-0.14607875,-1.18476617,0.85028237,-0.44017416,-0.27054337,-0.01362729,-0.00000000
-0.21257213,1.36323619,0.82651967,-0.06387588,0.57954806,0.81015790,0.06072941,-0.43338031,0.02925244,0.15743087,0.40111893,-0.09365030,0.02134071,0.11048540,0.12943794,-0.04266931,0.50988978,-0.44103262,-0.06451533,-0.02972231,-0.00357995,0.29842326,-0.84202999,0.74675405,-0.30022079,-0.11683542,0.04930251,-0.00777182,-0.00000000,-0.12224334,-1.18629122,0.86417341,-0.44756734,-0.27081636,-0.01342058,-0.00000000
-0.21444327,1.37346661,0.82678980,-0.06308337,0.57191253,0.81582129,0.05807070,-0.42686597,0.03113643,0.16202123,0.38826334,-0.08342589,0.02132993,0.12064446,0.12487766,-0.03212375,0.50526518,-0.44891739,-0.06450341,-0.04147401,0.00113314,0.28406414,-0.86542785,0.75857902,-0.26894948,-0.10822276,0.04651858,-0.00724450,-0.00000000,-0.10088766,-1.18762755,0.87614244,-0.45460433,-0.27111778,-0.01319901,-0.00000000
-0.21592021,1.38476241,0.82686508,-0.06182485,0.56297123,0.82231748,0.05509121,-0.42149165,0.03267572,0.16635925,0.37696698,-0.07457125,0.02131987,0.13009997,0.11951400,-0.02126701,0.50169945,-0.45667675,-0.06449077,-0.05348792,0.00624318,0.27238491,-0.88425297,0.76980072,-0.24265310,-0.09847624,0.04400788,-0.00652321,-0.00000000,-0.08180552,-1.18839061,0.88655311,-0.46145305,-0.27145889,-0.01300666,-0.00000000
-0.21720006,1.39659107,0.82684296,-0.06032761,0.55332464,0.82915252,0.05194633,-0.41668725,0.03404268,0.17057109,0.36645013,-0.06640148,0.02131017,0.13920373,0.11374867,-0.01025467,0.49866322,-0.46437344,-0.06447781,-0.06563293,0.01155169,0.26204556,-0.90079176,0.78072047,-0.21884423,-0.08816276,0.04163377,-0.00570493,-0.00000000,-0.06386014,-1.18886673,0.89618456,-0.46820763,-0.27182001,-0.01282892,-0.00000000
-0.21954787,1.40451157,0.82652593,-0.05986749,0.54612422,0.83408588,0.04964828,-0.41156682,0.03531392,0.17421339,0.35897446,-0.06002748,0.02130156,0.14442033,0.10838341,-0.00112361,0.49682909,-0.47088820,-0.06446499,-0.07668158,0.01608649,0.25682071,-0.90850073,0.78957105,-0.20346044,-0.07620782,0.03967859,-0.00462481,-0.00000000,-0.04959731,-1.18841660,0.90357542,-0.47465214,-0.27223840,-0.01268009,-0.00000000
-0.22114772,1.41251624,0.82610464,-0.05894252,0.53870773,0.83908534,0.04749257,-0.40695944,0.03676331,0.17764542,0.35211149,-0.05419508,0.02129330,0.14909449,0.10298819,0.00781867,0.49549523,-0.47727314,-0.06445251,-0.08773591,0.02042052,0.25313583,-0.91354460,0.79759848,-0.19070928,-0.06381083,0.03785794,-0.00345640,-0.00000000,-0.03640544,-1.18763971,0.91035789,-0.48101321,-0.27267584,-0.01255380,-0.00000000
-0.22125168,1.42068946,0.82547474,-0.05709227,0.53089917,0.84427774,0.04562530,-0.40337822,0.03856898,0.18065694,0.34647384,-0.04944587,0.02128576,0.15268378,0.09753299,0.01638340,0.49516165,-0.48339832,-0.06444071,-0.09880151,0.02435300,0.25253084,-0.91325879,0.80397993,-0.18322347,-0.05052974,0.03630636,-0.00211138,-0.00000000,-0.02535553,-1.18620849,0.91592383,-0.48720765,-0.27315113,-0.01247256,-0.00000000
-0.22274612,1.42716348,0.82467330,-0.05645296,0.52344596,0.84906131,0.04372985,-0.39992854,0.04055243,0.18322322,0.34226176,-0.04556219,0.02127895,0.15467514,0.09261513,0.02411703,0.49581170,-0.48867115,-0.06442977,-0.10959735,0.02749837,0.25442919,-0.90828061,0.80837512,-0.18024266,-0.03687525,0.03501017,-0.00067190,-0.00000000,-0.01619430,-1.18436229,0.92048383,-0.49310052,-0.27366081,-0.01241997,-0.00000000
-0.22493581,1.43278790,0.82378596,-0.05641729,0.51615351,0.85361224,0.04181898,-0.39654481,0.04262479,0.18556692,0.33876240,-0.04211126,0.02127250,0.15586755,0.08796594,0.03143511,0.49695361,-0.49351773,-0.06441929,-0.12025829,0.03025019,0.25757918,-0.90095633,0.81177723,-0.17951433,-0.02303406,0.03384168,0.00081482,-0.00000000,-0.00797741,-1.18230891,0.92454082,-0.49884257,-0.27418780,-0.01238170,-0.00000000
-0.22615100,1.43740749,0.82259268,-0.05633275,0.50798488,0.85857993,0.04023118,-0.39392230,0.04545353,0.18717946,0.33674613,-0.03978297,0.02126714,0.15550724,0.08416454,0.03801390,0.49948141,-0.49769187,-0.06441043,-0.13109845,0.03158048,0.26411173,-0.88762444,0.81202239,-0.18459250,-0.00914033,0.03301995,0.00240386,-0.00000000,-0.00196318,-1.17991245,0.92745733,-0.50403988,-0.27474540,-0.01240142,-0.00000000
-0.22727540,1.44151962,0.82134271,-0.05641089,0.49981827,0.86342013,0.03879597,-0.39134958,0.04838603,0.18860072,0.33517703,-0.03775733,0.02126213,0.15475397,0.08068420,0.04421819,0.50243592,-0.50158852,-0.06440216,-0.14180052,0.03252289,0.27126777,-0.87306476,0.81138277,-0.19098194,0.00441383,0.03229877,0.00396987,-0.00000000,0.00351769,-1.17758048,0.93010169,-0.50898165,-0.27530202,-0.01243650,-0.00000000
-0.22821824,1.44461656,0.81997919,-0.05681986,0.49170563,0.86808872,0.03766999,-0.38887632,0.05152604,0.18963958,0.33450234,-0.03633702,0.02125785,0.15321481,0.07784598,0.04967345,0.50624406,-0.50493002,-0.06439503,-0.15222651,0.03268950,0.27967104,-0.85604960,0.80897367,-0.19999404,0.01728884,0.03177865,0.00548982,-0.00000000,0.00793182,-1.17537761,0.93220180,-0.51341212,-0.27585647,-0.01250226,-0.00000000
-0.22900525,1.44541693,0.81877512,-0.05771624,0.48399529,0.87235481,0.03760911,-0.38609609,0.05443393,0.19038796,0.33467111,-0.03536822,0.02125429,0.15073293,0.07559506,0.05434469,0.51056439,-0.50751579,-0.06438909,-0.16218919,0.03258801,0.28853145,-0.83843744,0.80527920,-0.21041960,0.02881705,0.03142858,0.00686969,-0.00000000,0.01153942,-1.17344832,0.93392909,-0.51720178,-0.27637568,-0.01258039,-0.00000000
-0.22971433,1.44506884,0.81765068,-0.05885442,0.47647068,0.87639135,0.03807956,-0.38316238,0.05722572,0.19099112,0.33526152,-0.03462517,0.02125110,0.14777967,0.07363777,0.05862390,0.51514071,-0.50972348,-0.06438375,-0.17192018,0.03235248,0.29762042,-0.82052702,0.80094206,-0.22155198,0.03967186,0.03116354,0.00817952,-0.00000000,0.01474377,-1.17165554,0.93547016,-0.52067089,-0.27687716,-0.01266470,-0.00000000
-0.23218378,1.44778585,0.81616706,-0.05999824,0.47074950,0.87947619,0.03628727,-0.38082686,0.05939227,0.19130753,0.33615577,-0.03449327,0.02124899,0.14541584,0.07169335,0.06187611,0.51928651,-0.51174760,-0.06438020,-0.17955598,0.03223380,0.30520031,-0.80533671,0.79638296,-0.23195665,0.04735127,0.03107491,0.00907721,-0.00000000,0.01677189,-1.17040074,0.93641335,-0.52302408,-0.27726352,-0.01272327,-0.00000000
-0.23345798,1.44975638,0.81487399,-0.06060059,0.46530813,0.88237447,0.03508847,-0.37876323,0.06125575,0.19154608,0.33700994,-0.03442892,0.02124725,0.14305000,0.07020647,0.06472198,0.52295083,-0.51360840,-0.06437726,-0.18640408,0.03206915,0.31224322,-0.79165447,0.79204315,-0.24158153,0.05392168,0.03102493,0.00985075,-0.00000000,0.01847240,-1.16934609,0.93719929,-0.52497476,-0.27759981,-0.01276897,-0.00000000
-0.23234168,1.45023382,0.81396192,-0.06012348,0.46045366,0.88495034,0.03507875,-0.37724343,0.06251315,0.19162880,0.33778378,-0.03449966,0.02124622,0.14068025,0.06963468,0.06675515,0.52565211,-0.51514250,-0.06437552,-0.19167693,0.03181254,0.31821185,-0.78098887,0.78814232,-0.24964710,0.05827407,0.03105225,0.01037601,-0.00000000,0.01951768,-1.16869068,0.93767107,-0.52612048,-0.27783611,-0.01278894,-0.00000000
-0.22978847,1.46020424,0.81425303,-0.07534286,0.43719891,0.89418972,0.06004431,-0.28246871,0.04778145,0.26133496,0.33311218,-0.11257062,0.05092446,0.16845401,-0.00379174,0.02774144,0.55602533,-0.51519465,-0.03747862,-0.19501354,0.01399669,0.32416740,-0.62009472,0.75131023,-0.39072675,0.06652074,0.00610984,0.00511264,-0.00000001,-0.00723903,-1.10476553,0.93462378,-0.47565606,-0.26003328,-0.01522407,-0.00000000
-0.22651681,1.47492123,0.81514561,-0.09820688,0.40361214,0.90442234,0.09732955,-0.14106661,0.02505521,0.36585274,0.32571769,-0.22964175,0.09544235,0.21129951,-0.11364545,-0.03179570,0.60023445,-0.51450568,0.00286587,-0.19738214,-0.01259878,0.33011636,-0.38408640,0.69801277,-0.59831345,0.07671455,-0.03131744,-0.00304504,-0.00000001,-0.04789674,-1.00920546,0.92981690,-0.39938658,-0.23321088,-0.01886678,-0.00000000
-0.22529715,1.48186553,0.81406778,-0.09620374,0.40038323,0.90643865,0.09384585,-0.14000355,0.02447204,0.36567885,0.32696271,-0.23065606,0.09544528,0.21017034,-0.11590029,-0.03209700,0.59939831,-0.51688093,0.00286645,-0.19754268,-0.01406489,0.33316755,-0.37624887,0.69176966,-0.60597593,0.07570888,-0.03101457,-0.00327447,-0.00000001,-0.04891926,-1.00717640,0.92951387,-0.39790681,-0.23296732,-0.01888849,-0.00000000
-0.22443233,1.48920870,0.81305790,-0.09446599,0.39740649,0.90828669,0.09033058,-0.13845466,0.02360467,0.36548012,0.32851937,-0.23177901,0.09544923,0.20919846,-0.11879740,-0.03288680,0.59919256,-0.51755339,0.00286720,-0.19720799,-0.01556341,0.33596757,-0.36744624,0.68469352,-0.61453336,0.07420060,-0.03066842,-0.00365148,-0.00000001,-0.05020024,-1.00456774,0.92915076,-0.39596960,-0.23263033,-0.01893518,-0.00000000
-0.22427723,1.49734926,0.81218415,-0.09326249,0.39494866,0.90983021,0.08675568,-0.13593410,0.02216893,0.36523139,0.33069900,-0.23311915,0.09545522,0.20854114,-0.12297899,-0.03465360,0.60024732,-0.51482004,0.00286829,-0.19588280,-0.01712676,0.33826527,-0.35671353,0.67595142,-0.62488014,0.07168705,-0.03023570,-0.00432363,-0.00000001,-0.05199814,-1.00080001,0.92866689,-0.39311761,-0.23210652,-0.01903180,-0.00000000
-0.22329548,1.50591052,0.81149316,-0.09204359,0.39272022,0.91122520,0.08347140,-0.13226373,0.02026435,0.36488527,0.33335200,-0.23423521,0.09546326,0.20796449,-0.12757368,-0.03770700,0.60300320,-0.50745702,0.00286942,-0.19366260,-0.01869660,0.33991784,-0.34524873,0.66653180,-0.63574749,0.06844619,-0.02977084,-0.00524395,-0.00000001,-0.05399529,-0.99605280,0.92822808,-0.38912591,-0.23139124,-0.01913951,-0.00000000
-0.22190040,1.51468205,0.81089360,-0.09081636,0.39060384,0.91253924,0.08033192,-0.12801845,0.01812534,0.36449054,0.33624178,-0.23523924,0.09547234,0.20742817,-0.13237484,-0.04140371,0.60660964,-0.49777925,0.00287058,-0.19099496,-0.02026969,0.34124789,-0.33341786,0.65677369,-0.64687502,0.06484167,-0.02928990,-0.00628836,-0.00000001,-0.05609205,-0.99081588,0.92781168,-0.38456440,-0.23058018,-0.01925275,-0.00000000
-0.22092004,1.52117598,0.81097394,-0.09102387,0.38963315,0.91307783,0.07867379,-0.12224445,0.01533411,0.36392730,0.33961341,-0.23526253,0.09548447,0.20696527,-0.13675760,-0.04692582,0.61230206,-0.48134467,0.00287117,-0.18683051,-0.02153414,0.34102380,-0.32232520,0.64767104,-0.65674609,0.06056320,-0.02882613,-0.00766191,-0.00000001,-0.05815375,-0.98431730,0.92763418,-0.37820086,-0.22947279,-0.01938735,-0.00000000
-0.22029656,1.52770090,0.81112760,-0.09153192,0.38923395,0.91334552,0.07693387,-0.11615398,0.01234238,0.36331618,0.34315029,-0.23482667,0.09549760,0.20657851,-0.14085604,-0.05291300,0.61842263,-0.46332785,0.00287141,-0.18214819,-0.02270382,0.34036702,-0.31162450,0.63906044,-0.66593653,0.05631655,-0.02838255,-0.00909887,-0.00000001,-0.06016871,-0.97747928,0.92752063,-0.37118152,-0.22826351,-0.01951993,-0.00000000
-0.22038682,1.53428769,0.81142789,-0.09264132,0.38997883,0.91307420,0.07503054,-0.10943042,0.00894966,0.36260915,0.34701768,-0.23347259,0.09551280,0.20634393,-0.14438581,-0.05983031,0.62539923,-0.44214657,0.00287097,-0.17643031,-0.02368396,0.33884472,-0.30170795,0.63143408,-0.67376542,0.05213359,-0.02797939,-0.01066265,-0.00000001,-0.06209012,-0.96996272,0.92753476,-0.36285058,-0.22685039,-0.01964847,-0.00000000
-0.21951003,1.53968036,0.81190646,-0.09331378,0.39151177,0.91244030,0.07391737,-0.10209026,0.00523458,0.36178470,0.35152090,-0.23092858,0.09553003,0.20588654,-0.14712991,-0.06749026,0.63235760,-0.41996291,0.00286992,-0.16982366,-0.02441154,0.33685678,-0.29245013,0.62508857,-0.68015295,0.04864477,-0.02762665,-0.01222677,-0.00000001,-0.06390163,-0.96205193,0.92754865,-0.35301512,-0.22522043,-0.01973072,-0.00000000
-0.21814972,1.54447591,0.81247413,-0.09376754,0.39343786,0.91162282,0.07319911,-0.09444176,0.00135830,0.36090165,0.35634208,-0.22778958,0.09554828,0.20531780,-0.14948113,-0.07552151,0.63930702,-0.39727819,0.00286858,-0.16277258,-0.02501284,0.33463594,-0.28352177,0.61938351,-0.68581963,0.04550302,-0.02729913,-0.01379107,-0.00000001,-0.06565814,-0.95394397,0.92756248,-0.34242734,-0.22348207,-0.01978980,-0.00000000
-0.21738493,1.55180323,0.81334293,-0.09367601,0.39548692,0.91091698,0.07102957,-0.08652984,-0.00269819,0.35982671,0.36227322,-0.22280948,0.09556960,0.20447706,-0.15153068,-0.08406777,0.64509284,-0.37611040,0.00286724,-0.15463708,-0.02518145,0.33230197,-0.27530172,0.61568445,-0.68950105,0.04402271,-0.02706083,-0.01525869,-0.00000001,-0.06723265,-0.94556928,0.92741233,-0.32932365,-0.22140989,-0.01971488,-0.00000000
-0.21732745,1.55868447,0.81417590,-0.09411764,0.39778551,0.91003597,0.06887012,-0.07898977,-0.00660855,0.35861543,0.36818343,-0.21755064,0.09559187,0.20374170,-0.15357836,-0.09268499,0.65055609,-0.35594225,0.00286613,-0.14611180,-0.02520155,0.33010814,-0.26711717,0.61263579,-0.69265139,0.04329680,-0.02685249,-0.01666319,-0.00000001,-0.06877463,-0.93714738,0.92716467,-0.31532481,-0.21922293,-0.01957690,-0.00000000
-0.21868455,1.56467319,0.81493711,-0.09562606,0.40058520,0.90880919,0.06673122,-0.07219343,-0.01022669,0.35713133,0.37405172,-0.21173418,0.09561606,0.20321722,-0.15562241,-0.10144420,0.65537411,-0.33777320,0.00286548,-0.13680671,-0.02492465,0.32819438,-0.25900379,0.61088818,-0.69473976,0.04407969,-0.02670407,-0.01794143,-0.00000001,-0.07025162,-0.92863148,0.92672181,-0.29953590,-0.21680625,-0.01931277,-0.00000000
-0.21846010,1.57081282,0.81568921,-0.09630798,0.40384540,0.90740734,0.06515832,-0.06575412,-0.01400287,0.35513684,0.37972566,-0.20683432,0.09564196,0.20233420,-0.15730731,-0.11023998,0.66005385,-0.32147428,0.00286529,-0.12718925,-0.02439828,0.32704890,-0.25062829,0.61036593,-0.69604391,0.04695123,-0.02661913,-0.01896084,-0.00000001,-0.07159191,-0.92021918,0.92600262,-0.28183624,-0.21415287,-0.01888075,-0.00000000
-0.21744485,1.57702792,0.81643671,-0.09657584,0.40733254,0.90591067,0.06386791,-0.05949332,-0.01785807,0.35288718,0.38530248,-0.20239271,0.09566870,0.20127198,-0.15881261,-0.11905404,0.66466421,-0.30611044,0.00286533,-0.11741550,-0.02374717,0.32628757,-0.24212188,0.61045641,-0.69695586,0.05086708,-0.02656593,-0.01985082,-0.00000001,-0.07286385,-0.91185898,0.92514515,-0.26318127,-0.21138109,-0.01836479,-0.00000000
-0.21653791,1.58493483,0.81713039,-0.09647682,0.41128024,0.90426940,0.06194863,-0.05346369,-0.02261781,0.34961548,0.39007708,-0.20143534,0.09569766,0.19875740,-0.15933217,-0.12771490,0.66944945,-0.29347223,0.00286605,-0.10787264,-0.02300773,0.32728472,-0.23309368,0.61178362,-0.69717169,0.05828419,-0.02661747,-0.02026400,-0.00000001,-0.07386696,-0.90374810,0.92383289,-0.24150881,-0.20825453,-0.01752076,-0.00000000
-0.21544190,1.59379137,0.81788194,-0.09604186,0.41579482,0.90240431,0.05964129,-0.04732552,-0.02784841,0.34580556,0.39447337,-0.20202757,0.09572730,0.19548851,-0.15933724,-0.13630340,0.67436630,-0.28176469,0.00286701,-0.09839829,-0.02218809,0.32895315,-0.22388506,0.61358064,-0.69711936,0.06702225,-0.02671004,-0.02047874,-0.00000001,-0.07481980,-0.89574438,0.92231888,-0.21880691,-0.20500703,-0.01653866,-0.00000000
-0.21396776,1.60454702,0.81874925,-0.09493551,0.42144474,0.90009594,0.05655824,-0.04097029,-0.03402077,0.34091923,0.39811301,-0.20571892,0.09575827,0.19071107,-0.15831332,-0.14474705,0.67954594,-0.27191830,0.00286843,-0.08906097,-0.02120806,0.33196414,-0.21431556,0.61631685,-0.69653028,0.07840218,-0.02688465,-0.02029662,-0.00000001,-0.07567197,-0.88795501,0.92040133,-0.19404604,-0.20151758,-0.01528045,-0.00000000
-0.21237920,1.61316013,0.81909263,-0.09437102,0.42761770,0.89734864,0.05479595,-0.03456338,-0.04026046,0.33509585,0.40130502,-0.21100405,0.09579026,0.18446605,-0.15609376,-0.15277149,0.68497777,-0.26412934,0.00287031,-0.08037336,-0.02016862,0.33623499,-0.20464686,0.61960328,-0.69553250,0.09235913,-0.02714537,-0.01970423,-0.00000001,-0.07646848,-0.88029939,0.91806358,-0.16742413,-0.19778873,-0.01374212,-0.00000000
-0.21073346,1.62070191,0.81917393,-0.09407493,0.43404043,0.89435780,0.05369262,-0.02813065,-0.04653380,0.32880405,0.40427324,-0.21708600,0.09582277,0.17748727,-0.15327637,-0.16058625,0.69053584,-0.25736901,0.00287241,-0.07201061,-0.01909948,0.34113592,-0.19492859,0.62316453,-0.69433016,0.10760458,-0.02744916,-0.01890671,-0.00000001,-0.07723708,-0.87271053,0.91551584,-0.13987164,-0.19394021,-0.01206374,-0.00000000
-0.21100880,1.63142335,0.81929576,-0.09385830,0.44329077,0.89002699,0.05035638,-0.02193632,-0.05390363,0.32102916,0.40707496,-0.22521763,0.09585670,0.16840258,-0.14924751,-0.16763458,0.69651026,-0.25297132,0.00287519,-0.06391878,-0.01765649,0.34851342,-0.18460383,0.62761837,-0.69266915,0.12703833,-0.02789067,-0.01735062,-0.00000001,-0.07815878,-0.86523879,0.91222578,-0.10959294,-0.18972807,-0.00986219,-0.00000000
-0.21111280,1.64047754,0.81924301,-0.09401164,0.45211300,0.88570642,0.04774667,-0.01601135,-0.06045045,0.31296802,0.41001511,-0.23310961,0.09589075,0.15892455,-0.14565383,-0.17416255,0.70240074,-0.24914503,0.00287820,-0.05639687,-0.01630300,0.35649407,-0.17435299,0.63201022,-0.69093114,0.14758165,-0.02839095,-0.01557835,-0.00000001,-0.07908074,-0.85767180,0.90877038,-0.07869672,-0.18539989,-0.00752500,-0.00000000
-0.21087408,1.64619708,0.81884110,-0.09491773,0.46013847,0.88152820,0.04659711,-0.01062511,-0.06535127,0.30433404,0.41323224,-0.24052238,0.09592511,0.14865975,-0.14293046,-0.17964983,0.70812345,-0.24646157,0.00288167,-0.05001480,-0.01512851,0.36568090,-0.16425002,0.63627815,-0.68903899,0.17034408,-0.02900878,-0.01337370,-0.00000001,-0.08000322,-0.84991467,0.90498435,-0.04656549,-0.18083967,-0.00491652,-0.00000000
-0.21002243,1.65321934,0.81844145,-0.09518238,0.47003630,0.87636626,0.04459161,-0.00551298,-0.06977615,0.29464856,0.41694769,-0.24832790,0.09595922,0.13678035,-0.14131267,-0.18406567,0.71288121,-0.24440208,0.00288560,-0.04386444,-0.01409903,0.37680617,-0.15370208,0.64031667,-0.68731010,0.19531630,-0.02974749,-0.01065740,-0.00000001,-0.08123805,-0.84180456,0.90074933,-0.01343073,-0.17604166,-0.00197607,-0.00000000
-0.20886433,1.66089284,0.81804293,-0.09511667,0.48082221,0.87062383,0.04215372,-0.00053791,-0.07396306,0.28443730,0.42091244,-0.25632975,0.09599325,0.12409365,-0.14024767,-0.18794578,0.71715629,-0.24265452,0.00288976,-0.03782995,-0.01314206,0.38890070,-0.14293170,0.64424032,-0.68566281,0.22139345,-0.03054663,-0.00768528,-0.00000001,-0.08262904,-0.83351821,0.89628983,0.02020579,-0.17112482,0.00113036,-0.00000000
-0.20834875,1.66295445,0.81708807,-0.09676319,0.48914924,0.86577642,0.04243944,0.00331460,-0.07697456,0.27480400,0.42563340,-0.26215363,0.09602602,0.11078957,-0.13916549,-0.19096220,0.71948302,-0.24160828,0.00289459,-0.03298393,-0.01282021,0.40142670,-0.13376990,0.64712042,-0.68362981,0.24859370,-0.03157619,-0.00437826,-0.00000001,-0.08527173,-0.82377267,0.89106047,0.05321283,-0.16585323,0.00433473,-0.00000000
-0.20775762,1.66408968,0.81596720,-0.09861933,0.49778482,0.86059129,0.04321031,0.00686991,-0.07989220,0.26507816,0.43067455,-0.26757219,0.09605821,0.09683144,-0.13819207,-0.19365411,0.72070634,-0.24071862,0.00289965,-0.02814938,-0.01273315,0.41455638,-0.12476604,0.64952415,-0.68170249,0.27611482,-0.03267799,-0.00091484,-0.00000001,-0.08836453,-0.81342149,0.88562006,0.08583847,-0.16046487,0.00758778,-0.00000000
-0.20701542,1.66337204,0.81451434,-0.10090166,0.50707257,0.85479558,0.04495445,0.00983081,-0.08262226,0.25516719,0.43635616,-0.27218008,0.09608925,0.08156531,-0.13743605,-0.19569705,0.71972328,-0.24014224,0.00290516,-0.02333779,-0.01311565,0.42889351,-0.11607798,0.65097523,-0.67998648,0.30427766,-0.03392429,0.00286137,-0.00000001,-0.09235762,-0.80185860,0.87975717,0.11770133,-0.15484285,0.01093816,-0.00000000
-0.20430000,1.66225696,0.81307113,-0.10236495,0.51677728,0.84864479,0.04758814,0.01291898,-0.08510427,0.24501011,0.44245279,-0.27648771,0.09611885,0.06509809,-0.13680947,-0.19715489,0.71619904,-0.23959647,0.00291113,-0.01860849,-0.01384784,0.44323626,-0.10876075,0.65066487,-0.67848283,0.33148882,-0.03531056,0.00664020,-0.00000001,-0.09777087,-0.78834611,0.87354618,0.14752874,-0.14900476,0.01415811,-0.00000000
-0.20059799,1.66094327,0.81163281,-0.10341032,0.52664787,0.84224796,0.05066253,0.01607078,-0.08746226,0.23472986,0.44875699,-0.28064525,0.09614778,0.04803037,-0.13624753,-0.19832014,0.71140420,-0.23906606,0.00291733,-0.01392035,-0.01475487,0.45758179,-0.10212892,0.64947385,-0.67708534,0.35822409,-0.03676680,0.01042033,-0.00000001,-0.10389420,-0.77385867,0.86716133,0.17633842,-0.14305857,0.01731285,-0.00000000
-0.19819103,1.65783632,0.80999506,-0.10575128,0.53580189,0.83594054,0.05418820,0.01893706,-0.08942567,0.22485313,0.45513055,-0.28387019,0.09617516,0.03023951,-0.13603176,-0.19904330,0.70280272,-0.23819727,0.00292420,-0.00940364,-0.01590533,0.47069630,-0.09833222,0.64488238,-0.67613381,0.38164744,-0.03842527,0.01384836,-0.00000001,-0.11251425,-0.75597024,0.86042625,0.20066234,-0.13681000,0.02001893,-0.00000000
-0.19634192,1.65535092,0.80841666,-0.10805997,0.54448283,0.82980555,0.05730831,0.02188307,-0.09168055,0.21532308,0.46135938,-0.28712514,0.09620214,0.01245175,-0.13560109,-0.19977270,0.69297951,-0.23711948,0.00293131,-0.00505748,-0.01698477,0.48283345,-0.09602682,0.63911784,-0.67514998,0.40333664,-0.04014836,0.01703140,-0.00000001,-0.12203804,-0.73684162,0.85364950,0.22304845,-0.13048135,0.02248846,-0.00000000
-0.19560844,1.65410864,0.80695701,-0.11032151,0.55230564,0.82415557,0.05962601,0.02498857,-0.09451842,0.20648645,0.46729884,-0.29044032,0.09622832,-0.00532980,-0.13474052,-0.20051453,0.68071264,-0.23562369,0.00293887,-0.00105247,-0.01792215,0.49301592,-0.09670399,0.63100702,-0.67410088,0.42155772,-0.04200063,0.01972448,-0.00000001,-0.13336933,-0.71523255,0.84678924,0.24155889,-0.12399247,0.02448487,-0.00000000
-0.19454284,1.65443552,0.80565518,-0.11166644,0.56125844,0.81778681,0.06119066,0.02800815,-0.09756025,0.19758096,0.47285697,-0.29418707,0.09625347,-0.02299649,-0.13411336,-0.20101702,0.66641653,-0.23357153,0.00294687,0.00330558,-0.01860920,0.50181705,-0.09963948,0.62045437,-0.67329383,0.43629417,-0.04395890,0.02200808,-0.00000001,-0.14639522,-0.69111514,0.84000748,0.25612557,-0.11737397,0.02605011,-0.00000000
-0.19331118,1.65554702,0.80443233,-0.11254399,0.57073051,0.81099325,0.06237376,0.03098477,-0.10070403,0.18864103,0.47822419,-0.29814968,0.09627816,-0.04060575,-0.13360290,-0.20139980,0.65110594,-0.23124117,0.00295510,0.00784015,-0.01917108,0.50992769,-0.10370415,0.60868078,-0.67260778,0.44928837,-0.04597016,0.02408693,-0.00000001,-0.16026844,-0.66574383,0.83326519,0.26872045,-0.11069065,0.02739975,-0.00000000
-0.19072480,1.65516889,0.80317754,-0.11298604,0.57796174,0.80556995,0.06520231,0.03410198,-0.10394198,0.18120334,0.48345986,-0.30146706,0.09630106,-0.05673137,-0.13237920,-0.20196222,0.63430589,-0.22779299,0.00296400,0.01123852,-0.01984194,0.51445144,-0.11216851,0.59401262,-0.67172158,0.45606154,-0.04802777,0.02533811,-0.00000001,-0.17546444,-0.63848597,0.82667214,0.27557015,-0.10392781,0.02813120,-0.00000000
-0.18894467,1.65511823,0.80197418,-0.11357047,0.58488870,0.80027318,0.06759990,0.03698888,-0.10740387,0.17409068,0.48862496,-0.30464336,0.09632349,-0.07200291,-0.13105698,-0.20250988,0.61743444,-0.22395208,0.00297312,0.01454596,-0.02037393,0.51797467,-0.12173046,0.57844287,-0.67087394,0.46083832,-0.05008490,0.02635038,-0.00000001,-0.19096789,-0.61060381,0.82022601,0.28052673,-0.09715990,0.02866835,-0.00000000
-0.18877697,1.65572250,0.80087388,-0.11445146,0.59126699,0.79531348,0.06914224,0.03941520,-0.11131356,0.16762808,0.49364877,-0.30753747,0.09634495,-0.08556633,-0.12953775,-0.20302825,0.60041976,-0.21932575,0.00298270,0.01767153,-0.02062820,0.51949686,-0.13348754,0.56107002,-0.67010343,0.46162215,-0.05214108,0.02688480,-0.00000001,-0.20708629,-0.58147323,0.81407392,0.28169689,-0.09038182,0.02881688,-0.00000000
-0.18773080,1.65783775,0.80005568,-0.11414030,0.59679496,0.79113692,0.07007206,0.04170407,-0.11488210,0.16160414,0.49812573,-0.31117389,0.09636372,-0.09716763,-0.12814984,-0.20335348,0.58408380,-0.21387102,0.00299272,0.02019825,-0.02086767,0.52000600,-0.14706849,0.54295784,-0.66909540,0.45875940,-0.05416569,0.02702519,-0.00000001,-0.22286707,-0.55259889,0.80808645,0.27969578,-0.08364465,0.02870979,-0.00000000
-0.18624540,1.66070855,0.79937857,-0.11323173,0.60189056,0.78734273,0.07069478,0.04392420,-0.11828013,0.15579955,0.50232941,-0.31518152,0.09638117,-0.10778782,-0.12682754,-0.20358211,0.56808704,-0.20800209,0.00300297,0.02242555,-0.02109974,0.52000880,-0.16156135,0.52447587,-0.66796863,0.45407349,-0.05617450,0.02696857,-0.00000001,-0.23847908,-0.52385271,0.80218118,0.27610901,-0.07692797,0.02847488,-0.00000000
-0.18363614,1.66238511,0.79839653,-0.11214263,0.60660964,0.78362930,0.07330650,0.04698641,-0.12304430,0.15084688,0.50670063,-0.31943217,0.09639209,-0.11596788,-0.12370173,-0.20428485,0.55365759,-0.20092870,0.00301388,0.02379810,-0.02142357,0.52000523,-0.17776620,0.50658005,-0.66612345,0.44465581,-0.05806575,0.02646743,-0.00000001,-0.25250417,-0.49759215,0.79621005,0.26870078,-0.07036237,0.02805646,-0.00000000
-0.18146612,1.66533804,0.79755133,-0.11048245,0.61100680,0.78030217,0.07478511,0.04954058,-0.12762997,0.14616290,0.51040912,-0.32445022,0.09640014,-0.12208981,-0.12067202,-0.20484348,0.54048020,-0.19346122,0.00302502,0.02495590,-0.02168805,0.51892728,-0.19464192,0.48895219,-0.66394049,0.43359882,-0.05992363,0.02578640,-0.00000001,-0.26623443,-0.47219574,0.79007596,0.25989211,-0.06384785,0.02753345,-0.00000000
-0.18017456,1.67084348,0.79697990,-0.10768627,0.61479306,0.77778977,0.07400145,0.05107865,-0.13185871,0.14201632,0.51279265,-0.33100301,0.09640253,-0.12409550,-0.11783451,-0.20511383,0.52980715,-0.18520565,0.00303660,0.02568419,-0.02183382,0.51570070,-0.21285944,0.47186002,-0.66108209,0.41926315,-0.06171483,0.02474558,-0.00000001,-0.27937499,-0.44852751,0.78361517,0.24828270,-0.05743556,0.02680126,-0.00000000
-0.17647196,1.67481685,0.79639995,-0.10450777,0.61820745,0.77543944,0.07477614,0.05266817,-0.13498025,0.13794024,0.51526600,-0.33733678,0.09639683,-0.12360945,-0.11547256,-0.20516726,0.52085650,-0.17686978,0.00304863,0.02634070,-0.02171440,0.51060152,-0.23049444,0.45668909,-0.65760052,0.40287876,-0.06341226,0.02360530,-0.00000001,-0.29122061,-0.42796209,0.77647918,0.23458324,-0.05114160,0.02600315,-0.00000000
-0.17156385,1.67802405,0.79581571,-0.10113661,0.62142658,0.77315855,0.07632889,0.05428339,-0.13754818,0.13389945,0.51778436,-0.34356114,0.09638713,-0.12187755,-0.11334836,-0.20511220,0.51276702,-0.16849378,0.00306087,0.02696130,-0.02146238,0.50456595,-0.24783823,0.44247863,-0.65380770,0.38547006,-0.06506283,0.02241529,-0.00000001,-0.30241874,-0.40894821,0.76900578,0.21983889,-0.04490680,0.02517208,-0.00000000
-0.16662762,1.68211722,0.79567724,-0.09793013,0.62414908,0.77136785,0.07641476,0.05609391,-0.13714829,0.12997445,0.51916939,-0.35026252,0.09636615,-0.11777576,-0.11094620,-0.20554051,0.50696778,-0.16267346,0.00307378,0.02709899,-0.02048607,0.49693748,-0.26348570,0.43128687,-0.64921379,0.36543936,-0.06658774,0.02112521,-0.00000001,-0.31155857,-0.39488161,0.76018119,0.20216490,-0.03883793,0.02424235,-0.00000000
-0.16117582,1.68525302,0.79555053,-0.09522041,0.62652922,0.76969671,0.07720815,0.05843722,-0.13597806,0.12636068,0.52071834,-0.35646120,0.09634277,-0.11299535,-0.10820203,-0.20622931,0.50166816,-0.15799911,0.00308692,0.02696139,-0.01928077,0.48821414,-0.27885401,0.42089280,-0.64431554,0.34434965,-0.06807312,0.01972838,-0.00000001,-0.32024938,-0.38224730,0.75083894,0.18328720,-0.03282364,0.02320088,-0.00000000
-0.15469293,1.68647408,0.79544747,-0.09350679,0.62824082,0.76828551,0.07941858,0.06184612,-0.13326700,0.12336942,0.52259493,-0.36165494,0.09631445,-0.10685769,-0.10477377,-0.20743921,0.49736750,-0.15561673,0.00310052,0.02627322,-0.01761753,0.47730088,-0.29366389,0.41209427,-0.63880837,0.32114175,-0.06947953,0.01811803,-0.00000001,-0.32804221,-0.37247780,0.74046153,0.16200206,-0.02691853,0.02193592,-0.00000000
-0.14758036,1.68784320,0.79542667,-0.09201574,0.62942785,0.76724482,0.08178703,0.06636656,-0.12930346,0.12088219,0.52431929,-0.36722490,0.09628432,-0.09978929,-0.10044450,-0.20906220,0.49353668,-0.15603715,0.00311463,0.02485307,-0.01566100,0.46439782,-0.30785435,0.40478835,-0.63272125,0.29605338,-0.07080981,0.01630631,-0.00000001,-0.33525017,-0.36550525,0.72878075,0.13830881,-0.02111677,0.02040543,-0.00000000
-0.14015295,1.68928635,0.79544711,-0.09063564,0.63035035,0.76638639,0.08423419,0.07144280,-0.12471368,0.11864698,0.52596760,-0.37298304,0.09625329,-0.09225547,-0.09566470,-0.21089175,0.48994070,-0.15785891,0.00312899,0.02306692,-0.01355784,0.45049971,-0.32173505,0.39822879,-0.62634408,0.27002472,-0.07210204,0.01439390,-0.00000001,-0.34216583,-0.35993117,0.71644843,0.11341155,-0.01536669,0.01874217,-0.00000000
-0.13589168,1.69544113,0.79549909,-0.08883743,0.63156486,0.76574355,0.08288841,0.07671864,-0.12021077,0.11688859,0.52702820,-0.38269526,0.09622290,-0.08442492,-0.09078679,-0.21269356,0.48567241,-0.16408916,0.00314470,0.02081450,-0.01099205,0.43688396,-0.33330220,0.39377338,-0.61969519,0.24251390,-0.07325397,0.01247259,-0.00000001,-0.34749934,-0.35779133,0.70283520,0.08606111,-0.00980555,0.01693585,-0.00000000
-0.13175245,1.70170259,0.79550081,-0.08719686,0.63278168,0.76507515,0.08151139,0.08224144,-0.11548639,0.11540914,0.52819431,-0.39286357,0.09619310,-0.07626278,-0.08584067,-0.21455091,0.48152620,-0.17105600,0.00316099,0.01834239,-0.00831447,0.42267862,-0.34453580,0.38984674,-0.61285740,0.21432187,-0.07436047,0.01046748,-0.00000001,-0.35261878,-0.35657173,0.68872505,0.05773266,-0.00430559,0.01501129,-0.00000000
-0.12785727,1.70817757,0.79540187,-0.08587226,0.63400781,0.76436144,0.08007257,0.08825810,-0.11031903,0.11448759,0.52957129,-0.40394408,0.09616446,-0.06743752,-0.08075809,-0.21651958,0.47762400,-0.17949596,0.00317843,0.01543091,-0.00541330,0.40729403,-0.35510248,0.38697755,-0.60564184,0.18476741,-0.07537611,0.00829477,-0.00000001,-0.35731038,-0.35719234,0.67362112,0.02744820,0.00107199,0.01285025,-0.00000000
-0.12654921,1.71764457,0.79521018,-0.08452684,0.63577074,0.76343942,0.07622996,0.09410810,-0.10534883,0.11447016,0.53115755,-0.41673636,0.09613749,-0.05806298,-0.07617783,-0.21844040,0.47327533,-0.18950143,0.00319735,0.01232103,-0.00256981,0.39161837,-0.36509302,0.38500169,-0.59808266,0.15429464,-0.07630800,0.00602550,-0.00000001,-0.36137882,-0.35915166,0.65796036,-0.00418954,0.00631183,0.01056316,-0.00000000
-0.12653472,1.72860765,0.79497212,-0.08316891,0.63778627,0.76239389,0.07118357,0.09987479,-0.10047717,0.11490477,0.53284830,-0.43038455,0.09611137,-0.04841381,-0.07184874,-0.22033732,0.46870357,-0.20028967,0.00321702,0.00911196,0.00024483,0.37579724,-0.37479553,0.38347250,-0.59035182,0.12336269,-0.07719808,0.00370795,-0.00000001,-0.36513573,-0.36178026,0.64202148,-0.03650393,0.01148280,0.00821305,-0.00000000
-0.12425353,1.73627257,0.79445082,-0.08198363,0.64028722,0.76065975,0.06861226,0.10371407,-0.09394500,0.11690609,0.53561103,-0.44142380,0.09608793,-0.03923475,-0.06761789,-0.22314438,0.46494401,-0.21045329,0.00323807,0.00577529,0.00271530,0.36297742,-0.38224778,0.38260889,-0.58313775,0.09234150,-0.07795147,0.00151681,-0.00000001,-0.36677799,-0.36603767,0.62608814,-0.06936219,0.01644651,0.00597417,-0.00000000
-0.12274798,1.74409676,0.79383934,-0.08106936,0.64288962,0.75881875,0.06568716,0.10710156,-0.08727380,0.11940163,0.53883183,-0.45168132,0.09606548,-0.03006305,-0.06357760,-0.22600189,0.46123618,-0.22030035,0.00325954,0.00237376,0.00504002,0.35056615,-0.38948187,0.38181764,-0.57596666,0.06112941,-0.07866497,-0.00070610,-0.00000001,-0.36805311,-0.37060118,0.61014956,-0.10248113,0.02133738,0.00372001,-0.00000000
-0.12279368,1.75223970,0.79304725,-0.08069809,0.64570254,0.75677294,0.06205534,0.10958540,-0.08032458,0.12288559,0.54296845,-0.46037498,0.09604495,-0.02090607,-0.05991847,-0.22896032,0.45763165,-0.22951448,0.00328184,-0.00115748,0.00707324,0.33897212,-0.39627913,0.38117105,-0.56888157,0.02953547,-0.07929875,-0.00299255,-0.00000001,-0.36859408,-0.37577707,0.59420085,-0.13612142,0.02608255,0.00143528,-0.00000000
-0.12288512,1.75898707,0.79213148,-0.08082072,0.64846444,0.75464010,0.05899354,0.11083077,-0.07271033,0.12705255,0.54754525,-0.46685401,0.09602641,-0.01232795,-0.05624382,-0.23209846,0.45436665,-0.23740785,0.00330475,-0.00494836,0.00878905,0.32891375,-0.40238550,0.38051307,-0.56218445,-0.00187617,-0.07985067,-0.00524725,-0.00000001,-0.36838895,-0.38140941,0.57842791,-0.16988750,0.03067957,-0.00083793,-0.00000000
-0.12299943,1.76503658,0.79115385,-0.08118964,0.65119529,0.75245774,0.05621630,0.11145689,-0.06476358,0.13156095,0.55234230,-0.47222582,0.09600884,-0.00403928,-0.05256145,-0.23532642,0.45127147,-0.24464083,0.00332796,-0.00886904,0.01034615,0.31962335,-0.40814626,0.37984949,-0.55568111,-0.03319667,-0.08036172,-0.00748608,-0.00000001,-0.36781096,-0.38726997,0.56274301,-0.20371643,0.03520250,-0.00310540,-0.00000000
-0.12304305,1.76739228,0.79014039,-0.08289041,0.65348542,0.75036848,0.05507389,0.11105745,-0.05702499,0.13662615,0.55788261,-0.47491494,0.09599429,0.00306121,-0.04872486,-0.23857628,0.44853374,-0.24834599,0.00335194,-0.01318357,0.01120428,0.31140465,-0.41381699,0.37889057,-0.54967701,-0.06432751,-0.08074592,-0.00979212,-0.00000001,-0.36699435,-0.39349335,0.54727089,-0.23779626,0.03947490,-0.00546552,-0.00000000
-0.12240458,1.76974440,0.78931212,-0.08392109,0.65557361,0.74851125,0.05395707,0.11020505,-0.04946830,0.14164062,0.56319869,-0.47695827,0.09598076,0.00929117,-0.04479180,-0.24174099,0.44534478,-0.25171542,0.00337616,-0.01761800,0.01206195,0.30413511,-0.41929451,0.37782305,-0.54399532,-0.09491360,-0.08109942,-0.01201605,-0.00000001,-0.36600652,-0.39974058,0.53214669,-0.27155381,0.04367594,-0.00777513,-0.00000000
-0.12040195,1.77208912,0.78885424,-0.08361312,0.65727055,0.74713230,0.05289250,0.10844669,-0.04227544,0.14655353,0.56806660,-0.47770998,0.09596921,0.01378009,-0.04066580,-0.24473561,0.44125333,-0.25441334,0.00340085,-0.02229225,0.01291866,0.29876399,-0.42438495,0.37653825,-0.53895831,-0.12441012,-0.08139150,-0.01407572,-0.00000001,-0.36467624,-0.40603536,0.51771837,-0.30466679,0.04773426,-0.00998372,-0.00000000
-0.11917350,1.77384377,0.78849107,-0.08334608,0.65884215,0.74587023,0.05155655,0.10551361,-0.03575837,0.15175688,0.57261598,-0.47672644,0.09595962,0.01715829,-0.03698580,-0.24759933,0.43637341,-0.25555918,0.00342606,-0.02698842,0.01373807,0.29470837,-0.42939097,0.37505019,-0.53453648,-0.15265329,-0.08163802,-0.01598995,-0.00000001,-0.36339551,-0.41231531,0.50406897,-0.33690989,0.05165716,-0.01209051,-0.00000000
-0.11833217,1.77530313,0.78817528,-0.08309928,0.66034907,0.74466449,0.05008477,0.10199314,-0.02957920,0.15710546,0.57700610,-0.47487530,0.09595104,0.01998114,-0.03352878,-0.25039765,0.43109941,-0.25592914,0.00345154,-0.03169557,0.01453883,0.29131040,-0.43435481,0.37346053,-0.53042209,-0.18026978,-0.08186178,-0.01783145,-0.00000001,-0.36213952,-0.41858780,0.49080917,-0.36871797,0.05551234,-0.01414639,-0.00000000
-0.11705324,1.77721560,0.78824133,-0.08168393,0.66176116,0.74368793,0.04825032,0.09651651,-0.02406002,0.16322555,0.58061767,-0.46915910,0.09594541,0.02166808,-0.03046870,-0.25309619,0.42432058,-0.25528789,0.00347782,-0.03654183,0.01572540,0.28924602,-0.43970129,0.37168622,-0.52706641,-0.20573641,-0.08204937,-0.01946965,-0.00000001,-0.36137462,-0.42504680,0.47863016,-0.39868155,0.05919980,-0.01600539,-0.00000000
-0.11598906,1.77937174,0.78835678,-0.07995757,0.66323674,0.74270582,0.04595505,0.09041679,-0.01879688,0.16942015,0.58382064,-0.46246725,0.09594080,0.02273327,-0.02744063,-0.25588840,0.41700745,-0.25424287,0.00350438,-0.04119590,0.01691445,0.28809786,-0.44483358,0.36976740,-0.52442181,-0.23006642,-0.08221357,-0.02094448,-0.00000001,-0.36063838,-0.43140832,0.46745485,-0.42756534,0.06282847,-0.01768522,-0.00000000
-0.11535438,1.78201485,0.78857088,-0.07760921,0.66484004,0.74171287,0.04273823,0.08307094,-0.01404580,0.17576385,0.58620650,-0.45382395,0.09593815,0.02255497,-0.02447657,-0.25886786,0.40862629,-0.25239053,0.00353151,-0.04546557,0.01810845,0.28878215,-0.44953731,0.36755952,-0.52319908,-0.25212303,-0.08233093,-0.02209258,-0.00000001,-0.35995975,-0.43757489,0.45828685,-0.45428926,0.06633951,-0.01900674,-0.00000000
-0.11546908,1.78017259,0.78856504,-0.07722898,0.66678977,0.74010396,0.04090580,0.07509425,-0.00981157,0.18213551,0.58791053,-0.44381613,0.09593750,0.02099630,-0.02158899,-0.26260921,0.40051928,-0.24699908,0.00355919,-0.04920695,0.01915332,0.29077777,-0.45375872,0.36507016,-0.52365589,-0.27176970,-0.08240991,-0.02291323,-0.00000001,-0.35954621,-0.44351259,0.45142013,-0.47884685,0.06974899,-0.02000679,-0.00000000
-0.11595847,1.77608752,0.78844917,-0.07783268,0.66891181,0.73818547,0.03976553,0.06680217,-0.00583576,0.18852113,0.58927357,-0.43312585,0.09593783,0.01874746,-0.01873965,-0.26673144,0.39254931,-0.23983809,0.00358715,-0.05268421,0.02012365,0.29342890,-0.45773894,0.36244014,-0.52495247,-0.29021147,-0.08246967,-0.02357017,-0.00000001,-0.35926536,-0.44933575,0.44570395,-0.50232118,0.07310770,-0.02084609,-0.00000000
-0.11577403,1.77499378,0.78863966,-0.07581255,0.67118824,0.73649478,0.03652611,0.05690050,-0.00216180,0.19457306,0.58840352,-0.42182103,0.09594115,0.01472211,-0.01557826,-0.27098215,0.38209400,-0.23373041,0.00361604,-0.05539418,0.02100293,0.29853219,-0.46126121,0.35911015,-0.52933544,-0.30477425,-0.08248539,-0.02367437,-0.00000001,-0.35978082,-0.45463869,0.44411162,-0.52243018,0.07632958,-0.02118841,0.00000000
-0.11517616,1.77467489,0.78891933,-0.07308768,0.67338550,0.73493069,0.03296942,0.04627305,0.00151958,0.20044945,0.58670425,-0.41056743,0.09594545,0.01048387,-0.01234650,-0.27512208,0.37107459,-0.22813992,0.00364525,-0.05786775,0.02184976,0.30431995,-0.46462375,0.35563779,-0.53467506,-0.31804162,-0.08249732,-0.02360202,-0.00000001,-0.36052859,-0.45978600,0.44386023,-0.54147011,0.07951071,-0.02138769,0.00000000
-0.11375144,1.77590585,0.78937745,-0.06895433,0.67543179,0.73362726,0.02877874,0.03419400,0.00521579,0.20597465,0.58334666,-0.39941606,0.09595177,0.00581984,-0.00897403,-0.27904052,0.35892707,-0.22358379,0.00367510,-0.05986857,0.02263170,0.31147662,-0.46766707,0.35188094,-0.54192775,-0.32871801,-0.08250169,-0.02317654,-0.00000001,-0.36174104,-0.46462211,0.44629079,-0.55837214,0.08261028,-0.02130089,0.00000000
-0.10973793,1.77701521,0.79002255,-0.06392515,0.67718905,0.73257428,0.02575641,0.02015518,0.00866967,0.21129167,0.57841086,-0.38851205,0.09596009,0.00153756,-0.00486859,-0.28280774,0.34661803,-0.21978156,0.00370567,-0.06136772,0.02335941,0.31994906,-0.47013941,0.34812140,-0.55088651,-0.33685181,-0.08251259,-0.02241604,-0.00000001,-0.36312646,-0.46924937,0.45126131,-0.57321459,0.08564779,-0.02096257,0.00000000
-0.10443003,1.77806377,0.79076117,-0.05844691,0.67878878,0.73163247,0.02331782,0.00513649,0.01200238,0.21650462,0.57268578,-0.37773156,0.09596939,-0.00255384,-0.00039667,-0.28649932,0.33422813,-0.21635631,0.00373661,-0.06261604,0.02406001,0.32907930,-0.47232613,0.34436074,-0.56069821,-0.34371433,-0.08252674,-0.02148801,-0.00000001,-0.36459830,-0.47377226,0.45750192,-0.58702731,0.08865430,-0.02049848,0.00000000
-0.09985660,1.77756035,0.79120171,-0.05365548,0.68049413,0.73047292,0.02140378,-0.01192883,0.01591492,0.22108752,0.56467181,-0.36791700,0.09598169,-0.00717031,0.00324464,-0.29003215,0.32191339,-0.21236891,0.00376939,-0.06321085,0.02520193,0.34091365,-0.47320822,0.34108227,-0.57262987,-0.34681308,-0.08257303,-0.02005621,-0.00000001,-0.36552519,-0.47803932,0.46717712,-0.59770781,0.09159590,-0.01966687,0.00000000
-0.09595959,1.77807331,0.79158300,-0.04888454,0.68207479,0.72939998,0.01897251,-0.02922967,0.01958264,0.22545192,0.55633408,-0.35854390,0.09599499,-0.01130392,0.00668011,-0.29323095,0.30986896,-0.20897488,0.00380321,-0.06366880,0.02642511,0.35262337,-0.47394383,0.33839768,-0.58418512,-0.34909067,-0.08264130,-0.01858768,-0.00000001,-0.36610502,-0.48248273,0.47714713,-0.60754806,0.09452686,-0.01879180,0.00000000
-0.09341539,1.78061950,0.79184562,-0.04415618,0.68342388,0.72852010,0.01550741,-0.04700152,0.02276071,0.22937931,0.54734856,-0.35005370,0.09601030,-0.01447183,0.00970388,-0.29576179,0.29836527,-0.20676756,0.00383910,-0.06385300,0.02781083,0.36408353,-0.47438654,0.33690071,-0.59498799,-0.34972611,-0.08275360,-0.01704571,-0.00000001,-0.36599073,-0.48727843,0.48770675,-0.61570764,0.09743653,-0.01782979,0.00000000
-0.08912196,1.78391731,0.79233438,-0.03790928,0.68497336,0.72747082,0.01267716,-0.06438985,0.02615914,0.23265657,0.53804445,-0.34249541,0.09602758,-0.01789746,0.01186317,-0.29809794,0.28697258,-0.20560427,0.00387746,-0.06357931,0.02947360,0.37576345,-0.47438136,0.33684966,-0.60449797,-0.34891728,-0.08293398,-0.01545238,-0.00000001,-0.36501184,-0.49254465,0.49837241,-0.62220442,0.10034522,-0.01677746,0.00000000
-0.08395390,1.78759110,0.79293615,-0.03090182,0.68659747,0.72630966,0.01016391,-0.08158641,0.02966774,0.23560879,0.52858090,-0.33540305,0.09604587,-0.02145194,0.01359022,-0.30033672,0.27563551,-0.20496297,0.00391705,-0.06307668,0.03127491,0.38755313,-0.47415224,0.33752158,-0.61336142,-0.34738633,-0.08314846,-0.01383336,-0.00000001,-0.36360061,-0.49804589,0.50909114,-0.62786990,0.10325340,-0.01567999,0.00000000
-0.08111614,1.78719401,0.79336566,-0.02624062,0.68883556,0.72438568,0.00907261,-0.09611209,0.03348178,0.23737934,0.51978958,-0.32980654,0.09606713,-0.02586038,0.01288909,-0.30277985,0.26590183,-0.20148039,0.00396195,-0.06200095,0.03329574,0.39790219,-0.47394380,0.33996433,-0.61984074,-0.34533712,-0.08345990,-0.01252191,-0.00000001,-0.36122897,-0.50417674,0.51900852,-0.63179064,0.10616527,-0.01462221,0.00000000
-0.07980151,1.78767693,0.79368174,-0.02198471,0.69109488,0.72239608,0.00695674,-0.11003023,0.03663219,0.23907945,0.51134610,-0.32470149,0.09608942,-0.03008082,0.01209318,-0.30515870,0.25636730,-0.19818132,0.00400908,-0.06073384,0.03528243,0.40770510,-0.47368103,0.34287143,-0.62559545,-0.34319907,-0.08381148,-0.01130976,-0.00000001,-0.35865232,-0.51042199,0.52853614,-0.63524288,0.10908714,-0.01359164,0.00000000
-0.08153316,1.78991985,0.79377097,-0.01854027,0.69341499,0.72029454,0.00279206,-0.12273330,0.03845533,0.24063869,0.50359833,-0.32057941,0.09611364,-0.03392527,0.01110770,-0.30740914,0.24723101,-0.19524948,0.00406067,-0.05908395,0.03720086,0.41641566,-0.47330970,0.34670714,-0.62990099,-0.34088334,-0.08424328,-0.01029621,-0.00000001,-0.35566533,-0.51689643,0.53728431,-0.63775814,0.11202908,-0.01261544,0.00000000
-0.08051723,1.79268587,0.79403418,-0.01369544,0.69556272,0.71833462,-0.00050412,-0.13430521,0.03966087,0.24187024,0.49638340,-0.31669736,0.09613993,-0.03787775,0.01071618,-0.30947831,0.23819737,-0.19341457,0.00411572,-0.05727481,0.03928598,0.42458335,-0.47281876,0.35129783,-0.63288373,-0.33840504,-0.08475040,-0.00944331,-0.00000001,-0.35232550,-0.52346826,0.54524958,-0.63945800,0.11499651,-0.01169208,0.00000000
-0.07812752,1.79571331,0.79438436,-0.00815016,0.69760627,0.71642709,-0.00336598,-0.14531161,0.04055760,0.24293789,0.48943496,-0.31293526,0.09616724,-0.04188427,0.01062163,-0.31145671,0.22921498,-0.19212811,0.00417250,-0.05538606,0.04145445,0.43247962,-0.47226790,0.35626599,-0.63520479,-0.33584544,-0.08529517,-0.00867073,-0.00000001,-0.34880933,-0.53008860,0.55282342,-0.64075035,0.11797675,-0.01079515,0.00000000
-0.07243496,1.79448390,0.79467785,-0.00368572,0.69928181,0.71483123,-0.00277736,-0.15460557,0.04170779,0.24332710,0.48340639,-0.30803445,0.09619757,-0.04596989,0.01166627,-0.31331167,0.22193995,-0.18972081,0.00423503,-0.05360723,0.04372063,0.43965831,-0.47132093,0.36171156,-0.63640964,-0.33301517,-0.08593968,-0.00805608,-0.00000001,-0.34508124,-0.53632295,0.55943435,-0.64117771,0.12102380,-0.01000257,0.00000000
-0.06835665,1.79408836,0.79491794,0.00042368,0.70087945,0.71327269,-0.00314524,-0.16340563,0.04229882,0.24371389,0.47766560,-0.30354553,0.09622902,-0.04985781,0.01235783,-0.31496942,0.21472274,-0.18732417,0.00430071,-0.05178593,0.04577017,0.44638801,-0.47046039,0.36703676,-0.63737428,-0.33025235,-0.08661503,-0.00751472,-0.00000001,-0.34155470,-0.54217738,0.56578565,-0.64151257,0.12410801,-0.00926751,0.00000000
-0.06750684,1.79536033,0.79505110,0.00382277,0.70234168,0.71180898,-0.00542621,-0.17121784,0.04177156,0.24409604,0.47250023,-0.29988039,0.09626266,-0.05335034,0.01234326,-0.31623304,0.20762119,-0.18494886,0.00437271,-0.04987967,0.04738646,0.45221964,-0.46977299,0.37212142,-0.63785881,-0.32762447,-0.08735208,-0.00711992,-0.00000001,-0.33843121,-0.54727191,0.57161772,-0.64166272,0.12726659,-0.00864750,0.00000000
-0.06706855,1.79714274,0.79514688,0.00722305,0.70367867,0.71043628,-0.00802603,-0.17869435,0.04103300,0.24448581,0.46752831,-0.29609185,0.09629867,-0.05674281,0.01222948,-0.31727734,0.20073278,-0.18289836,0.00445117,-0.04798204,0.04887437,0.45821115,-0.46892944,0.37700841,-0.63810122,-0.32476887,-0.08815144,-0.00675233,-0.00000001,-0.33565074,-0.55162561,0.57698321,-0.64148241,0.13050552,-0.00808132,0.00000000
-0.06683602,1.79918027,0.79522395,0.01062380,0.70494467,0.70910066,-0.01078515,-0.18600301,0.04018880,0.24487944,0.46265301,-0.29224166,0.09633585,-0.06008525,0.01206611,-0.31821191,0.19395101,-0.18101026,0.00453286,-0.04608872,0.05029808,0.46428269,-0.46800798,0.38179672,-0.63822275,-0.32179949,-0.08898196,-0.00639835,-0.00000001,-0.33304194,-0.55560905,0.58211553,-0.64113688,0.13378459,-0.00754206,0.00000000
-0.06504622,1.79938114,0.79529023,0.01323514,0.70595002,0.70804209,-0.01165380,-0.19189689,0.03986598,0.24511622,0.45821840,-0.28717896,0.09637651,-0.06258853,0.01243058,-0.31891030,0.18843660,-0.17876348,0.00462386,-0.04458776,0.05159868,0.46896228,-0.46750426,0.38595572,-0.63792574,-0.31902537,-0.08989109,-0.00620089,-0.00000001,-0.33119875,-0.55853462,0.58636296,-0.64063531,0.13717911,-0.00714273,0.00000000
-0.06275027,1.79898405,0.79534286,0.01559077,0.70688421,0.70705688,-0.01192512,-0.19735134,0.03973284,0.24531309,0.45380640,-0.28180939,0.09641843,-0.06483360,0.01298838,-0.31955776,0.18330595,-0.17642486,0.00471841,-0.04323496,0.05288519,0.47322810,-0.46719816,0.38981515,-0.63759381,-0.31633878,-0.09081858,-0.00605353,-0.00000001,-0.32965654,-0.56110746,0.59031779,-0.64005405,0.14061405,-0.00677353,0.00000000
-0.05944202,1.79739141,0.79536802,0.01743514,0.70768493,0.70622730,-0.01100190,-0.20192702,0.03997909,0.24543007,0.44943944,-0.27582628,0.09646275,-0.06656230,0.01393285,-0.32010365,0.17894281,-0.17390253,0.00482003,-0.04217845,0.05414350,0.47666630,-0.46728733,0.39307544,-0.63719165,-0.31382728,-0.09178279,-0.00600636,-0.00000001,-0.32871634,-0.56297481,0.59368718,-0.63931334,0.14412981,-0.00646458,0.00000000
-0.05586208,1.79697382,0.79536057,0.01980554,0.70840305,0.70545346,-0.01040485,-0.20598832,0.04023461,0.24552131,0.44481587,-0.27026421,0.09650967,-0.06797580,0.01502383,-0.32047546,0.17466526,-0.17233881,0.00493101,-0.04127213,0.05536316,0.47991356,-0.46757752,0.39579222,-0.63682729,-0.31113765,-0.09279041,-0.00595512,-0.00000001,-0.32846501,-0.56411570,0.59653467,-0.63829595,0.14773072,-0.00616530,0.00000000
-0.05214627,1.79714382,0.79533684,0.02243885,0.70907634,0.70470399,-0.00997085,-0.20979238,0.04049477,0.24559964,0.44006401,-0.26491261,0.09655785,-0.06923173,0.01618807,-0.32076019,0.17043053,-0.17125435,0.00504668,-0.04044090,0.05656351,0.48306537,-0.46796826,0.39823720,-0.63648218,-0.30835897,-0.09381969,-0.00590183,-0.00000001,-0.32855812,-0.56489348,0.59912115,-0.63713998,0.15137422,-0.00587086,0.00000000
-0.05221309,1.79773664,0.79528898,0.02358184,0.70965284,0.70407224,-0.01090784,-0.21232136,0.03951500,0.24584325,0.43571356,-0.26139069,0.09661029,-0.06992780,0.01615790,-0.32072935,0.16673213,-0.16952316,0.00518036,-0.03982543,0.05743890,0.48546830,-0.46881640,0.39987588,-0.63620138,-0.30531421,-0.09490900,-0.00583941,-0.00000001,-0.32961047,-0.56467634,0.60093051,-0.63561445,0.15514936,-0.00559329,0.00000000
-0.05234365,1.79834175,0.79524517,0.02463930,0.71018213,0.70348799,-0.01178355,-0.21444970,0.03846771,0.24606921,0.43142399,-0.25804374,0.09666424,-0.07046355,0.01607344,-0.32062671,0.16320334,-0.16779914,0.00531998,-0.03929204,0.05831198,0.48766461,-0.46985281,0.40126649,-0.63592446,-0.30215415,-0.09601886,-0.00576482,-0.00000001,-0.33102998,-0.56413561,0.60248822,-0.63398498,0.15897137,-0.00532130,0.00000000
-0.05260168,1.79897130,0.79520947,0.02552581,0.71061951,0.70300156,-0.01253673,-0.21577689,0.03728537,0.24625996,0.42725578,-0.25504681,0.09672132,-0.07067864,0.01588037,-0.32038045,0.16001366,-0.16608945,0.00547146,-0.03892289,0.05918043,0.48944789,-0.47126594,0.40216073,-0.63565546,-0.29876357,-0.09716986,-0.00566591,-0.00000001,-0.33318385,-0.56294745,0.60354298,-0.63214797,0.16288707,-0.00506046,0.00000000
-0.05415945,1.79677415,0.79514486,0.02419215,0.71100545,0.70266610,-0.01209567,-0.21605435,0.03582691,0.24652630,0.42391235,-0.25144792,0.09678189,-0.07022452,0.01516845,-0.32009998,0.15801069,-0.16262388,0.00563451,-0.03869653,0.05993986,0.49029598,-0.47315750,0.40253735,-0.63537550,-0.29518798,-0.09836121,-0.00555248,-0.00000001,-0.33610526,-0.56114817,0.60409051,-0.63017565,0.16689616,-0.00482282,0.00000000
-0.05636708,1.79316366,0.79506576,0.02174829,0.71136183,0.70240229,-0.01105745,-0.21580693,0.03423038,0.24683042,0.42098123,-0.24754821,0.09684423,-0.06943578,0.01419710,-0.31980240,0.15660109,-0.15828046,0.00580334,-0.03854157,0.06064478,0.49067655,-0.47528827,0.40265509,-0.63508981,-0.29152003,-0.09957272,-0.00543178,-0.00000001,-0.33941054,-0.55904329,0.60438448,-0.62813562,0.17095195,-0.00459679,0.00000000
-0.05693825,1.79099703,0.79496539,0.02041584,0.71155542,0.70226401,-0.00986405,-0.21419173,0.03296988,0.24697383,0.41724744,-0.24438457,0.09691149,-0.06794858,0.01388855,-0.31920245,0.15487579,-0.15594192,0.00598838,-0.03881208,0.06117515,0.48960280,-0.47847173,0.40160123,-0.63506365,-0.28799924,-0.10083530,-0.00538452,-0.00000001,-0.34447700,-0.55578351,0.60381722,-0.62650484,0.17514698,-0.00455406,0.00000000
-0.05744259,1.79141450,0.79492682,0.02041304,0.71168137,0.70213681,-0.00983989,-0.21212901,0.03143280,0.24711935,0.41265041,-0.24293330,0.09698042,-0.06627750,0.01362132,-0.31837034,0.15242812,-0.15527102,0.00617891,-0.03933292,0.06150640,0.48780710,-0.48245591,0.40001389,-0.63498777,-0.28476882,-0.10211942,-0.00542412,-0.00000001,-0.35027507,-0.55207962,0.60292792,-0.62519556,0.17938623,-0.00462134,0.00000000
-0.05781326,1.79699969,0.79501194,0.02306948,0.71166992,0.70202994,-0.01215417,-0.20917112,0.02934261,0.24726906,0.40632665,-0.24490692,0.09705272,-0.06423870,0.01343672,-0.31707397,0.14853556,-0.15793544,0.00638041,-0.04035443,0.06143944,0.48456782,-0.48804167,0.39735961,-0.63481289,-0.28211895,-0.10344661,-0.00563740,-0.00000001,-0.35753629,-0.54748678,0.60139465,-0.62453002,0.18371397,-0.00490867,0.00000000
-0.06068123,1.80167556,0.79509485,0.02398218,0.71167678,0.70194709,-0.01453548,-0.20491916,0.02629580,0.24763115,0.40025744,-0.24760735,0.09712890,-0.06115085,0.01223811,-0.31566003,0.14529796,-0.15974656,0.00659154,-0.04154039,0.06096334,0.47912872,-0.49523208,0.39382336,-0.63429767,-0.27993304,-0.10482407,-0.00601170,-0.00000001,-0.36608946,-0.54214126,0.59927100,-0.62422407,0.18812743,-0.00535484,0.00000000
-0.06479783,1.80589664,0.79517668,0.02402299,0.71169227,0.70187587,-0.01695028,-0.20002025,0.02277070,0.24809940,0.39431536,-0.25067118,0.09720703,-0.05753847,0.01053251,-0.31418738,0.14238784,-0.16113099,0.00680748,-0.04280858,0.06028267,0.47258982,-0.50322479,0.38984600,-0.63361239,-0.27797899,-0.10622669,-0.00646650,-0.00000001,-0.37528864,-0.53641945,0.59685218,-0.62409806,0.19258371,-0.00588042,0.00000000
-0.06629199,1.80781317,0.79515868,0.02342082,0.71149176,0.70209754,-0.01702842,-0.19361098,0.02064649,0.24853756,0.38820118,-0.25153345,0.09728993,-0.05318501,0.01006277,-0.31269032,0.14042586,-0.16262375,0.00703317,-0.04483140,0.05987762,0.46449709,-0.51251829,0.38499734,-0.63266677,-0.27589026,-0.10771734,-0.00696412,-0.00000001,-0.38565627,-0.53007966,0.59360230,-0.62380147,0.19715790,-0.00650732,0.00000000
-0.06875389,1.81042588,0.79515070,0.02271844,0.71129012,0.70230919,-0.01766485,-0.18675625,0.01805280,0.24906656,0.38189408,-0.25314555,0.09737430,-0.04851774,0.00917245,-0.31114239,0.13848217,-0.16421998,0.00726167,-0.04691715,0.05928503,0.45575449,-0.52228230,0.37990758,-0.63154566,-0.27375588,-0.10924013,-0.00748909,-0.00000001,-0.39645186,-0.52354580,0.59000033,-0.62343639,0.20176484,-0.00717936,0.00000000
-0.07315127,1.81443119,0.79516268,0.02181559,0.71108490,0.70249927,-0.01941780,-0.17901060,0.01452013,0.24977712,0.37520087,-0.25625747,0.09746160,-0.04322282,0.00744095,-0.30949268,0.13657509,-0.16602302,0.00749577,-0.04912876,0.05831733,0.44571197,-0.53298724,0.37433559,-0.63007337,-0.27153048,-0.11082730,-0.00806878,-0.00000001,-0.40810314,-0.51662332,0.58569425,-0.62293392,0.20643708,-0.00794169,0.00000000
-0.07811961,1.81722009,0.79515916,0.01967536,0.71081996,0.70280123,-0.02045317,-0.16999058,0.01098189,0.25062257,0.36862668,-0.25882035,0.09755140,-0.03706276,0.00554714,-0.30780756,0.13553591,-0.16712925,0.00773335,-0.05173934,0.05709017,0.43382949,-0.54464227,0.36809096,-0.62842983,-0.26946798,-0.11245929,-0.00879246,-0.00000001,-0.42046204,-0.50948381,0.58061165,-0.62215030,0.21116099,-0.00880073,0.00000000
-0.08337344,1.81940079,0.79514784,0.01691634,0.71052116,0.70315504,-0.02112964,-0.16033340,0.00744086,0.25153551,0.36211202,-0.26110870,0.09764244,-0.03047010,0.00357217,-0.30610475,0.13493066,-0.16788700,0.00797267,-0.05454939,0.05573327,0.42102706,-0.55677247,0.36151001,-0.62670040,-0.26748702,-0.11411366,-0.00958813,-0.00000001,-0.43317461,-0.50223559,0.57514071,-0.62122613,0.21591076,-0.00970811,0.00000000
-0.08846089,1.82120860,0.79508251,0.01381691,0.71019530,0.70354348,-0.02141089,-0.14982142,0.00404347,0.25252411,0.35522172,-0.26288572,0.09773660,-0.02352788,0.00166863,-0.30447286,0.13481954,-0.16867395,0.00821496,-0.05758492,0.05424472,0.40742689,-0.56942487,0.35459521,-0.62443286,-0.26474157,-0.11587260,-0.01038780,-0.00000001,-0.44658059,-0.49477622,0.56864613,-0.61933362,0.22073071,-0.01067366,0.00000000
-0.09251574,1.82280457,0.79502249,0.01091285,0.70982945,0.70396996,-0.02119588,-0.13904390,0.00112566,0.25347361,0.34815684,-0.26415220,0.09783174,-0.01652532,0.00021328,-0.30287796,0.13485938,-0.16984247,0.00845779,-0.06075743,0.05282123,0.39367962,-0.58206028,0.34768766,-0.62197006,-0.26158512,-0.11766697,-0.01116370,-0.00000001,-0.46004170,-0.48739243,0.56181741,-0.61691421,0.22555609,-0.01162897,0.00000000
-0.09450541,1.82397699,0.79497284,0.00839971,0.70939213,0.70448047,-0.01998859,-0.12773535,-0.00083298,0.25434494,0.34074280,-0.26439780,0.09792884,-0.00940207,-0.00034568,-0.30135700,0.13520117,-0.17177424,0.00870172,-0.06420390,0.05152788,0.37963787,-0.59466112,0.34079489,-0.61911702,-0.25760683,-0.11953218,-0.01189203,-0.00000001,-0.47361305,-0.48015985,0.55432051,-0.61344147,0.23039228,-0.01256378,0.00000000
-0.09854513,1.82663250,0.79480159,0.00581392,0.70905012,0.70484656,-0.02013747,-0.11609403,-0.00378969,0.25521904,0.33290741,-0.26631486,0.09802785,-0.00205103,-0.00179967,-0.29989842,0.13551769,-0.17410456,0.00894653,-0.06729718,0.04966976,0.36519039,-0.60707015,0.33409142,-0.61570406,-0.25258172,-0.12148453,-0.01254805,-0.00000001,-0.48734948,-0.47302487,0.54619437,-0.60874915,0.23523085,-0.01346693,0.00000000
-0.10360988,1.83002961,0.79456943,0.00319178,0.70875323,0.70513773,-0.02096436,-0.10428632,-0.00724543,0.25609446,0.32486144,-0.26906782,0.09812783,0.00541389,-0.00370117,-0.29847106,0.13582152,-0.17663421,0.00919178,-0.07021387,0.04752925,0.35054001,-0.61938328,0.32748264,-0.61201125,-0.24703328,-0.12348036,-0.01316791,-0.00000001,-0.50116837,-0.46593869,0.53775376,-0.60344708,0.24007055,-0.01435426,0.00000000
-0.10620455,1.83381248,0.79430228,0.00165064,0.70842004,0.70546991,-0.02122683,-0.09242183,-0.00965512,0.25668013,0.31608322,-0.27132174,0.09823070,0.01253213,-0.00452134,-0.29720393,0.13624495,-0.18076591,0.00943784,-0.07311603,0.04532985,0.33661020,-0.63078994,0.32159266,-0.60753882,-0.23935488,-0.12560281,-0.01356742,-0.00000001,-0.51435935,-0.45956251,0.52841705,-0.59543651,0.24486174,-0.01503600,0.00000000
-0.11120218,1.83823788,0.79385424,-0.00045174,0.70816064,0.70568907,-0.02260662,-0.08053536,-0.01313864,0.25727290,0.30736434,-0.27476615,0.09833454,0.01968900,-0.00639341,-0.29592928,0.13682814,-0.18445134,0.00968412,-0.07565778,0.04265522,0.32267666,-0.64193749,0.31602183,-0.60273451,-0.23099618,-0.12776750,-0.01391533,-0.00000001,-0.52735472,-0.45343539,0.51888126,-0.58646184,0.24962947,-0.01563716,0.00000000
-0.12100575,1.84394789,0.79304433,-0.00367659,0.70804101,0.70567477,-0.02622078,-0.06860502,-0.01876985,0.25787947,0.29876429,-0.28059137,0.09844031,0.02692315,-0.01036928,-0.29463944,0.13773088,-0.18724415,0.00993086,-0.07747865,0.03903015,0.30873552,-0.65256679,0.31108913,-0.59726655,-0.22127688,-0.13001660,-0.01416001,-0.00000001,-0.53995913,-0.44780594,0.50894749,-0.57555944,0.25435027,-0.01607713,0.00000000
-0.12527724,1.84808648,0.79250932,-0.00549092,0.70787483,0.70578468,-0.02740585,-0.05742399,-0.02196971,0.25820169,0.29009685,-0.28321594,0.09854797,0.03321862,-0.01212629,-0.29356757,0.13903019,-0.19114445,0.01017802,-0.07956500,0.03626180,0.29714972,-0.66175956,0.30695152,-0.59169841,-0.20950677,-0.13233756,-0.01411105,-0.00000001,-0.55113620,-0.44307166,0.49891636,-0.56193167,0.25902662,-0.01617076,0.00000000
-0.12678267,1.85143912,0.79211169,-0.00660001,0.70769018,0.70596147,-0.02737655,-0.04661766,-0.02395390,0.25838181,0.28139579,-0.28424019,0.09865654,0.03904474,-0.01277389,-0.29260477,0.14052780,-0.19559841,0.01042539,-0.08178414,0.03392180,0.28674150,-0.67023432,0.30321154,-0.58608031,-0.19671121,-0.13469446,-0.01391526,-0.00000001,-0.56159985,-0.43878490,0.48883668,-0.54694110,0.26368093,-0.01609121,0.00000000
-0.13066746,1.85337436,0.79156071,-0.00888231,0.70778567,0.70582366,-0.02781208,-0.03717557,-0.02701494,0.25838891,0.27326089,-0.28448558,0.09876779,0.04363772,-0.01467577,-0.29183361,0.14288305,-0.19800785,0.01067333,-0.08312165,0.03130272,0.27956730,-0.67651016,0.30113474,-0.57988840,-0.18076912,-0.13718171,-0.01326997,-0.00000001,-0.56996280,-0.43589094,0.47868711,-0.52772671,0.26825204,-0.01543487,0.00000000
-0.13383509,1.85465574,0.79108268,-0.01106245,0.70796156,0.70561600,-0.02782346,-0.02829011,-0.02979726,0.25827774,0.26525128,-0.28382686,0.09887984,0.04772189,-0.01638285,-0.29117319,0.14544077,-0.20016894,0.01092136,-0.08426104,0.02885395,0.27366519,-0.68204057,0.29964590,-0.57349503,-0.16379285,-0.13971184,-0.01246441,-0.00000001,-0.57748115,-0.43352422,0.46854120,-0.50703764,0.27280104,-0.01455757,0.00000000
-0.13556843,1.85462987,0.79075074,-0.01303830,0.70830232,0.70527273,-0.02698670,-0.02051787,-0.03202211,0.25792995,0.25749230,-0.28135976,0.09899352,0.05078850,-0.01770034,-0.29073417,0.14840339,-0.20183322,0.01116956,-0.08500414,0.02674585,0.27030724,-0.68608010,0.29933304,-0.56669885,-0.14474829,-0.14232776,-0.01133829,-0.00000001,-0.58331043,-0.43221205,0.45840225,-0.48339957,0.27730569,-0.01323833,0.00000000
-0.13786840,1.85497785,0.79034752,-0.01467430,0.70876664,0.70478094,-0.02680252,-0.01378792,-0.03466571,0.25737762,0.24972546,-0.27878430,0.09910861,0.05293127,-0.01945299,-0.29040611,0.15137011,-0.20308962,0.01141781,-0.08517597,0.02461361,0.26908338,-0.68886441,0.30026597,-0.55930012,-0.12390148,-0.14504002,-0.00992730,-0.00000001,-0.58755237,-0.43201631,0.44806418,-0.45693460,0.28177360,-0.01147022,0.00000000
-0.14045170,1.85551286,0.78990865,-0.01614036,0.70929217,0.70421445,-0.02694463,-0.00757912,-0.03751867,0.25672284,0.24195474,-0.27615455,0.09922443,0.05461213,-0.02142322,-0.29013366,0.15433878,-0.20414203,0.01166608,-0.08506213,0.02246932,0.26892653,-0.69102114,0.30182183,-0.55160022,-0.10215361,-0.14780051,-0.00837389,-0.00000001,-0.59100085,-0.43237874,0.43762660,-0.42905617,0.28622323,-0.00947768,0.00000000
-0.13934325,1.85132027,0.78998160,-0.01822696,0.71009427,0.70346552,-0.02387807,-0.00298367,-0.03862505,0.25577280,0.23530971,-0.26907992,0.09934183,0.05492835,-0.02217034,-0.29026014,0.15843907,-0.20373742,0.01191398,-0.08458799,0.02116543,0.27231532,-0.69113892,0.30524668,-0.54312390,-0.07804825,-0.15069951,-0.00640145,-0.00000001,-0.59148592,-0.43459427,0.42703861,-0.39725178,0.29059705,-0.00678499,0.00000000
-0.13851345,1.84811080,0.78998935,-0.01985834,0.71079588,0.70279175,-0.02141548,0.00147577,-0.03993088,0.25483048,0.22855099,-0.26270258,0.09945979,0.05509748,-0.02309803,-0.29033110,0.16230690,-0.20370290,0.01216188,-0.08408287,0.01981452,0.27587134,-0.69102567,0.30889872,-0.53456336,-0.05383115,-0.15362543,-0.00443047,-0.00000001,-0.59162581,-0.43708166,0.41645437,-0.36519060,0.29492337,-0.00407539,0.00000000
-0.13824098,1.84686720,0.78986669,-0.02057970,0.71131313,0.70228451,-0.02016137,0.00566320,-0.04163561,0.25390342,0.22156493,-0.25771955,0.09957883,0.05497243,-0.02438686,-0.29029107,0.16570999,-0.20440854,0.01240977,-0.08351578,0.01836958,0.27976203,-0.69045067,0.31300509,-0.52583385,-0.02939054,-0.15660536,-0.00246241,-0.00000001,-0.59107459,-0.44011253,0.40587768,-0.33261570,0.29915476,-0.00133196,0.00000000
-0.13557173,1.84788394,0.78985155,-0.01926251,0.71142507,0.70223570,-0.01919563,0.00972279,-0.04238381,0.25307250,0.21428810,-0.25348574,0.09969889,0.05460337,-0.02472350,-0.29007778,0.16845571,-0.20714441,0.01265768,-0.08350291,0.01721046,0.28388327,-0.68946254,0.31731281,-0.51718867,-0.00503386,-0.15960895,-0.00049984,-0.00000001,-0.58983284,-0.44356385,0.39542630,-0.30024379,0.30326545,0.00136387,0.00000000
-0.13170411,1.85003078,0.78989023,-0.01692597,0.71133113,0.70241296,-0.01837397,0.01371847,-0.04265374,0.25228965,0.20686594,-0.24962649,0.09981947,0.05411231,-0.02458405,-0.28977796,0.17087287,-0.21089537,0.01290560,-0.08376715,0.01619425,0.28811979,-0.68826807,0.32172111,-0.50858581,0.01928086,-0.16262433,0.00145998,-0.00000001,-0.58824605,-0.44722542,0.38503760,-0.26797321,0.30731577,0.00403589,0.00000000
-0.13217084,1.84887326,0.78976279,-0.01793600,0.71168202,0.70205837,-0.01734972,0.01768356,-0.04444141,0.25134051,0.20094284,-0.24552989,0.09994233,0.05437151,-0.02630302,-0.28981760,0.17382798,-0.21101607,0.01315392,-0.08246211,0.01438737,0.29109958,-0.68729645,0.32530999,-0.50083894,0.04131862,-0.16555825,0.00292263,-0.00000001,-0.58702099,-0.44919670,0.37736925,-0.23967071,0.31099722,0.00605579,0.00000000
-0.13283162,1.84784222,0.78962851,-0.01892869,0.71208346,0.70164633,-0.01647367,0.02151273,-0.04629913,0.25033075,0.19515228,-0.24158184,0.10006592,0.05472317,-0.02811841,-0.28995579,0.17652254,-0.21097231,0.01340235,-0.08082885,0.01259909,0.29396453,-0.68644595,0.32856402,-0.49342477,0.06251185,-0.16845532,0.00422541,-0.00000001,-0.58576435,-0.45061281,0.37060985,-0.21271455,0.31456545,0.00788215,0.00000000
-0.13388047,1.84706414,0.78948033,-0.01988676,0.71258748,0.70112127,-0.01589408,0.02507004,-0.04829688,0.24919984,0.18962668,-0.23793089,0.10019094,0.05525976,-0.03012665,-0.29029101,0.17869595,-0.21059965,0.01365103,-0.07853907,0.01084802,0.29659995,-0.68583763,0.33114856,-0.48667580,0.08201600,-0.17127867,0.00520845,-0.00000001,-0.58444464,-0.45091856,0.36566821,-0.18845101,0.31790754,0.00932143,0.00000000
-0.13401105,1.84633064,0.78942746,-0.02051594,0.71287578,0.70082879,-0.01503689,0.02851422,-0.04972680,0.24824347,0.18441059,-0.23410854,0.10031725,0.05590505,-0.03166292,-0.29054502,0.18037222,-0.21023673,0.01389985,-0.07648785,0.00913298,0.29909986,-0.68492717,0.33324215,-0.48061168,0.10003318,-0.17401189,0.00594595,-0.00000001,-0.58284491,-0.45075589,0.36175594,-0.16679689,0.32101989,0.01037432,0.00000000
-0.13368247,1.84561944,0.78942215,-0.02098065,0.71305603,0.70065236,-0.01404090,0.03190184,-0.05087281,0.24737440,0.17934926,-0.23020050,0.10044421,0.05660469,-0.03296321,-0.29075855,0.18179998,-0.20987868,0.01414876,-0.07455587,0.00743596,0.30153206,-0.68386531,0.33509031,-0.47489008,0.11730684,-0.17670003,0.00656066,-0.00000001,-0.58110505,-0.45035911,0.35835826,-0.14644748,0.32401747,0.01123400,0.00000000
-0.13477752,1.84500217,0.78933150,-0.02184716,0.71290183,0.70079035,-0.01365597,0.03504042,-0.05243802,0.24694377,0.17466469,-0.22694330,0.10057314,0.05722502,-0.03477192,-0.29062480,0.18264528,-0.20849356,0.01439790,-0.07312731,0.00558257,0.30417252,-0.68206394,0.33694091,-0.46970588,0.13284820,-0.17926702,0.00695233,-0.00000001,-0.57845199,-0.45009628,0.35578260,-0.12917866,0.32665658,0.01172479,0.00000000
-0.13569616,1.84376407,0.78928673,-0.02301519,0.71273518,0.70093745,-0.01287081,0.03820857,-0.05382268,0.24656612,0.17033391,-0.22330125,0.10070259,0.05798031,-0.03650641,-0.29050153,0.18359439,-0.20671494,0.01464707,-0.07172415,0.00380595,0.30662507,-0.68009245,0.33888209,-0.46461773,0.14777796,-0.18178612,0.00726537,-0.00000001,-0.57563001,-0.44986594,0.35342741,-0.11293433,0.32918015,0.01210110,0.00000000
-0.13626200,1.84128428,0.78933376,-0.02478620,0.71254152,0.70110118,-0.01128516,0.04143591,-0.05484623,0.24629427,0.16671067,-0.21888947,0.10083319,0.05900555,-0.03809249,-0.29039904,0.18475106,-0.20414922,0.01489631,-0.07037184,0.00218287,0.30870202,-0.67778122,0.34100434,-0.45972165,0.16148441,-0.18420947,0.00742115,-0.00000001,-0.57247013,-0.44970071,0.35151330,-0.09873907,0.33147275,0.01224848,0.00000000
-0.13685788,1.83915997,0.78937441,-0.02640259,0.71229059,0.70131868,-0.00985045,0.04464197,-0.05586499,0.24609880,0.16329190,-0.21475390,0.10096479,0.06016367,-0.03972164,-0.29026657,0.18567441,-0.20159821,0.01514559,-0.06907801,0.00081338,0.31050983,-0.67529607,0.34354562,-0.45479453,0.17413813,-0.18653879,0.00747023,-0.00000001,-0.56897998,-0.44987065,0.34974745,-0.08621294,0.33355230,0.01225184,0.00000000
-0.13746879,1.83721328,0.78941190,-0.02794161,0.71200967,0.70156211,-0.00849122,0.04783737,-0.05688137,0.24594153,0.15997535,-0.21075635,0.10109688,0.06138820,-0.04137232,-0.29011905,0.18648103,-0.19905457,0.01539488,-0.06781340,-0.00042933,0.31218308,-0.67272407,0.34629643,-0.44985187,0.18626544,-0.18882114,0.00746596,-0.00000001,-0.56532460,-0.45020822,0.34805578,-0.07452135,0.33552548,0.01218319,0.00000000
-0.13707963,1.83536696,0.78955400,-0.02922023,0.71146768,0.70207840,-0.00676899,0.05126778,-0.05722458,0.24603795,0.15697518,-0.20664877,0.10123016,0.06284538,-0.04245578,-0.28981391,0.18714347,-0.19670846,0.01564413,-0.06718174,-0.00167465,0.31295121,-0.67026883,0.34912959,-0.44509414,0.19668549,-0.19095454,0.00729405,-0.00000001,-0.56175745,-0.45098308,0.34634122,-0.06538869,0.33721361,0.01186557,0.00000000
-0.13679059,1.83332610,0.78969646,-0.03066830,0.71091825,0.70258814,-0.00496201,0.05475063,-0.05755574,0.24617448,0.15413061,-0.20248632,0.10136390,0.06438535,-0.04356677,-0.28950259,0.18787372,-0.19417416,0.01589341,-0.06661351,-0.00292101,0.31347427,-0.66780287,0.35202736,-0.44038528,0.20661941,-0.19303687,0.00708651,-0.00000001,-0.55819219,-0.45192492,0.34461367,-0.05697837,0.33880776,0.01149453,0.00000000
-0.13670179,1.83089626,0.78983963,-0.03245534,0.71035630,0.70308721,-0.00298556,0.05833832,-0.05786275,0.24639112,0.15159701,-0.19821437,0.10149848,0.06609092,-0.04473279,-0.28917903,0.18873949,-0.19126347,0.01614271,-0.06617212,-0.00416942,0.31350732,-0.66531527,0.35505441,-0.43577385,0.21558094,-0.19501713,0.00680771,-0.00000001,-0.55463082,-0.45320082,0.34286034,-0.05001270,0.34021395,0.01101664,0.00000000
-0.13636863,1.82792091,0.79000843,-0.03446174,0.70979309,0.70356643,-0.00064564,0.06190636,-0.05796442,0.24666312,0.14937130,-0.19359891,0.10163385,0.06783452,-0.04578281,-0.28889203,0.18978594,-0.18812789,0.01639207,-0.06586867,-0.00532102,0.31344622,-0.66258323,0.35826117,-0.43128556,0.22383493,-0.19689417,0.00652374,-0.00000001,-0.55083960,-0.45482707,0.34110367,-0.04414397,0.34144905,0.01050322,0.00000000
-0.13591330,1.82467306,0.79019004,-0.03657757,0.70922434,0.70403081,0.00187602,0.06546455,-0.05796341,0.24696282,0.14729951,-0.18881173,0.10176962,0.06959713,-0.04677481,-0.28862330,0.19092275,-0.18487990,0.01664145,-0.06563420,-0.00642423,0.31333810,-0.65972918,0.36155784,-0.42685890,0.23173520,-0.19871958,0.00623718,-0.00000001,-0.54693341,-0.45662835,0.33934534,-0.03882371,0.34259874,0.00997204,0.00000000
-0.13564907,1.82163703,0.79033315,-0.03863578,0.70864356,0.70449573,0.00416525,0.06889510,-0.05796029,0.24730112,0.14524347,-0.18440811,0.10190656,0.07127774,-0.04774913,-0.28840497,0.19192700,-0.18173827,0.01689104,-0.06552733,-0.00765686,0.31323418,-0.65677977,0.36459965,-0.42276707,0.23854931,-0.20038547,0.00594059,-0.00000001,-0.54270291,-0.45856902,0.33781794,-0.03494971,0.34351978,0.00942857,0.00000000
-0.13529482,1.81932354,0.79047590,-0.04026154,0.70802313,0.70501441,0.00608665,0.07222924,-0.05794229,0.24764770,0.14300814,-0.18046544,0.10204387,0.07285480,-0.04864136,-0.28818065,0.19268593,-0.17904769,0.01714073,-0.06552124,-0.00889696,0.31326091,-0.65381402,0.36744252,-0.41884705,0.24499266,-0.20199500,0.00563610,-0.00000001,-0.53834885,-0.46047375,0.33639240,-0.03153203,0.34437481,0.00887566,0.00000000
-0.13476060,1.81845534,0.79061794,-0.04102299,0.70733362,0.70565104,0.00727246,0.07537056,-0.05789452,0.24801077,0.14041416,-0.17744459,0.10218197,0.07422477,-0.04936939,-0.28794435,0.19295444,-0.17725919,0.01739061,-0.06571667,-0.01015197,0.31354874,-0.65081602,0.36988741,-0.41527075,0.25069430,-0.20349173,0.00531583,-0.00000001,-0.53374803,-0.46230665,0.33517069,-0.02902698,0.34509772,0.00830387,0.00000000
-0.13506633,1.81648076,0.79068148,-0.04263216,0.70670599,0.70616782,0.00872970,0.07847891,-0.05816126,0.24844687,0.13815221,-0.17420113,0.10232089,0.07560323,-0.05048110,-0.28772077,0.19354674,-0.17467430,0.01764072,-0.06598720,-0.01140920,0.31386742,-0.64772558,0.37195253,-0.41203275,0.25571352,-0.20488277,0.00498162,-0.00000001,-0.52878243,-0.46404925,0.33419108,-0.02728617,0.34570551,0.00773203,0.00000000
-0.13579205,1.81395304,0.79070574,-0.04466498,0.70610565,0.70662105,0.01032260,0.08157080,-0.05858527,0.24891947,0.13605623,-0.17084636,0.10246025,0.07698597,-0.05178466,-0.28750342,0.19430098,-0.17169119,0.01789095,-0.06629532,-0.01266755,0.31420138,-0.64458913,0.37382793,-0.40896404,0.26039144,-0.20622091,0.00464044,-0.00000001,-0.52363431,-0.46574673,0.33333245,-0.02592748,0.34625587,0.00716015,0.00000000
-0.13725550,1.81271756,0.79064888,-0.04615109,0.70560402,0.70701748,0.01092650,0.08431087,-0.05951061,0.24934494,0.13358243,-0.16863328,0.10260065,0.07812633,-0.05340462,-0.28734359,0.19452678,-0.16923234,0.01814147,-0.06655709,-0.01382222,0.31500331,-0.64140916,0.37510711,-0.40636349,0.26414895,-0.20739713,0.00429119,-0.00000001,-0.51803720,-0.46709940,0.33287069,-0.02552779,0.34667400,0.00660711,0.00000000
-0.13856739,1.81158555,0.79059923,-0.04750568,0.70517087,0.70735043,0.01151589,0.08696034,-0.06040280,0.24970728,0.13110821,-0.16650406,0.10274125,0.07927506,-0.05497038,-0.28727797,0.19466254,-0.16696452,0.01839206,-0.06669267,-0.01486086,0.31586751,-0.63819426,0.37625879,-0.40387166,0.26764548,-0.20851979,0.00394240,-0.00000001,-0.51232958,-0.46830291,0.33254179,-0.02539997,0.34705842,0.00606373,0.00000000
-0.13957611,1.81066048,0.79056394,-0.04859746,0.70487791,0.70755887,0.01207631,0.08942867,-0.06122877,0.24994348,0.12863310,-0.16454248,0.10288223,0.08044051,-0.05642774,-0.28740084,0.19461830,-0.16507857,0.01864273,-0.06657589,-0.01566746,0.31685615,-0.63490951,0.37715563,-0.40159699,0.27061978,-0.20953543,0.00359453,-0.00000001,-0.50640100,-0.46920791,0.33247870,-0.02581587,0.34737518,0.00553965,0.00000000
-0.14008544,1.80984855,0.79056185,-0.04940294,0.70467359,0.70769525,0.01272468,0.09172209,-0.06189691,0.25009361,0.12618560,-0.16264455,0.10302339,0.08159667,-0.05769625,-0.28766412,0.19441599,-0.16360751,0.01889341,-0.06633203,-0.01617412,0.31800812,-0.63156933,0.37791899,-0.39947772,0.27317739,-0.21044526,0.00326398,-0.00000001,-0.50021571,-0.46990323,0.33264911,-0.02665178,0.34763256,0.00504678,0.00000000
-0.14034507,1.80909300,0.79057640,-0.05006525,0.70451337,0.70779538,0.01341702,0.09392805,-0.06248615,0.25020069,0.12375195,-0.16077854,0.10316463,0.08274820,-0.05887034,-0.28799781,0.19413467,-0.16234389,0.01914408,-0.06602464,-0.01653082,0.31924188,-0.62820131,0.37861565,-0.39743614,0.27552646,-0.21130212,0.00294210,-0.00000001,-0.49390227,-0.47049364,0.33293632,-0.02769769,0.34786022,0.00456951,0.00000000
-0.14095242,1.80966711,0.79055339,-0.05006506,0.70442194,0.70788896,0.01328240,0.09586515,-0.06341606,0.25026298,0.12104241,-0.16002294,0.10330606,0.08381722,-0.06020606,-0.28837186,0.19325040,-0.16181463,0.01939469,-0.06562563,-0.01666109,0.32075119,-0.62481159,0.37909910,-0.39561456,0.27723208,-0.21199469,0.00261955,-0.00000001,-0.48718134,-0.47091961,0.33345953,-0.02926096,0.34800163,0.00412933,0.00000000
-0.14140615,1.81000125,0.79053843,-0.05015074,0.70435882,0.70794475,0.01333957,0.09780769,-0.06425899,0.25031984,0.11848976,-0.15916196,0.10344753,0.08495901,-0.06147810,-0.28878263,0.19244157,-0.16127637,0.01964523,-0.06521013,-0.01670988,0.32221663,-0.62139559,0.37955406,-0.39385056,0.27872017,-0.21262968,0.00228715,-0.00000001,-0.48031271,-0.47131965,0.33406359,-0.03101489,0.34811285,0.00368729,0.00000000
-0.14155263,1.80985534,0.79053950,-0.05040815,0.70435196,0.70792466,0.01378031,0.09976109,-0.06492797,0.25036585,0.11625093,-0.15809011,0.10358904,0.08624633,-0.06262276,-0.28926679,0.19178359,-0.16072008,0.01989561,-0.06476162,-0.01659574,0.32359418,-0.61792749,0.37995195,-0.39220175,0.27977341,-0.21314952,0.00193508,-0.00000001,-0.47314847,-0.47166759,0.33482963,-0.03315013,0.34816343,0.00324153,0.00000000
-0.14168577,1.81010020,0.79054201,-0.05047626,0.70433563,0.70793086,0.01405022,0.10170090,-0.06560389,0.25043732,0.11406984,-0.15735228,0.10373059,0.08759876,-0.06372543,-0.28972009,0.19099125,-0.16041127,0.02014578,-0.06439041,-0.01645550,0.32489637,-0.61450517,0.38031012,-0.39064273,0.28043658,-0.21355487,0.00156497,-0.00000001,-0.46579388,-0.47207469,0.33567452,-0.03560832,0.34814969,0.00278925,0.00000000
-0.14181225,1.81054044,0.79054528,-0.05044970,0.70431441,0.70795012,0.01423471,0.10363391,-0.06628328,0.25052157,0.11191759,-0.15678148,0.10387216,0.08898377,-0.06480708,-0.29015800,0.19013174,-0.16022617,0.02039585,-0.06405789,-0.01630221,0.32616079,-0.61110574,0.38064840,-0.38912857,0.28090465,-0.21390305,0.00118584,-0.00000001,-0.45834413,-0.47251147,0.33655906,-0.03822799,0.34810379,0.00233371,0.00000000
-0.14222293,1.81008303,0.79050118,-0.05103068,0.70434368,0.70786667,0.01485400,0.10563540,-0.06705187,0.25066042,0.11027128,-0.15601146,0.10401380,0.09059848,-0.06603623,-0.29056308,0.18954556,-0.15959279,0.02064550,-0.06377614,-0.01607834,0.32717723,-0.60763878,0.38118264,-0.38765922,0.28092772,-0.21406566,0.00078666,-0.00000001,-0.45059663,-0.47332460,0.33731827,-0.04110393,0.34796628,0.00188243,0.00000000
-0.14202982,1.81003535,0.79051447,-0.05118984,0.70438176,0.70780426,0.01546438,0.10758151,-0.06756425,0.25074872,0.10859174,-0.15534376,0.10415544,0.09221522,-0.06698111,-0.29102042,0.18883212,-0.15947184,0.02089498,-0.06349392,-0.01575345,0.32825086,-0.60408503,0.38182712,-0.38619232,0.28086460,-0.21416570,0.00038855,-0.00000001,-0.44277304,-0.47431281,0.33799809,-0.04401175,0.34779704,0.00143599,0.00000000
-0.14062913,1.81080711,0.79064250,-0.05050545,0.70443803,0.70778418,0.01605697,0.10941686,-0.06756414,0.25073594,0.10684555,-0.15488057,0.10429709,0.09383604,-0.06735747,-0.29158238,0.18786407,-0.16037591,0.02114411,-0.06321071,-0.01522652,0.32943916,-0.60035813,0.38269234,-0.38473019,0.28062925,-0.21414070,-0.00000746,-0.00000001,-0.43479744,-0.47565100,0.33851910,-0.04698339,0.34756422,0.00099924,0.00000000
-0.13956515,1.81181383,0.79073012,-0.04980166,0.70448440,0.70777959,0.01641910,0.11119145,-0.06774102,0.25076988,0.10513204,-0.15478630,0.10443908,0.09541850,-0.06786149,-0.29206112,0.18683624,-0.16133358,0.02139302,-0.06306927,-0.01477913,0.33074793,-0.59641910,0.38381112,-0.38329396,0.28029865,-0.21399009,-0.00039215,-0.00000001,-0.42661494,-0.47757986,0.33872232,-0.04985106,0.34727937,0.00058846,0.00000000
-0.13866955,1.81293797,0.79079759,-0.04908818,0.70452577,0.70778251,0.01666600,0.11293569,-0.06800638,0.25082713,0.10343484,-0.15487649,0.10458124,0.09698178,-0.06842936,-0.29249826,0.18577851,-0.16231811,0.02164181,-0.06299871,-0.01437152,0.33211696,-0.59237432,0.38505670,-0.38187051,0.27992040,-0.21377665,-0.00077118,-0.00000001,-0.41832900,-0.47980422,0.33876657,-0.05266678,0.34696862,0.00019066,0.00000000
-0.13790399,1.81309962,0.79084450,-0.04896783,0.70455676,0.70774156,0.01742968,0.11474933,-0.06825104,0.25098979,0.10229518,-0.15458786,0.10472434,0.09869660,-0.06906251,-0.29282537,0.18510258,-0.16278319,0.02189033,-0.06314868,-0.01399450,0.33344528,-0.58787495,0.38679093,-0.38045335,0.27945244,-0.21336688,-0.00114903,-0.00000001,-0.40969753,-0.48295090,0.33828825,-0.05530059,0.34659553,-0.00019266,0.00000000
-0.13709815,1.81339622,0.79089630,-0.04877484,0.70459551,0.70769799,0.01815656,0.11656289,-0.06848237,0.25115064,0.10121612,-0.15438899,0.10486782,0.10043786,-0.06967758,-0.29313561,0.18443656,-0.16333666,0.02213879,-0.06332909,-0.01363040,0.33480027,-0.58318615,0.38872638,-0.37901434,0.27897704,-0.21289322,-0.00153231,-0.00000001,-0.40096506,-0.48643634,0.33760542,-0.05785580,0.34620535,-0.00057689,0.00000000
-0.13621180,1.81396294,0.79095793,-0.04843665,0.70465058,0.70764941,0.01880987,0.11837634,-0.06868704,0.25130782,0.10025824,-0.15436973,0.10501205,0.10223201,-0.07025656,-0.29341215,0.18379039,-0.16406706,0.02238714,-0.06357043,-0.01329211,0.33620825,-0.57811862,0.39106405,-0.37753183,0.27848646,-0.21229158,-0.00192643,-0.00000001,-0.39203063,-0.49059883,0.33651370,-0.06025383,0.34578115,-0.00096296,0.00000000
-0.13517129,1.81409252,0.79103529,-0.04831850,0.70472610,0.70755512,0.01980436,0.12025827,-0.06878513,0.25147358,0.09966120,-0.15410696,0.10515723,0.10418402,-0.07079437,-0.29365531,0.18337089,-0.16464171,0.02263543,-0.06385873,-0.01292900,0.33755133,-0.57259154,0.39397195,-0.37592387,0.27803549,-0.21156198,-0.00234027,-0.00000001,-0.38285294,-0.49555007,0.33494771,-0.06243449,0.34532511,-0.00135618,0.00000000
-0.13405374,1.81400359,0.79112059,-0.04831032,0.70481128,0.70743722,0.02096944,0.12217447,-0.06882993,0.25164363,0.09924462,-0.15372248,0.10530289,0.10621491,-0.07131159,-0.29388183,0.18306474,-0.16513850,0.02288369,-0.06417050,-0.01255349,0.33886182,-0.56683481,0.39716494,-0.37425324,0.27760428,-0.21076837,-0.00276395,-0.00000001,-0.37355372,-0.50089586,0.33314452,-0.06450647,0.34485304,-0.00175298,0.00000000
-0.13326277,1.81392896,0.79118216,-0.04841487,0.70490366,0.70730400,0.02208602,0.12408778,-0.06906419,0.25185034,0.09909456,-0.15352252,0.10545021,0.10835057,-0.07201935,-0.29397222,0.18279545,-0.16549994,0.02313202,-0.06460588,-0.01220510,0.34032735,-0.56023651,0.40154725,-0.37221435,0.27741176,-0.20979597,-0.00320721,-0.00000001,-0.36367521,-0.50778323,0.33042440,-0.06597804,0.34433326,-0.00213149,0.00000000
-0.13282192,1.81372952,0.79121530,-0.04872433,0.70500833,0.70714307,0.02319028,0.12604943,-0.06946470,0.25207162,0.09908772,-0.15341476,0.10559817,0.11057002,-0.07290521,-0.29400659,0.18260807,-0.16566806,0.02338040,-0.06504457,-0.01191874,0.34177458,-0.55326456,0.40649188,-0.36995766,0.27736935,-0.20876874,-0.00365562,-0.00000001,-0.35356399,-0.51529408,0.32730579,-0.06721467,0.34380361,-0.00251300,0.00000000
-0.13308130,1.81328011,0.79119176,-0.04944368,0.70513850,0.70692718,0.02426990,0.12810759,-0.07019768,0.25232187,0.09936725,-0.15349133,0.10574736,0.11295711,-0.07414725,-0.29392907,0.18258455,-0.16544957,0.02362889,-0.06548984,-0.01175644,0.34318516,-0.54554552,0.41256088,-0.36726567,0.27762759,-0.20763205,-0.00411432,-0.00000001,-0.34298748,-0.52405173,0.32339007,-0.06798145,0.34325454,-0.00290053,0.00000000
-0.13271567,1.81274498,0.79122752,-0.05009729,0.70526755,0.70670098,0.02572354,0.13034202,-0.07060450,0.25252157,0.10003451,-0.15345424,0.10589772,0.11562096,-0.07514810,-0.29384020,0.18278398,-0.16553579,0.02387745,-0.06593875,-0.01152884,0.34445798,-0.53680807,0.42027342,-0.36382043,0.27844262,-0.20639643,-0.00456039,-0.00000001,-0.33181289,-0.53442854,0.31832385,-0.06806427,0.34270057,-0.00328898,0.00000000
-0.13203754,1.81216681,0.79129291,-0.05071791,0.70539463,0.70646822,0.02736413,0.13266456,-0.07084826,0.25269601,0.10089564,-0.15336031,0.10604869,0.11842320,-0.07602832,-0.29374570,0.18309489,-0.16577441,0.02412606,-0.06638946,-0.01126860,0.34566191,-0.52756155,0.42880765,-0.35999840,0.27953625,-0.20511135,-0.00500014,-0.00000001,-0.32033935,-0.54561502,0.31268242,-0.06780510,0.34214419,-0.00367789,0.00000000
-0.13110562,1.81224585,0.79139113,-0.05101394,0.70549548,0.70628345,0.02893877,0.13520017,-0.07105453,0.25282666,0.10206208,-0.15376183,0.10620161,0.12153901,-0.07689918,-0.29352894,0.18346229,-0.16661006,0.02437488,-0.06692874,-0.01091485,0.34683579,-0.51644951,0.44052085,-0.35456812,0.28191811,-0.20369430,-0.00535745,-0.00000001,-0.30765811,-0.55998856,0.30454528,-0.06582490,0.34162658,-0.00398038,0.00000000
-0.13085596,1.81223798,0.79143745,-0.05160850,0.70562828,0.70604634,0.03039535,0.13782415,-0.07162331,0.25296137,0.10335480,-0.15436830,0.10635523,0.12477961,-0.07813372,-0.29323560,0.18391684,-0.16713741,0.02462380,-0.06742251,-0.01061958,0.34795287,-0.50461680,0.45353976,-0.34843424,0.28488365,-0.20224097,-0.00566135,-0.00000001,-0.29452017,-0.57557213,0.29538199,-0.06312099,0.34113201,-0.00423754,0.00000000
-0.13197084,1.81205642,0.79137999,-0.05280025,0.70582658,0.70570630,0.03161589,0.14062490,-0.07291710,0.25310406,0.10490015,-0.15538470,0.10651022,0.12826990,-0.08009560,-0.29278919,0.18454574,-0.16704799,0.02487292,-0.06782527,-0.01044125,0.34895641,-0.49134243,0.46917048,-0.34089300,0.28901649,-0.20071498,-0.00585844,-0.00000001,-0.28046918,-0.59357548,0.28416634,-0.05896961,0.34068394,-0.00440403,0.00000000
-0.13371477,1.81144249,0.79127896,-0.05444950,0.70611107,0.70523500,0.03295475,0.14350566,-0.07457796,0.25319913,0.10680266,-0.15629844,0.10666652,0.13195847,-0.08247479,-0.29226300,0.18544658,-0.16643856,0.02512213,-0.06812178,-0.01026405,0.35006064,-0.47624487,0.48773840,-0.33167890,0.29473591,-0.19913340,-0.00586054,-0.00000001,-0.26543212,-0.61422443,0.27044031,-0.05300763,0.34030449,-0.00443148,0.00000000
-0.13577321,1.81061244,0.79115605,-0.05632728,0.70643592,0.70469528,0.03435262,0.14642645,-0.07642231,0.25327042,0.10888377,-0.15716083,0.10682350,0.13574617,-0.08506266,-0.29169706,0.18648331,-0.16556908,0.02537139,-0.06836522,-0.01008741,0.35121512,-0.46023574,0.50777525,-0.32162836,0.30124861,-0.19752407,-0.00576516,-0.00000001,-0.24990207,-0.63619626,0.25545907,-0.04614037,0.33995953,-0.00438940,0.00000000
-0.13791870,1.80952752,0.79103696,-0.05830170,0.70696080,0.70392805,0.03595254,0.14919794,-0.07851633,0.25315014,0.11138809,-0.15760750,0.10698204,0.13957605,-0.08797481,-0.29114959,0.18793501,-0.16442855,0.02562046,-0.06839073,-0.00952888,0.35331118,-0.44065419,0.53272933,-0.30868301,0.31096962,-0.19587687,-0.00517074,-0.00000001,-0.23250899,-0.66222954,0.23613790,-0.03575784,0.33976164,-0.00397539,0.00000000
-0.13879149,1.80711651,0.79102576,-0.06058431,0.70759219,0.70295411,0.03870923,0.15202112,-0.07992961,0.25285214,0.11444276,-0.15674374,0.10714097,0.14363566,-0.09039553,-0.29081604,0.18994474,-0.16311060,0.02586933,-0.06816951,-0.00867975,0.35530987,-0.42003852,0.55913174,-0.29478607,0.32166433,-0.19422755,-0.00441716,-0.00000001,-0.21490853,-0.68931961,0.21537705,-0.02440577,0.33962202,-0.00346945,0.00000000
-0.13711892,1.80205357,0.79123044,-0.06348252,0.70842743,0.70155823,0.04377895,0.15494774,-0.07998147,0.25219887,0.11859810,-0.15325910,0.10730068,0.14815465,-0.09183334,-0.29091036,0.19307067,-0.16143790,0.02611778,-0.06745482,-0.00724941,0.35711363,-0.39735472,0.58843070,-0.27898604,0.33430615,-0.19257390,-0.00334524,-0.00000001,-0.19689341,-0.71852291,0.19173665,-0.01111460,0.33959851,-0.00277964,0.00000000
-0.13779795,1.79737759,0.79118276,-0.06675437,0.70958543,0.69981962,0.04780049,0.15743428,-0.08148615,0.25132814,0.12251809,-0.15083489,0.10746125,0.15240455,-0.09456778,-0.29107252,0.19608231,-0.15926023,0.02636619,-0.06609497,-0.00558130,0.35937718,-0.37396559,0.61928755,-0.26172617,0.34852913,-0.19093159,-0.00191706,-0.00000001,-0.17931908,-0.74844980,0.16541187,0.00464888,0.33973497,-0.00164221,0.00000000
-0.13965279,1.79289496,0.79100901,-0.07021216,0.71089596,0.69790095,0.05129727,0.15970078,-0.08371727,0.25034863,0.12632047,-0.14894094,0.10762227,0.15651987,-0.09795054,-0.29126859,0.19903681,-0.15683006,0.02661456,-0.06441259,-0.00379431,0.36187056,-0.35022378,0.65092325,-0.24373652,0.36354277,-0.18929487,-0.00031074,-0.00000001,-0.16196519,-0.77873874,0.13774483,0.02164852,0.33995122,-0.00028096,0.00000000
-0.13848765,1.79396415,0.79128307,-0.06957497,0.71207321,0.69664538,0.05288104,0.16155094,-0.08503618,0.24895032,0.12827830,-0.14937709,0.10778379,0.15997922,-0.09992225,-0.29162365,0.20019510,-0.15895569,0.02686265,-0.06306314,-0.00115734,0.36433312,-0.32575226,0.68544370,-0.22279908,0.38134879,-0.18776195,0.00204189,-0.00000001,-0.14622548,-0.81079966,0.10408691,0.04263777,0.34047839,0.00176994,0.00000000
-0.13830601,1.79435647,0.79144853,-0.06959447,0.71328926,0.69527918,0.05442367,0.16337369,-0.08675829,0.24756414,0.13025513,-0.14986648,0.10794562,0.16335775,-0.10227755,-0.29192540,0.20152038,-0.16041370,0.02711067,-0.06166546,0.00123857,0.36632818,-0.30219516,0.71919316,-0.20187755,0.39884552,-0.18626042,0.00442965,-0.00000001,-0.13193728,-0.84195584,0.06963338,0.06358806,0.34109408,0.00386948,0.00000000
-0.14009131,1.79339457,0.79139668,-0.07092770,0.71458638,0.69369483,0.05588423,0.16514160,-0.08928685,0.24620229,0.13226987,-0.15046233,0.10810807,0.16657454,-0.10540003,-0.29212043,0.20317960,-0.16053645,0.02735856,-0.06017136,0.00315236,0.36738825,-0.28046691,0.75140029,-0.18098775,0.41572350,-0.18482171,0.00688767,-0.00000001,-0.12055206,-0.87130177,0.03358852,0.08446043,0.34188658,0.00606630,0.00000000
-0.14216563,1.79239476,0.79133022,-0.07226753,0.71578979,0.69221014,0.05716218,0.16679776,-0.09199624,0.24490669,0.13390173,-0.15122516,0.10827078,0.16949257,-0.10858568,-0.29219657,0.20459430,-0.16064258,0.02760604,-0.05905901,0.00540799,0.36744177,-0.26103094,0.78250343,-0.15968609,0.43197858,-0.18348165,0.00951898,-0.00000001,-0.11219582,-0.89905423,-0.00450570,0.10537261,0.34288210,0.00845416,0.00000000
-0.14438443,1.79137588,0.79125649,-0.07361045,0.71694446,0.69077325,0.05834864,0.16839804,-0.09479608,0.24364428,0.13534215,-0.15207155,0.10843360,0.17226130,-0.11180289,-0.29221326,0.20588680,-0.16074039,0.02785332,-0.05813753,0.00783455,0.36699206,-0.24274093,0.81305444,-0.13817851,0.44792232,-0.18219088,0.01223695,-0.00000001,-0.10535407,-0.92600995,-0.04362458,0.12630469,0.34397903,0.01093752,0.00000000
-0.14784227,1.79630542,0.79129583,-0.07208208,0.71792364,0.69012225,0.05586614,0.16976447,-0.09845809,0.24236825,0.13439775,-0.15681162,0.10859587,0.17419936,-0.11512490,-0.29195598,0.20493753,-0.16332990,0.02809939,-0.05766837,0.01007265,0.36432970,-0.23098780,0.84057426,-0.11669359,0.46046564,-0.18108089,0.01480149,-0.00000001,-0.10500326,-0.94913852,-0.08388869,0.14387403,0.34537631,0.01316944,0.00000000
-0.15266050,1.79998481,0.79114872,-0.07170445,0.71875805,0.68947655,0.05354891,0.17135571,-0.10261662,0.24138322,0.13364723,-0.16126713,0.10875768,0.17621322,-0.11894074,-0.29138976,0.20418185,-0.16455080,0.02834447,-0.05758397,0.01228513,0.36043328,-0.22180524,0.86701030,-0.09529863,0.47136253,-0.18003868,0.01722907,-0.00000001,-0.10656142,-0.97067910,-0.12392912,0.15980600,0.34686992,0.01526550,0.00000000
-0.16019948,1.80116391,0.79062867,-0.07362916,0.71931005,0.68884915,0.05156289,0.17339659,-0.10776808,0.24098030,0.13328436,-0.16515341,0.10891853,0.17837863,-0.12374424,-0.29020584,0.20381325,-0.16303448,0.02858755,-0.05826907,0.01444640,0.35406849,-0.21776384,0.89127827,-0.07408353,0.47896680,-0.17913203,0.01938272,-0.00000001,-0.11193749,-0.98904413,-0.16352220,0.17246334,0.34855598,0.01708985,0.00000000
-0.16611095,1.80213368,0.79032528,-0.07538661,0.71935445,0.68871284,0.05020632,0.17591947,-0.11161677,0.24100065,0.13289997,-0.16797191,0.10907552,0.18056218,-0.12729166,-0.28870237,0.20343331,-0.16140321,0.02882558,-0.06009164,0.01660633,0.34511346,-0.22042090,0.91270316,-0.05359894,0.48143125,-0.17834303,0.02087311,-0.00000001,-0.12171512,-1.00384867,-0.20115075,0.17971560,0.35041082,0.01826637,0.00000000
-0.17120866,1.80299890,0.79013014,-0.07706039,0.71914476,0.68882173,0.04916443,0.17868331,-0.11481405,0.24123262,0.13250482,-0.17025641,0.10923062,0.18275480,-0.13021106,-0.28703925,0.20304763,-0.15971440,0.02906109,-0.06248295,0.01876559,0.33486319,-0.22642720,0.93270659,-0.03347962,0.48132592,-0.17761289,0.02203187,-0.00000001,-0.13369358,-1.01687276,-0.23779698,0.18426538,0.35235003,0.01911896,0.00000000
-0.17404309,1.80057085,0.79019254,-0.08007786,0.71871853,0.68883479,0.05037666,0.18182887,-0.11586355,0.24179465,0.13298570,-0.16940664,0.10937603,0.18520537,-0.13124865,-0.28543520,0.20359345,-0.15647078,0.02928462,-0.06528383,0.02042700,0.32161778,-0.24260089,0.94669396,-0.01605756,0.47192386,-0.17694592,0.02186693,-0.00000001,-0.15196982,-1.02330077,-0.26845980,0.17865840,0.35442352,0.01871282,0.00000000
-0.17595617,1.79768538,0.79037225,-0.08314961,0.71819150,0.68889552,0.05205856,0.18507197,-0.11613248,0.24243689,0.13357808,-0.16792955,0.10951718,0.18770742,-0.13153504,-0.28388119,0.20420276,-0.15319896,0.02950354,-0.06817465,0.02177549,0.30753878,-0.26189405,0.95858198,0.00020235,0.45936078,-0.17625928,0.02124132,-0.00000001,-0.17215607,-1.02768910,-0.29687041,0.16958663,0.35651082,0.01786933,0.00000000
-0.17602657,1.79388499,0.79078656,-0.08633032,0.71746773,0.68905526,0.05468006,0.18851031,-0.11484028,0.24323957,0.13439351,-0.16519764,0.10964981,0.19031246,-0.13031884,-0.28242740,0.20493904,-0.14987078,0.02971322,-0.07124539,0.02249816,0.29179275,-0.28742623,0.96627152,0.01413795,0.44047582,-0.17553331,0.01969437,-0.00000001,-0.19616222,-1.02799809,-0.32077631,0.15358531,0.35862547,0.01615111,0.00000000
-0.17758329,1.79119802,0.79098523,-0.08949212,0.71685052,0.68918961,0.05598362,0.19180936,-0.11392184,0.24398704,0.13468093,-0.16392103,0.10977361,0.19281271,-0.12911400,-0.28109369,0.20495096,-0.14652818,0.02991467,-0.07353147,0.02193888,0.27524576,-0.31797266,0.96970129,0.02524938,0.41586310,-0.17467713,0.01733170,-0.00000001,-0.22308765,-1.02433801,-0.33939376,0.13112079,0.36066559,0.01367231,0.00000000
-0.17988317,1.78906763,0.79107600,-0.09264416,0.71628433,0.68930912,0.05662802,0.19503871,-0.11319027,0.24470684,0.13470431,-0.16337205,0.10989297,0.19526060,-0.12791485,-0.27981997,0.20460063,-0.14317842,0.03011202,-0.07542524,0.02073862,0.25829840,-0.35102633,0.97100145,0.03494873,0.38838655,-0.17375581,0.01456116,-0.00000001,-0.25147274,-1.01869333,-0.35536700,0.10542464,0.36266845,0.01081323,0.00000000
-0.18244249,1.79067564,0.79113758,-0.09352689,0.71572340,0.68992347,0.05475725,0.19691566,-0.11278436,0.24532706,0.13329418,-0.16568357,0.10999624,0.19651157,-0.12639065,-0.27874207,0.20206673,-0.14213614,0.03029591,-0.07691298,0.01967785,0.24392116,-0.38871682,0.96512556,0.03880420,0.35422075,-0.17242655,0.01102454,-0.00000001,-0.28092766,-1.00657225,-0.36173636,0.07324604,0.36433420,0.00768401,0.00000000
-0.18361188,1.79290688,0.79136854,-0.09349921,0.71524912,0.69056356,0.05290261,0.19831122,-0.11176743,0.24574533,0.13175386,-0.16805898,0.11009337,0.19748951,-0.12422837,-0.27800250,0.19919093,-0.14218964,0.03047451,-0.07805872,0.01891347,0.23090588,-0.42639765,0.95689559,0.04052678,0.31901944,-0.17094123,0.00749611,-0.00000001,-0.30994096,-0.99257928,-0.36507598,0.03990159,0.36587769,0.00465315,0.00000000
-0.18200143,1.79638457,0.79193842,-0.09165105,0.71495050,0.69125730,0.05108041,0.19874400,-0.10952853,0.24575976,0.12995312,-0.17056239,0.11017815,0.19792140,-0.12078983,-0.27793977,0.19563131,-0.14443472,0.03064253,-0.07852050,0.01874188,0.22061455,-0.46405908,0.94395685,0.03798352,0.28174734,-0.16914403,0.00398408,-0.00000001,-0.33807072,-0.97484279,-0.36235625,0.00422548,0.36717719,0.00181901,0.00000000
-0.18041211,1.79871333,0.79236674,-0.09034867,0.71488065,0.69159734,0.04975948,0.19879559,-0.10725754,0.24564566,0.12876840,-0.17275363,0.11025303,0.19844182,-0.11738887,-0.27820411,0.19228446,-0.14630507,0.03080108,-0.07815178,0.01860637,0.21186461,-0.50128502,0.92677295,0.03118590,0.24281085,-0.16704500,0.00045549,-0.00000001,-0.36520791,-0.95393640,-0.35374105,-0.03352188,0.36824736,-0.00087687,0.00000000
-0.17883337,1.80046761,0.79272425,-0.08931924,0.71492529,0.69176096,0.04868925,0.19865665,-0.10497050,0.24546731,0.12789169,-0.17478882,0.11032294,0.19900647,-0.11400672,-0.27863207,0.18904404,-0.14798801,0.03095488,-0.07736781,0.01848890,0.20388539,-0.53829318,0.90746647,0.02226108,0.20304216,-0.16479507,-0.00308138,-0.00000001,-0.39184877,-0.93144512,-0.34217823,-0.07230486,0.36920291,-0.00350362,0.00000000
-0.17842254,1.80335140,0.79281056,-0.08803037,0.71517211,0.69181722,0.04656621,0.19797274,-0.10330132,0.24513426,0.12726063,-0.17843820,0.11038043,0.19953175,-0.11109784,-0.27930224,0.18529977,-0.15004365,0.03109633,-0.07544277,0.01788875,0.19848703,-0.57329446,0.88212657,0.00664335,0.16182904,-0.16211198,-0.00656973,-0.00000001,-0.41651189,-0.90498126,-0.32208234,-0.11329437,0.36982548,-0.00587074,0.00000000
-0.17833491,1.80682850,0.79281235,-0.08649436,0.71536148,0.69198465,0.04397622,0.19702163,-0.10180175,0.24486147,0.12665570,-0.18276046,0.11043418,0.19985776,-0.10831194,-0.27993587,0.18131341,-0.15235218,0.03123375,-0.07346530,0.01709672,0.19439451,-0.60682762,0.85498387,-0.01129823,0.12083979,-0.15930568,-0.00992792,-0.00000001,-0.44013518,-0.87752885,-0.29945037,-0.15450311,0.37034452,-0.00809590,0.00000000
-0.17889366,1.81149256,0.79264492,-0.08446404,0.71543539,0.69237393,0.04045229,0.19553602,-0.10064138,0.24470922,0.12610297,-0.18842863,0.11048051,0.19978517,-0.10577197,-0.28049648,0.17684297,-0.15516661,0.03136312,-0.07138298,0.01592089,0.19291376,-0.63742429,0.82423490,-0.03388751,0.08029828,-0.15625291,-0.01302578,-0.00000001,-0.46167850,-0.84809881,-0.27174616,-0.19615033,0.37065628,-0.01003712,0.00000000
-0.17738999,1.81676066,0.79269421,-0.08132225,0.71535653,0.69301593,0.03715825,0.19337982,-0.09840537,0.24459451,0.12574993,-0.19394982,0.11051972,0.19922863,-0.10226525,-0.28122494,0.17208728,-0.15908866,0.03148367,-0.06942805,0.01473587,0.19438015,-0.66369885,0.79142320,-0.06073442,0.04199702,-0.15301931,-0.01554132,-0.00000001,-0.48083791,-0.81793910,-0.24008057,-0.23716770,0.37080690,-0.01159861,0.00000000
-0.17485513,1.82233095,0.79285187,-0.07762353,0.71519065,0.69377404,0.03397864,0.19088829,-0.09563152,0.24449854,0.12549677,-0.19939755,0.11055540,0.19843014,-0.09827518,-0.28203735,0.16718903,-0.16356450,0.03159982,-0.06753679,0.01354625,0.19732009,-0.68781233,0.75757992,-0.08971015,0.00481591,-0.14969531,-0.01776569,-0.00000000,-0.49880514,-0.78741443,-0.20643426,-0.27787006,0.37087703,-0.01297024,0.00000000
-0.17122889,1.82572162,0.79306811,-0.07485400,0.71443564,0.69493312,0.03234958,0.18835729,-0.09192934,0.24510528,0.12676132,-0.20356336,0.11058401,0.19757289,-0.09379774,-0.28233761,0.16309528,-0.16708568,0.03170449,-0.06684757,0.01212476,0.20292978,-0.70601320,0.72148687,-0.12456347,-0.02904552,-0.14615703,-0.01930811,-0.00000000,-0.51352614,-0.75649506,-0.16762020,-0.31780162,0.37069815,-0.01397174,0.00000000
-0.16825652,1.82940507,0.79317248,-0.07213283,0.71354157,0.69622982,0.03031911,0.18568783,-0.08851663,0.24588668,0.12812309,-0.20820267,0.11061136,0.19653761,-0.08960272,-0.28245667,0.15891081,-0.17040153,0.03180634,-0.06636895,0.01040676,0.20957546,-0.72197688,0.68525243,-0.16094841,-0.06135337,-0.14258109,-0.02056782,-0.00000000,-0.52722752,-0.72591043,-0.12770790,-0.35713497,0.37045351,-0.01484527,0.00000000
-0.16659194,1.83367395,0.79305315,-0.06950907,0.71237522,0.69780695,0.02748612,0.18274145,-0.08568285,0.24701731,0.12967935,-0.21378896,0.11063622,0.19514628,-0.08597247,-0.28221357,0.15454508,-0.17330672,0.03190255,-0.06631158,0.00809573,0.21829331,-0.73346621,0.64873594,-0.20039667,-0.09055404,-0.13892983,-0.02126214,-0.00000000,-0.53888953,-0.69599503,-0.08559914,-0.39527169,0.37007719,-0.01546283,0.00000000
-0.16713853,1.83933878,0.79257351,-0.06679333,0.71127617,0.69935006,0.02311756,0.17942972,-0.08405431,0.24816695,0.13103339,-0.22087727,0.11065957,0.19348665,-0.08338905,-0.28191194,0.14976694,-0.17582817,0.03199381,-0.06582374,0.00522054,0.22866164,-0.74076205,0.61384952,-0.24087337,-0.11625861,-0.13530141,-0.02143200,-0.00000000,-0.54849559,-0.66778690,-0.04290111,-0.43137151,0.36961037,-0.01580632,0.00000000
-0.16879070,1.84570158,0.79191381,-0.06402999,0.71019298,0.70085853,0.01798069,0.17593524,-0.08302836,0.24932614,0.13228627,-0.22871652,0.11068220,0.19169289,-0.08132906,-0.28158113,0.14478263,-0.17815766,0.03208259,-0.06512065,0.00206328,0.23985526,-0.74596101,0.57977837,-0.28186432,-0.14021514,-0.13168447,-0.02133963,-0.00000000,-0.55707371,-0.64043260,0.00009156,-0.46645290,0.36909837,-0.01601278,0.00000000
-0.16803908,1.84730029,0.79172689,-0.06319163,0.70920771,0.70196897,0.01645962,0.17311004,-0.08061985,0.25052914,0.13558231,-0.23244663,0.11070253,0.19090007,-0.07856289,-0.28132519,0.14174807,-0.17850879,0.03216177,-0.06458834,-0.00008668,0.25055930,-0.74660897,0.55058569,-0.32126048,-0.15923381,-0.12824708,-0.02068116,-0.00000000,-0.56254429,-0.61739790,0.04074386,-0.49698800,0.36859301,-0.01581792,0.00000000
-0.16658133,1.84842014,0.79165351,-0.06227902,0.70826679,0.70302391,0.01539018,0.17011553,-0.07792402,0.25170302,0.13899162,-0.23538092,0.11072227,0.18999813,-0.07557664,-0.28112039,0.13884842,-0.17872071,0.03223802,-0.06410650,-0.00194465,0.26183105,-0.74593097,0.52296966,-0.35996675,-0.17675978,-0.12487526,-0.01987067,-0.00000000,-0.56689894,-0.59571999,0.08052297,-0.52583176,0.36810192,-0.01546237,0.00000000
-0.16371131,1.84858263,0.79180741,-0.06121833,0.70741969,0.70397294,0.01522411,0.16678233,-0.07465354,0.25281873,0.14262728,-0.23672351,0.11074088,0.18887791,-0.07215020,-0.28101787,0.13621844,-0.17865433,0.03230839,-0.06372558,-0.00321866,0.27423814,-0.74260122,0.49850667,-0.39729324,-0.19130036,-0.12163454,-0.01875614,-0.00000000,-0.56902146,-0.57675588,0.11855570,-0.55129272,0.36763933,-0.01478543,0.00000000
-0.16190149,1.84779310,0.79190904,-0.06098680,0.70698899,0.70442420,0.01528848,0.16361183,-0.07203013,0.25360125,0.14642769,-0.23733345,0.11075920,0.18805063,-0.06943323,-0.28114286,0.13418671,-0.17741892,0.03237455,-0.06252507,-0.00427891,0.28578633,-0.73830104,0.47845593,-0.43040562,-0.20333709,-0.11862966,-0.01750719,-0.00000000,-0.56925911,-0.56093216,0.15294664,-0.57282764,0.36726665,-0.01383693,0.00000000
-0.16062179,1.84652758,0.79198456,-0.06116987,0.70676702,0.70462710,0.01546809,0.16052262,-0.06973025,0.25421715,0.15031043,-0.23757702,0.11077734,0.18736982,-0.06707103,-0.28138143,0.13245413,-0.17559905,0.03243859,-0.06091477,-0.00523227,0.29690507,-0.73351568,0.46061122,-0.46141082,-0.21412185,-0.11574272,-0.01619102,-0.00000000,-0.56855422,-0.54667860,0.18551664,-0.59239966,0.36693889,-0.01275265,0.00000000
-0.15944774,1.84439957,0.79215038,-0.06184442,0.70673531,0.70458353,0.01620172,0.15786465,-0.06766448,0.25466028,0.15408225,-0.23664601,0.11079540,0.18705736,-0.06499819,-0.28164539,0.13110167,-0.17296936,0.03249757,-0.05911651,-0.00566369,0.30604398,-0.72883844,0.44831985,-0.48598936,-0.22263779,-0.11322215,-0.01498192,-0.00000000,-0.56581521,-0.53675342,0.21197148,-0.60697752,0.36676872,-0.01152015,0.00000000
-0.15877663,1.84163964,0.79228592,-0.06303868,0.70676565,0.70442504,0.01714197,0.15539530,-0.06585928,0.25507092,0.15789530,-0.23541753,0.11081351,0.18688652,-0.06321824,-0.28189203,0.13000093,-0.16982017,0.03255526,-0.05723529,-0.00605298,0.31445706,-0.72431052,0.43764418,-0.50849992,-0.23058414,-0.11082119,-0.01382785,-0.00000000,-0.56256324,-0.52807277,0.23644228,-0.62018585,0.36664727,-0.01028614,0.00000000
-0.15911138,1.83761585,0.79236090,-0.06527220,0.70691812,0.70403427,0.01849539,0.15330315,-0.06457514,0.25541669,0.16179080,-0.23359410,0.11083170,0.18699887,-0.06202403,-0.28210410,0.12940362,-0.16563194,0.03261033,-0.05518823,-0.00635803,0.32141858,-0.72008133,0.43019974,-0.52687472,-0.23739104,-0.10865936,-0.01278384,-0.00000000,-0.55828536,-0.52188140,0.25694507,-0.63065517,0.36662352,-0.00904909,0.00000000
-0.15806618,1.83551979,0.79256916,-0.06606250,0.70699656,0.70385808,0.01937522,0.15146230,-0.06283135,0.25559875,0.16483098,-0.23231643,0.11084969,0.18713933,-0.06023422,-0.28233662,0.12828140,-0.16311665,0.03266313,-0.05328384,-0.00641248,0.32705590,-0.71648890,0.42539603,-0.54127640,-0.24328269,-0.10672346,-0.01184722,-0.00000000,-0.55362409,-0.51757294,0.27341884,-0.63899899,0.36668834,-0.00792261,0.00000000
-0.15633102,1.83438742,0.79284400,-0.06613131,0.70703948,0.70379055,0.02001829,0.14974709,-0.06085771,0.25569898,0.16744356,-0.23131165,0.11086754,0.18729383,-0.05814660,-0.28257927,0.12689671,-0.16143785,0.03271478,-0.05145078,-0.00634163,0.33203113,-0.71321487,0.42191255,-0.55369157,-0.24871668,-0.10490050,-0.01096428,-0.00000000,-0.54877096,-0.51420623,0.28787819,-0.64628005,0.36679757,-0.00685142,0.00000000
-0.15714884,1.83217740,0.79287046,-0.06786478,0.70705503,0.70359164,0.02064861,0.14910479,-0.06013383,0.25590837,0.16996358,-0.23076288,0.11088560,0.18813021,-0.05734221,-0.28253114,0.12614068,-0.15863132,0.03276404,-0.04972907,-0.00642335,0.33363995,-0.71155751,0.42128944,-0.56084663,-0.25387093,-0.10337932,-0.01045740,-0.00000000,-0.54402685,-0.51290989,0.29671845,-0.65154451,0.36702859,-0.00612866,0.00000000
-0.15695587,1.83073819,0.79300338,-0.06889609,0.70700228,0.70352608,0.02126545,0.14863582,-0.05898917,0.25604805,0.17215091,-0.23036860,0.11090358,0.18902597,-0.05608150,-0.28248617,0.12519564,-0.15677406,0.03281249,-0.04816018,-0.00637330,0.33456731,-0.71028101,0.42141974,-0.56657946,-0.25882733,-0.10194477,-0.01002307,-0.00000000,-0.53941673,-0.51211822,0.30397421,-0.65631920,0.36728781,-0.00552286,0.00000000
-0.15474132,1.83084083,0.79334927,-0.06852346,0.70681649,0.70373100,0.02185543,0.14851347,-0.05700297,0.25604820,0.17367284,-0.23028326,0.11092136,0.19004062,-0.05390822,-0.28244749,0.12387252,-0.15681531,0.03285933,-0.04689693,-0.00605968,0.33413145,-0.70976615,0.42305693,-0.56946760,-0.26338789,-0.10068350,-0.00973385,-0.00000000,-0.53507531,-0.51233590,0.30806127,-0.66011435,0.36760336,-0.00515101,0.00000000
-0.15601534,1.83160102,0.79329717,-0.06906799,0.70673382,0.70378494,0.02106374,0.14880291,-0.05681362,0.25607508,0.17482293,-0.23190236,0.11093948,0.19127098,-0.05338081,-0.28220591,0.12259275,-0.15609926,0.03290516,-0.04531087,-0.00616904,0.33210295,-0.71028042,0.42578781,-0.56983119,-0.26779056,-0.09958000,-0.00962229,-0.00000000,-0.53111637,-0.51319069,0.30965912,-0.66318142,0.36798310,-0.00498009,0.00000000
-0.15903366,1.83268988,0.79304612,-0.07007093,0.70670092,0.70376164,0.01958116,0.14929822,-0.05752269,0.25611526,0.17578715,-0.23437367,0.11095777,0.19260925,-0.05367633,-0.28186283,0.12133471,-0.15500459,0.03295046,-0.04356339,-0.00648988,0.32927811,-0.71130943,0.42906556,-0.56893265,-0.27211428,-0.09855537,-0.00959958,-0.00000000,-0.52734870,-0.51436377,0.31001237,-0.66588455,0.36839491,-0.00490964,0.00000000
-0.15800098,1.83333313,0.79327536,-0.06992205,0.70647442,0.70400321,0.01960468,0.14988127,-0.05620223,0.25609046,0.17635109,-0.23514086,0.11097561,0.19375335,-0.05205915,-0.28163654,0.12013446,-0.15543765,0.03299306,-0.04253506,-0.00645498,0.32596147,-0.71303904,0.43289500,-0.56644344,-0.27567750,-0.09767199,-0.00962207,-0.00000000,-0.52397591,-0.51600605,0.30847123,-0.66769207,0.36882681,-0.00497053,0.00000000
-0.15769127,1.83402157,0.79342413,-0.06999342,0.70624828,0.70422983,0.01935572,0.15050642,-0.05522548,0.25611347,0.17679904,-0.23614816,0.11099346,0.19483496,-0.05076336,-0.28134844,0.11899672,-0.15561965,0.03303491,-0.04154529,-0.00657773,0.32246396,-0.71503079,0.43672234,-0.56370115,-0.27903175,-0.09682581,-0.00966135,-0.00000000,-0.52080566,-0.51765049,0.30664697,-0.66930264,0.36925673,-0.00505752,0.00000000
-0.15882753,1.83480036,0.79341203,-0.07050526,0.70602274,0.70442623,0.01856182,0.15121561,-0.05493614,0.25623220,0.17701516,-0.23763601,0.11101133,0.19579162,-0.05011029,-0.28093687,0.11798404,-0.15529959,0.03307524,-0.04063268,-0.00701574,0.31860480,-0.71754664,0.44054568,-0.56045234,-0.28196824,-0.09605392,-0.00973421,-0.00000000,-0.51804036,-0.51929945,0.30425653,-0.67051905,0.36968276,-0.00519668,0.00000000
-0.16120476,1.83564138,0.79325533,-0.07142680,0.70580786,0.70458072,0.01730660,0.15199439,-0.05519167,0.25641540,0.17711037,-0.23946807,0.11102901,0.19663915,-0.04998282,-0.28042325,0.11717196,-0.15445006,0.03311377,-0.03976338,-0.00782378,0.31454322,-0.72043097,0.44405237,-0.55729908,-0.28435919,-0.09533776,-0.00978179,-0.00000000,-0.51575303,-0.52075315,0.30194452,-0.67143989,0.37008622,-0.00533445,0.00000000
-0.16420247,1.83651376,0.79302633,-0.07255301,0.70559645,0.70471233,0.01582067,0.15280795,-0.05571963,0.25663084,0.17714511,-0.24147223,0.11104657,0.19743204,-0.05011814,-0.27985862,0.11646019,-0.15333584,0.03315139,-0.03891573,-0.00881684,0.31038031,-0.72349960,0.44740090,-0.55419350,-0.28647712,-0.09464944,-0.00981673,-0.00000000,-0.51370478,-0.52210927,0.29967180,-0.67221284,0.37047854,-0.00547151,0.00000000
-0.16640575,1.83619475,0.79290140,-0.07399838,0.70517617,0.70499718,0.01515857,0.15360853,-0.05575013,0.25712264,0.17733876,-0.24231367,0.11106273,0.19791660,-0.04991677,-0.27911788,0.11623080,-0.15174536,0.03318487,-0.03892229,-0.00970359,0.30688721,-0.72651523,0.44920471,-0.55309349,-0.28765661,-0.09400856,-0.00971827,-0.00000000,-0.51223248,-0.52268964,0.29910895,-0.67287159,0.37081081,-0.00550832,0.00000000
-0.16803679,1.83621526,0.79282540,-0.07496060,0.70466208,0.70542544,0.01439428,0.15410779,-0.05552926,0.25771528,0.17730571,-0.24309653,0.11107806,0.19801988,-0.04943721,-0.27833980,0.11578527,-0.15046771,0.03321665,-0.03926665,-0.01058462,0.30438325,-0.72916639,0.45018941,-0.55330944,-0.28838184,-0.09336915,-0.00951726,-0.00000000,-0.51091170,-0.52285230,0.29972079,-0.67360002,0.37109900,-0.00546459,0.00000000
-0.16852333,1.83691502,0.79284734,-0.07495683,0.70396274,0.70614284,0.01342570,0.15400440,-0.05480562,0.25850958,0.17681943,-0.24376227,0.11109172,0.19736080,-0.04840124,-0.27748734,0.11490742,-0.14981569,0.03324498,-0.04028663,-0.01145419,0.30385754,-0.73108816,0.44953600,-0.55615693,-0.28819844,-0.09273269,-0.00911115,-0.00000000,-0.50989389,-0.52217954,0.30268216,-0.67446798,0.37129915,-0.00525980,0.00000000
-0.16930765,1.83707738,0.79280293,-0.07514030,0.70312005,0.70698035,0.01244493,0.15339985,-0.05420168,0.25959402,0.17632392,-0.24415836,0.11110365,0.19609281,-0.04750403,-0.27647409,0.11400824,-0.14861204,0.03326973,-0.04188202,-0.01243870,0.30521643,-0.73213398,0.44721410,-0.56180960,-0.28713611,-0.09209713,-0.00849129,-0.00000000,-0.50909489,-0.52065349,0.30819067,-0.67551190,0.37141252,-0.00487237,0.00000000
-0.17024086,1.83697104,0.79272532,-0.07541726,0.70220459,0.70787686,0.01145806,0.15254478,-0.05365758,0.26082349,0.17582378,-0.24441969,0.11111472,0.19452044,-0.04667620,-0.27538046,0.11309840,-0.14713250,0.03329269,-0.04376511,-0.01348067,0.30751777,-0.73274195,0.44405824,-0.56886494,-0.28563443,-0.09146205,-0.00776457,-0.00000000,-0.50840551,-0.51870090,0.31497273,-0.67664403,0.37148252,-0.00439363,0.00000000
-0.17106830,1.83776569,0.79258364,-0.07478868,0.70121616,0.70894873,0.00970928,0.15066181,-0.05326539,0.26224267,0.17475735,-0.24494976,0.11112268,0.19188187,-0.04587196,-0.27425635,0.11156348,-0.14589602,0.03330996,-0.04611137,-0.01446286,0.31292817,-0.73193705,0.43910715,-0.57933122,-0.28285736,-0.09083708,-0.00672520,-0.00000000,-0.50788802,-0.51578385,0.32497901,-0.67790031,0.37143111,-0.00364896,0.00000000
-0.17043357,1.83818698,0.79262394,-0.07368850,0.70016330,0.71011901,0.00851239,0.14840282,-0.05221433,0.26371390,0.17363995,-0.24468276,0.11112952,0.18890342,-0.04444949,-0.27318293,0.10987666,-0.14497462,0.03332518,-0.04878411,-0.01516288,0.31944561,-0.73063546,0.43371823,-0.59072977,-0.27969417,-0.09021407,-0.00558148,-0.00000000,-0.50727630,-0.51266575,0.33579320,-0.67909569,0.37135109,-0.00281400,0.00000000
-0.16687454,1.83786154,0.79302800,-0.07164546,0.69898474,0.71148878,0.00841936,0.14539173,-0.04984554,0.26528922,0.17242084,-0.24282159,0.11113406,0.18524531,-0.04179052,-0.27221110,0.10788609,-0.14468345,0.03333633,-0.05210978,-0.01529857,0.32817689,-0.72834069,0.42745355,-0.60399318,-0.27575868,-0.08959505,-0.00422907,-0.00000000,-0.50647575,-0.50914574,0.34822330,-0.68016952,0.37121379,-0.00179849,0.00000000
-0.16443054,1.83677959,0.79332447,-0.07063663,0.69801420,0.71253872,0.00867477,0.14311562,-0.04800804,0.26669776,0.17183557,-0.24079290,0.11113760,0.18242091,-0.03982206,-0.27131858,0.10669693,-0.14357531,0.03334493,-0.05495958,-0.01541912,0.33503166,-0.72674966,0.42200080,-0.61544859,-0.27252218,-0.08905856,-0.00313894,-0.00000000,-0.50582892,-0.50610662,0.35917073,-0.68112546,0.37108701,-0.00093127,0.00000000
-0.16254404,1.83531952,0.79356718,-0.07014497,0.69714826,0.71342903,0.00910441,0.14120696,-0.04643620,0.26802298,0.17156728,-0.23868044,0.11114061,0.18001336,-0.03819884,-0.27046576,0.10590848,-0.14205873,0.03335229,-0.05757145,-0.01553209,0.34094805,-0.72551060,0.41695386,-0.62599987,-0.26963511,-0.08856329,-0.00217996,-0.00000000,-0.50525898,-0.50330794,0.36937687,-0.68202245,0.37096545,-0.00013819,0.00000000
-0.16293806,1.83358634,0.79354882,-0.07082382,0.69661885,0.71387649,0.00930060,0.14005503,-0.04611179,0.26902071,0.17175336,-0.23722804,0.11114284,0.17849687,-0.03790910,-0.26978451,0.10584880,-0.13982129,0.03335701,-0.05928809,-0.01572968,0.34472620,-0.72483498,0.41346893,-0.63337642,-0.26772568,-0.08821935,-0.00156383,-0.00000000,-0.50485373,-0.50139004,0.37666151,-0.68269277,0.37086865,0.00040501,0.00000000
-0.16309017,1.83209252,0.79355526,-0.07133357,0.69617438,0.71425617,0.00952994,0.13903923,-0.04575654,0.26985446,0.17191443,-0.23590441,0.11114470,0.17718063,-0.03759000,-0.26922083,0.10579968,-0.13797773,0.03336092,-0.06075321,-0.01585644,0.34800968,-0.72423279,0.41057086,-0.63960344,-0.26608032,-0.08793096,-0.00103707,-0.00000000,-0.50448185,-0.49979618,0.38280046,-0.68322581,0.37078482,0.00086877,0.00000000
-0.16275850,1.83107746,0.79361111,-0.07150524,0.69590080,0.71450168,0.00982559,0.13829570,-0.04533957,0.27036002,0.17202550,-0.23483844,0.11114579,0.17626485,-0.03721216,-0.26889226,0.10577163,-0.13692179,0.03336316,-0.06171530,-0.01584154,0.35030404,-0.72377765,0.40884650,-0.64353132,-0.26496291,-0.08775370,-0.00068901,-0.00000000,-0.50417656,-0.49885046,0.38664824,-0.68348473,0.37072715,0.00117366,0.00000000
-0.16426513,1.82987916,0.79373741,-0.06777863,0.69590920,0.71491295,0.00399789,0.12279256,-0.04386593,0.27862400,0.17081276,-0.23163697,0.11546494,0.15846612,-0.03518081,-0.26770937,0.10630879,-0.13006598,0.03644051,-0.06235258,-0.01305050,0.33406481,-0.77573603,0.41855082,-0.73974031,-0.21772586,-0.08155497,-0.00197719,-0.00000000,-0.51574558,-0.50923312,0.47807366,-0.66986877,0.36655214,-0.00008190,0.00000000
-0.16669090,1.82858920,0.79389882,-0.06209670,0.69599420,0.71534061,-0.00489175,0.09990962,-0.04186392,0.29076725,0.16893812,-0.22736771,0.12194306,0.13222598,-0.03232272,-0.26609921,0.10712848,-0.12031016,0.04105540,-0.06282743,-0.00887140,0.30855891,-0.85390109,0.43396956,-0.88208991,-0.14742894,-0.07234550,-0.00408349,0.00000000,-0.53325176,-0.52528006,0.61328810,-0.64931536,0.36031848,-0.00211768,0.00000000
-0.16565511,1.82607794,0.79398489,-0.06275796,0.69582522,0.71545577,-0.00342255,0.09940759,-0.04139081,0.29103360,0.16932954,-0.22597352,0.12194276,0.13178642,-0.03197356,-0.26605925,0.10717293,-0.12036601,0.04105470,-0.06322126,-0.00860128,0.30974880,-0.85334289,0.43433279,-0.88250750,-0.14702836,-0.07236659,-0.00399857,0.00000000,-0.53246701,-0.52576464,0.61359054,-0.64868736,0.36032271,-0.00198263,0.00000000
-0.16557871,1.82442868,0.79394603,-0.06330097,0.69570106,0.71553165,-0.00273609,0.09882440,-0.04141238,0.29128009,0.16951442,-0.22529216,0.12194244,0.13122234,-0.03203386,-0.26599112,0.10713962,-0.12028318,0.04105398,-0.06351618,-0.00846189,0.31116191,-0.85269111,0.43477845,-0.88297701,-0.14657050,-0.07239183,-0.00390811,0.00000000,-0.53155839,-0.52633059,0.61393267,-0.64790082,0.36033297,-0.00181831,0.00000000
-0.16742109,1.82450330,0.79365736,-0.06360767,0.69566882,0.71553189,-0.00361514,0.09807885,-0.04242329,0.29148704,0.16928607,-0.22603652,0.12194208,0.13040918,-0.03291309,-0.26586628,0.10695074,-0.11992304,0.04105325,-0.06361331,-0.00858399,0.31302133,-0.85185242,0.43538916,-0.88355023,-0.14599806,-0.07242543,-0.00380657,0.00000000,-0.53040230,-0.52705920,0.61435390,-0.64679724,0.36035529,-0.00159542,0.00000000
-0.16677693,1.82495821,0.79368484,-0.06289079,0.69556475,0.71569502,-0.00386868,0.09735505,-0.04222198,0.29161167,0.16904078,-0.22614644,0.12194116,0.12962145,-0.03263671,-0.26584148,0.10666171,-0.12062820,0.04105213,-0.06389145,-0.00842004,0.31496221,-0.85089046,0.43616554,-0.88412213,-0.14526540,-0.07246611,-0.00367103,0.00000000,-0.52908289,-0.52792096,0.61473948,-0.64549232,0.36039150,-0.00135091,0.00000000
-0.16488951,1.82560313,0.79387033,-0.06166206,0.69542420,0.71593887,-0.00380946,0.09664215,-0.04141458,0.29169506,0.16878700,-0.22593908,0.12193999,0.12884639,-0.03178252,-0.26586673,0.10632266,-0.12186600,0.04105081,-0.06426010,-0.00811306,0.31694365,-0.84986669,0.43702477,-0.88469338,-0.14445265,-0.07251036,-0.00351849,0.00000000,-0.52768195,-0.52884954,0.61510706,-0.64408702,0.36043465,-0.00109560,0.00000000
