/home/unitree/miniconda3/envs/g1_live_dryrun/lib/python3.10/site-packages/onnxruntime/capi/onnxruntime_inference_collection.py:123: UserWarning: Specified provider 'CUDAExecutionProvider' is not in available provider names.Available providers: 'AzureExecutionProvider, CPUExecutionProvider'
  warnings.warn(
inferenceSession: ['CPUExecutionProvider']
[RobotReferenceNpzLoader]
  motion_file       = /home/unitree/projects/whole_body_tracking/retarget_comparison/height_aligned/taichi1/taichi1_pyroki_height_aligned_50fps.npz
  frames            = 4003
  joint_pos.shape   = (4003, 29)
  joint_vel.shape   = (4003, 29)
  torso_body_index  = 9
  torso_pos_w[0]    = [-0.05826744 -0.01844345  0.76406586]
  torso_quat_w[0]   = [-0.03337887  0.01083513  0.02509567  0.999069  ]
[INIT] Load onnx: /home/unitree/projects/whole_body_tracking/logs/rsl_rl/g1_flat/2026-08-18_18-11-23_baseline_proto_zalign_taichi1_100k/exported/policy.onnx
[INIT] Load robot-reference motion: /home/unitree/projects/whole_body_tracking/retarget_comparison/height_aligned/taichi1/taichi1_pyroki_height_aligned_50fps.npz
[Motion Heading]
  motion_torso_yaw0 = -176.206 deg
  During default_pos_state, rotate the robot until yaw_err_odom_deg is close to 0 deg.
Successfully connected to the robot.
ROS bridge started; OBSRun readiness will be checked after the robot stands.
ONNX inputs:
  name=obs, shape=[1, 160], type=tensor(float)
  name=time_step, shape=[1, 1], type=tensor(float)
ONNX outputs:
  name=actions, shape=[1, 29], type=tensor(float)
  name=joint_pos, shape=[1, 29], type=tensor(float)
  name=joint_vel, shape=[1, 29], type=tensor(float)
  name=body_pos_w, shape=[1, 14, 3], type=tensor(float)
  name=body_quat_w, shape=[1, 14, 4], type=tensor(float)
  name=body_lin_vel_w, shape=[1, 14, 3], type=tensor(float)
  name=body_ang_vel_w, shape=[1, 14, 3], type=tensor(float)
ONNX output names = ['actions', 'joint_pos', 'joint_vel', 'body_pos_w', 'body_quat_w', 'body_lin_vel_w', 'body_ang_vel_w']
[ONNX Metadata Compare] skip because import onnx failed: No module named 'onnx'
[Runtime Switches]
  use_ros_state = False
  use_ros_cmd   = False
  dry_run       = False
Enter zero torque state.
Waiting for the start signal...
Moving to default pos.
Robot is standing. Start OBSRun now; holding default pose while waiting for /Odometry_2...
use_ros_state=False: using Unitree DDS low_state for q/dq/imu.
[WAIT /Odometry_2] Holding default pose; 300 s remaining.
[WAIT /Odometry_2] Holding default pose; 295 s remaining.
[WAIT /Odometry_2] Holding default pose; 290 s remaining.
[WAIT /Odometry_2] Holding default pose; 285 s remaining.
[WAIT /Odometry_2] Holding default pose; 280 s remaining.
[WAIT /Odometry_2] Holding default pose; 275 s remaining.
[WAIT /Odometry_2] Holding default pose; 270 s remaining.
[WAIT /Odometry_2] Holding default pose; 265 s remaining.
[WAIT /Odometry_2] Holding default pose; 260 s remaining.
[WAIT /Odometry_2] Holding default pose; 255 s remaining.
[WAIT /Odometry_2] Holding default pose; 250 s remaining.
[WAIT /Odometry_2] Holding default pose; 245 s remaining.
[WAIT /Odometry_2] Holding default pose; 240 s remaining.
[WAIT /Odometry_2] Holding default pose; 235 s remaining.
[WAIT /Odometry_2] Holding default pose; 230 s remaining.
[WAIT /Odometry_2] Holding default pose; 225 s remaining.
[WAIT /Odometry_2] Holding default pose; 220 s remaining.
OBSRun ready: /Odometry_2 rx ok; default pose hold complete.
Enter default pos state.
Waiting for the Button A signal...
[PRE-A YAW ALIGN] motion_yaw0=-176.206 deg | robot_yaw_odom=  -0.203 deg | yaw_err_odom= 176.003 deg | odom_pos=[ 0.007 -0.004  0.809]
  -> warning: robot is roughly facing the opposite direction.
[PRE-A YAW ALIGN] motion_yaw0=-176.206 deg | robot_yaw_odom=  -1.193 deg | yaw_err_odom= 175.013 deg | odom_pos=[-0.043 -0.021  0.817]
  -> warning: robot is roughly facing the opposite direction.
[PRE-A YAW ALIGN] motion_yaw0=-176.206 deg | robot_yaw_odom=  -1.616 deg | yaw_err_odom= 174.590 deg | odom_pos=[-0.075 -0.011  0.823]
  -> warning: robot is roughly facing the opposite direction.
[PRE-A YAW ALIGN] motion_yaw0=-176.206 deg | robot_yaw_odom=  -1.589 deg | yaw_err_odom= 174.617 deg | odom_pos=[-0.054 -0.019  0.822]
  -> warning: robot is roughly facing the opposite direction.
[PRE-A YAW ALIGN] motion_yaw0=-176.206 deg | robot_yaw_odom=  -1.358 deg | yaw_err_odom= 174.848 deg | odom_pos=[-0.063 -0.019  0.823]
  -> warning: robot is roughly facing the opposite direction.
[PRE-A YAW ALIGN] motion_yaw0=-176.206 deg | robot_yaw_odom=  -1.414 deg | yaw_err_odom= 174.792 deg | odom_pos=[-0.057 -0.021  0.824]
  -> warning: robot is roughly facing the opposite direction.
[PRE-A YAW ALIGN] motion_yaw0=-176.206 deg | robot_yaw_odom=  -1.533 deg | yaw_err_odom= 174.673 deg | odom_pos=[-0.055 -0.019  0.823]
  -> warning: robot is roughly facing the opposite direction.
[PRE-A YAW ALIGN] motion_yaw0=-176.206 deg | robot_yaw_odom=  -1.358 deg | yaw_err_odom= 174.848 deg | odom_pos=[-0.057 -0.022  0.826]
  -> warning: robot is roughly facing the opposite direction.
[PRE-A YAW ALIGN] motion_yaw0=-176.206 deg | robot_yaw_odom=  -1.451 deg | yaw_err_odom= 174.755 deg | odom_pos=[-0.056 -0.02   0.823]
  -> warning: robot is roughly facing the opposite direction.
[PRE-A YAW ALIGN] motion_yaw0=-176.206 deg | robot_yaw_odom=  -1.487 deg | yaw_err_odom= 174.719 deg | odom_pos=[-0.059 -0.021  0.823]
  -> warning: robot is roughly facing the opposite direction.
[PRE-A YAW ALIGN] motion_yaw0=-176.206 deg | robot_yaw_odom=  -1.588 deg | yaw_err_odom= 174.618 deg | odom_pos=[-0.056 -0.023  0.825]
  -> warning: robot is roughly facing the opposite direction.
[PRE-A YAW ALIGN] motion_yaw0=-176.206 deg | robot_yaw_odom=  -1.694 deg | yaw_err_odom= 174.512 deg | odom_pos=[-0.05  -0.02   0.822]
  -> warning: robot is roughly facing the opposite direction.
[PRE-A YAW ALIGN] motion_yaw0=-176.206 deg | robot_yaw_odom=  -1.546 deg | yaw_err_odom= 174.660 deg | odom_pos=[-0.056 -0.02   0.827]
  -> warning: robot is roughly facing the opposite direction.
[PRE-A YAW ALIGN] motion_yaw0=-176.206 deg | robot_yaw_odom=  -1.809 deg | yaw_err_odom= 174.397 deg | odom_pos=[-0.056 -0.024  0.825]
  -> warning: robot is roughly facing the opposite direction.
[PRE-A YAW ALIGN] motion_yaw0=-176.206 deg | robot_yaw_odom=  -1.495 deg | yaw_err_odom= 174.711 deg | odom_pos=[-0.06  -0.022  0.821]
  -> warning: robot is roughly facing the opposite direction.
[PRE-A YAW ALIGN] motion_yaw0=-176.206 deg | robot_yaw_odom=  -1.511 deg | yaw_err_odom= 174.695 deg | odom_pos=[-0.055 -0.029  0.828]
  -> warning: robot is roughly facing the opposite direction.
[PRE-A YAW ALIGN] motion_yaw0=-176.206 deg | robot_yaw_odom=  -1.517 deg | yaw_err_odom= 174.689 deg | odom_pos=[-0.056 -0.028  0.825]
  -> warning: robot is roughly facing the opposite direction.
[PRE-A YAW ALIGN] motion_yaw0=-176.206 deg | robot_yaw_odom=  -1.499 deg | yaw_err_odom= 174.707 deg | odom_pos=[-0.049 -0.025  0.825]
  -> warning: robot is roughly facing the opposite direction.
[PRE-A YAW ALIGN] motion_yaw0=-176.206 deg | robot_yaw_odom=  -1.517 deg | yaw_err_odom= 174.689 deg | odom_pos=[-0.057 -0.022  0.826]
  -> warning: robot is roughly facing the opposite direction.
[PRE-A YAW ALIGN] motion_yaw0=-176.206 deg | robot_yaw_odom=  -1.479 deg | yaw_err_odom= 174.727 deg | odom_pos=[-0.06  -0.023  0.825]
  -> warning: robot is roughly facing the opposite direction.
[PRE-A YAW ALIGN] motion_yaw0=-176.206 deg | robot_yaw_odom=  -1.478 deg | yaw_err_odom= 174.728 deg | odom_pos=[-0.051 -0.027  0.825]
  -> warning: robot is roughly facing the opposite direction.
[PRE-A YAW ALIGN] motion_yaw0=-176.206 deg | robot_yaw_odom=  -1.414 deg | yaw_err_odom= 174.792 deg | odom_pos=[-0.054 -0.028  0.824]
  -> warning: robot is roughly facing the opposite direction.
[PRE-A YAW ALIGN] motion_yaw0=-176.206 deg | robot_yaw_odom=  -1.677 deg | yaw_err_odom= 174.529 deg | odom_pos=[-0.051 -0.024  0.826]
  -> warning: robot is roughly facing the opposite direction.
[PRE-A YAW ALIGN] motion_yaw0=-176.206 deg | robot_yaw_odom=  -1.554 deg | yaw_err_odom= 174.652 deg | odom_pos=[-0.053 -0.023  0.825]
  -> warning: robot is roughly facing the opposite direction.
[PRE-A YAW ALIGN] motion_yaw0=-176.206 deg | robot_yaw_odom=  -1.613 deg | yaw_err_odom= 174.593 deg | odom_pos=[-0.055 -0.027  0.823]
  -> warning: robot is roughly facing the opposite direction.
[PRE-A YAW ALIGN] motion_yaw0=-176.206 deg | robot_yaw_odom=  -1.483 deg | yaw_err_odom= 174.723 deg | odom_pos=[-0.06  -0.023  0.823]
  -> warning: robot is roughly facing the opposite direction.
[PRE-A YAW ALIGN] motion_yaw0=-176.206 deg | robot_yaw_odom=  -1.483 deg | yaw_err_odom= 174.723 deg | odom_pos=[-0.053 -0.027  0.826]
  -> warning: robot is roughly facing the opposite direction.
[PRE-A YAW ALIGN] motion_yaw0=-176.206 deg | robot_yaw_odom=  -1.486 deg | yaw_err_odom= 174.720 deg | odom_pos=[-0.049 -0.028  0.827]
  -> warning: robot is roughly facing the opposite direction.
[PRE-A YAW ALIGN] motion_yaw0=-176.206 deg | robot_yaw_odom=  -1.485 deg | yaw_err_odom= 174.721 deg | odom_pos=[-0.054 -0.024  0.825]
  -> warning: robot is roughly facing the opposite direction.
[PRE-A YAW ALIGN] motion_yaw0=-176.206 deg | robot_yaw_odom=  -1.468 deg | yaw_err_odom= 174.738 deg | odom_pos=[-0.056 -0.023  0.826]
  -> warning: robot is roughly facing the opposite direction.
[PRE-A YAW ALIGN] motion_yaw0=-176.206 deg | robot_yaw_odom=  -1.443 deg | yaw_err_odom= 174.763 deg | odom_pos=[-0.057 -0.021  0.825]
  -> warning: robot is roughly facing the opposite direction.
[PRE-A YAW ALIGN] motion_yaw0=-176.206 deg | robot_yaw_odom=  -1.577 deg | yaw_err_odom= 174.629 deg | odom_pos=[-0.052 -0.024  0.828]
  -> warning: robot is roughly facing the opposite direction.
[PRE-A YAW ALIGN] motion_yaw0=-176.206 deg | robot_yaw_odom=  -1.486 deg | yaw_err_odom= 174.720 deg | odom_pos=[-0.05  -0.03   0.825]
  -> warning: robot is roughly facing the opposite direction.
[PRE-A YAW ALIGN] motion_yaw0=-176.206 deg | robot_yaw_odom=  -1.833 deg | yaw_err_odom= 174.373 deg | odom_pos=[-0.043 -0.031  0.826]
  -> warning: robot is roughly facing the opposite direction.
[PRE-A YAW ALIGN] motion_yaw0=-176.206 deg | robot_yaw_odom=  -1.673 deg | yaw_err_odom= 174.533 deg | odom_pos=[-0.053 -0.032  0.827]
  -> warning: robot is roughly facing the opposite direction.
[PRE-A YAW ALIGN] motion_yaw0=-176.206 deg | robot_yaw_odom=  -2.297 deg | yaw_err_odom= 173.909 deg | odom_pos=[-0.037 -0.032  0.824]
  -> warning: robot is roughly facing the opposite direction.
[PRE-A YAW ALIGN] motion_yaw0=-176.206 deg | robot_yaw_odom=  -3.637 deg | yaw_err_odom= 172.569 deg | odom_pos=[-0.026 -0.037  0.825]
  -> warning: robot is roughly facing the opposite direction.
[PRE-A YAW ALIGN] motion_yaw0=-176.206 deg | robot_yaw_odom=  -3.512 deg | yaw_err_odom= 172.694 deg | odom_pos=[-0.022 -0.042  0.825]
  -> warning: robot is roughly facing the opposite direction.
[PRE-A YAW ALIGN] motion_yaw0=-176.206 deg | robot_yaw_odom=  -4.167 deg | yaw_err_odom= 172.039 deg | odom_pos=[-0.031 -0.047  0.823]
  -> warning: robot is roughly facing the opposite direction.
[PRE-A YAW ALIGN] motion_yaw0=-176.206 deg | robot_yaw_odom=  -8.024 deg | yaw_err_odom= 168.182 deg | odom_pos=[-0.035 -0.049  0.829]
  -> warning: robot is roughly facing the opposite direction.
[PRE-A YAW ALIGN] motion_yaw0=-176.206 deg | robot_yaw_odom= -17.409 deg | yaw_err_odom= 158.797 deg | odom_pos=[-0.009 -0.059  0.828]
[PRE-A YAW ALIGN] motion_yaw0=-176.206 deg | robot_yaw_odom= -14.450 deg | yaw_err_odom= 161.756 deg | odom_pos=[-0.029 -0.019  0.826]
[PRE-A YAW ALIGN] motion_yaw0=-176.206 deg | robot_yaw_odom= -13.732 deg | yaw_err_odom= 162.474 deg | odom_pos=[-0.059 -0.007  0.829]
[PRE-A YAW ALIGN] motion_yaw0=-176.206 deg | robot_yaw_odom= -15.570 deg | yaw_err_odom= 160.636 deg | odom_pos=[-0.053  0.015  0.833]
[PRE-A YAW ALIGN] motion_yaw0=-176.206 deg | robot_yaw_odom= -31.480 deg | yaw_err_odom= 144.726 deg | odom_pos=[-0.094  0.051  0.831]
[PRE-A YAW ALIGN] motion_yaw0=-176.206 deg | robot_yaw_odom= -51.049 deg | yaw_err_odom= 125.157 deg | odom_pos=[-0.143  0.039  0.826]
[PRE-A YAW ALIGN] motion_yaw0=-176.206 deg | robot_yaw_odom= -41.862 deg | yaw_err_odom= 134.344 deg | odom_pos=[-0.104 -0.012  0.826]
[PRE-A YAW ALIGN] motion_yaw0=-176.206 deg | robot_yaw_odom= -40.381 deg | yaw_err_odom= 135.825 deg | odom_pos=[-0.099 -0.031  0.825]
[PRE-A YAW ALIGN] motion_yaw0=-176.206 deg | robot_yaw_odom= -40.946 deg | yaw_err_odom= 135.260 deg | odom_pos=[-0.117 -0.02   0.827]
[PRE-A YAW ALIGN] motion_yaw0=-176.206 deg | robot_yaw_odom= -40.159 deg | yaw_err_odom= 136.047 deg | odom_pos=[-0.105 -0.013  0.826]
[PRE-A YAW ALIGN] motion_yaw0=-176.206 deg | robot_yaw_odom= -39.954 deg | yaw_err_odom= 136.252 deg | odom_pos=[-0.102 -0.007  0.828]
[PRE-A YAW ALIGN] motion_yaw0=-176.206 deg | robot_yaw_odom= -40.255 deg | yaw_err_odom= 135.951 deg | odom_pos=[-0.105 -0.019  0.826]
[PRE-A YAW ALIGN] motion_yaw0=-176.206 deg | robot_yaw_odom= -40.273 deg | yaw_err_odom= 135.933 deg | odom_pos=[-0.103 -0.014  0.826]
[PRE-A YAW ALIGN] motion_yaw0=-176.206 deg | robot_yaw_odom= -41.206 deg | yaw_err_odom= 135.000 deg | odom_pos=[-0.104 -0.011  0.826]
[PRE-A YAW ALIGN] motion_yaw0=-176.206 deg | robot_yaw_odom= -49.035 deg | yaw_err_odom= 127.171 deg | odom_pos=[-0.131  0.009  0.828]
[PRE-A YAW ALIGN] motion_yaw0=-176.206 deg | robot_yaw_odom= -58.983 deg | yaw_err_odom= 117.223 deg | odom_pos=[-0.11  -0.005  0.828]
[PRE-A YAW ALIGN] motion_yaw0=-176.206 deg | robot_yaw_odom= -42.567 deg | yaw_err_odom= 133.639 deg | odom_pos=[-0.106 -0.023  0.823]
[PRE-A YAW ALIGN] motion_yaw0=-176.206 deg | robot_yaw_odom= -40.988 deg | yaw_err_odom= 135.218 deg | odom_pos=[-0.122 -0.005  0.827]
[PRE-A YAW ALIGN] motion_yaw0=-176.206 deg | robot_yaw_odom= -40.745 deg | yaw_err_odom= 135.461 deg | odom_pos=[-0.124  0.006  0.828]
[PRE-A YAW ALIGN] motion_yaw0=-176.206 deg | robot_yaw_odom= -40.088 deg | yaw_err_odom= 136.118 deg | odom_pos=[-0.129  0.037  0.83 ]
[PRE-A YAW ALIGN] motion_yaw0=-176.206 deg | robot_yaw_odom= -51.167 deg | yaw_err_odom= 125.039 deg | odom_pos=[-0.122  0.072  0.831]
[PRE-A YAW ALIGN] motion_yaw0=-176.206 deg | robot_yaw_odom= -77.927 deg | yaw_err_odom=  98.279 deg | odom_pos=[-0.174  0.132  0.824]
  -> warning: robot is roughly sideways relative to the reference heading.
[PRE-A YAW ALIGN] motion_yaw0=-176.206 deg | robot_yaw_odom= -77.188 deg | yaw_err_odom=  99.018 deg | odom_pos=[-0.153  0.089  0.826]
  -> warning: robot is roughly sideways relative to the reference heading.
[PRE-A YAW ALIGN] motion_yaw0=-176.206 deg | robot_yaw_odom= -76.994 deg | yaw_err_odom=  99.212 deg | odom_pos=[-0.158  0.095  0.826]
  -> warning: robot is roughly sideways relative to the reference heading.
[PRE-A YAW ALIGN] motion_yaw0=-176.206 deg | robot_yaw_odom= -77.248 deg | yaw_err_odom=  98.958 deg | odom_pos=[-0.16   0.084  0.823]
  -> warning: robot is roughly sideways relative to the reference heading.
[PRE-A YAW ALIGN] motion_yaw0=-176.206 deg | robot_yaw_odom=-107.851 deg | yaw_err_odom=  68.355 deg | odom_pos=[-0.217  0.062  0.827]
[PRE-A YAW ALIGN] motion_yaw0=-176.206 deg | robot_yaw_odom=-127.210 deg | yaw_err_odom=  48.996 deg | odom_pos=[-0.17   0.058  0.829]
[PRE-A YAW ALIGN] motion_yaw0=-176.206 deg | robot_yaw_odom=-143.570 deg | yaw_err_odom=  32.636 deg | odom_pos=[-0.098  0.053  0.834]
[PRE-A YAW ALIGN] motion_yaw0=-176.206 deg | robot_yaw_odom=-143.117 deg | yaw_err_odom=  33.089 deg | odom_pos=[-0.134  0.112  0.827]
[PRE-A YAW ALIGN] motion_yaw0=-176.206 deg | robot_yaw_odom=-143.308 deg | yaw_err_odom=  32.898 deg | odom_pos=[-0.126  0.084  0.829]
[PRE-A YAW ALIGN] motion_yaw0=-176.206 deg | robot_yaw_odom=-143.164 deg | yaw_err_odom=  33.042 deg | odom_pos=[-0.127  0.087  0.83 ]
[PRE-A YAW ALIGN] motion_yaw0=-176.206 deg | robot_yaw_odom=-143.353 deg | yaw_err_odom=  32.853 deg | odom_pos=[-0.137  0.089  0.827]
[PRE-A YAW ALIGN] motion_yaw0=-176.206 deg | robot_yaw_odom=-143.112 deg | yaw_err_odom=  33.093 deg | odom_pos=[-0.135  0.089  0.827]
[PRE-A YAW ALIGN] motion_yaw0=-176.206 deg | robot_yaw_odom=-143.409 deg | yaw_err_odom=  32.797 deg | odom_pos=[-0.131  0.092  0.83 ]
[PRE-A YAW ALIGN] motion_yaw0=-176.206 deg | robot_yaw_odom=-143.248 deg | yaw_err_odom=  32.958 deg | odom_pos=[-0.13   0.09   0.829]
[PRE-A YAW ALIGN] motion_yaw0=-176.206 deg | robot_yaw_odom=-143.559 deg | yaw_err_odom=  32.647 deg | odom_pos=[-0.133  0.088  0.827]
[PRE-A YAW ALIGN] motion_yaw0=-176.206 deg | robot_yaw_odom=-143.454 deg | yaw_err_odom=  32.752 deg | odom_pos=[-0.135  0.095  0.827]
[PRE-A YAW ALIGN] motion_yaw0=-176.206 deg | robot_yaw_odom=-143.184 deg | yaw_err_odom=  33.022 deg | odom_pos=[-0.136  0.09   0.83 ]
[PRE-A YAW ALIGN] motion_yaw0=-176.206 deg | robot_yaw_odom=-143.235 deg | yaw_err_odom=  32.971 deg | odom_pos=[-0.14   0.086  0.831]
[PRE-A YAW ALIGN] motion_yaw0=-176.206 deg | robot_yaw_odom=-143.234 deg | yaw_err_odom=  32.972 deg | odom_pos=[-0.127  0.093  0.829]
[PRE-A YAW ALIGN] motion_yaw0=-176.206 deg | robot_yaw_odom=-148.133 deg | yaw_err_odom=  28.073 deg | odom_pos=[-0.133  0.098  0.83 ]
[PRE-A YAW ALIGN] motion_yaw0=-176.206 deg | robot_yaw_odom= 172.637 deg | yaw_err_odom= -11.157 deg | odom_pos=[-0.149  0.064  0.832]
[PRE-A YAW ALIGN] motion_yaw0=-176.206 deg | robot_yaw_odom= 168.791 deg | yaw_err_odom= -15.003 deg | odom_pos=[-0.063  0.066  0.833]
[PRE-A YAW ALIGN] motion_yaw0=-176.206 deg | robot_yaw_odom= 171.271 deg | yaw_err_odom= -12.523 deg | odom_pos=[-0.037  0.056  0.827]
[PRE-A YAW ALIGN] motion_yaw0=-176.206 deg | robot_yaw_odom= 170.935 deg | yaw_err_odom= -12.859 deg | odom_pos=[-0.043  0.049  0.831]
[PRE-A YAW ALIGN] motion_yaw0=-176.206 deg | robot_yaw_odom= 171.439 deg | yaw_err_odom= -12.355 deg | odom_pos=[-0.032  0.054  0.833]
[PRE-A YAW ALIGN] motion_yaw0=-176.206 deg | robot_yaw_odom= 172.064 deg | yaw_err_odom= -11.730 deg | odom_pos=[-0.027  0.061  0.832]
[PRE-A YAW ALIGN] motion_yaw0=-176.206 deg | robot_yaw_odom= 172.244 deg | yaw_err_odom= -11.550 deg | odom_pos=[-0.035  0.051  0.831]
[PRE-A YAW ALIGN] motion_yaw0=-176.206 deg | robot_yaw_odom= 172.326 deg | yaw_err_odom= -11.468 deg | odom_pos=[-0.029  0.05   0.83 ]
[PRE-A YAW ALIGN] motion_yaw0=-176.206 deg | robot_yaw_odom= 172.086 deg | yaw_err_odom= -11.708 deg | odom_pos=[-0.023  0.059  0.833]
[PRE-A YAW ALIGN] motion_yaw0=-176.206 deg | robot_yaw_odom= 172.801 deg | yaw_err_odom= -10.993 deg | odom_pos=[-0.023  0.057  0.832]
[PRE-A YAW ALIGN] motion_yaw0=-176.206 deg | robot_yaw_odom=-175.961 deg | yaw_err_odom=   0.245 deg | odom_pos=[-0.043  0.058  0.834]
  -> heading OK: yaw_err_odom_deg is within 5 deg.
[PRE-A YAW ALIGN] motion_yaw0=-176.206 deg | robot_yaw_odom=-163.676 deg | yaw_err_odom=  12.530 deg | odom_pos=[-0.05   0.066  0.828]
[PRE-A YAW ALIGN] motion_yaw0=-176.206 deg | robot_yaw_odom=-172.349 deg | yaw_err_odom=   3.856 deg | odom_pos=[-0.031  0.075  0.833]
  -> heading OK: yaw_err_odom_deg is within 5 deg.
[PRE-A YAW ALIGN] motion_yaw0=-176.206 deg | robot_yaw_odom=-171.543 deg | yaw_err_odom=   4.663 deg | odom_pos=[-0.046  0.067  0.829]
  -> heading OK: yaw_err_odom_deg is within 5 deg.
[PRE-A YAW ALIGN] motion_yaw0=-176.206 deg | robot_yaw_odom=-171.843 deg | yaw_err_odom=   4.363 deg | odom_pos=[-0.049  0.06   0.826]
  -> heading OK: yaw_err_odom_deg is within 5 deg.
[PRE-A YAW ALIGN] motion_yaw0=-176.206 deg | robot_yaw_odom=-172.086 deg | yaw_err_odom=   4.120 deg | odom_pos=[-0.049  0.055  0.827]
  -> heading OK: yaw_err_odom_deg is within 5 deg.
[PRE-A YAW ALIGN] motion_yaw0=-176.206 deg | robot_yaw_odom=-172.081 deg | yaw_err_odom=   4.125 deg | odom_pos=[-0.042  0.066  0.833]
  -> heading OK: yaw_err_odom_deg is within 5 deg.
[PRE-A YAW ALIGN] motion_yaw0=-176.206 deg | robot_yaw_odom=-172.153 deg | yaw_err_odom=   4.053 deg | odom_pos=[-0.041  0.062  0.83 ]
  -> heading OK: yaw_err_odom_deg is within 5 deg.
[PRE-A YAW ALIGN] motion_yaw0=-176.206 deg | robot_yaw_odom=-172.212 deg | yaw_err_odom=   3.994 deg | odom_pos=[-0.047  0.069  0.826]
  -> heading OK: yaw_err_odom_deg is within 5 deg.
[PRE-A YAW ALIGN] motion_yaw0=-176.206 deg | robot_yaw_odom=-171.914 deg | yaw_err_odom=   4.292 deg | odom_pos=[-0.033  0.071  0.827]
  -> heading OK: yaw_err_odom_deg is within 5 deg.
[PRE-A YAW ALIGN] motion_yaw0=-176.206 deg | robot_yaw_odom=-172.224 deg | yaw_err_odom=   3.982 deg | odom_pos=[-0.032  0.063  0.828]
  -> heading OK: yaw_err_odom_deg is within 5 deg.
[PRE-A YAW ALIGN] motion_yaw0=-176.206 deg | robot_yaw_odom=-171.992 deg | yaw_err_odom=   4.214 deg | odom_pos=[-0.037  0.071  0.83 ]
  -> heading OK: yaw_err_odom_deg is within 5 deg.
[PRE-A YAW ALIGN] motion_yaw0=-176.206 deg | robot_yaw_odom=-171.878 deg | yaw_err_odom=   4.328 deg | odom_pos=[-0.042  0.06   0.825]
  -> heading OK: yaw_err_odom_deg is within 5 deg.
[PRE-A YAW ALIGN] motion_yaw0=-176.206 deg | robot_yaw_odom=-172.098 deg | yaw_err_odom=   4.108 deg | odom_pos=[-0.039  0.066  0.83 ]
  -> heading OK: yaw_err_odom_deg is within 5 deg.
[PRE-A YAW ALIGN] motion_yaw0=-176.206 deg | robot_yaw_odom=-171.816 deg | yaw_err_odom=   4.390 deg | odom_pos=[-0.036  0.063  0.83 ]
  -> heading OK: yaw_err_odom_deg is within 5 deg.
[PRE-A YAW ALIGN] motion_yaw0=-176.206 deg | robot_yaw_odom=-172.042 deg | yaw_err_odom=   4.164 deg | odom_pos=[-0.034  0.068  0.831]
  -> heading OK: yaw_err_odom_deg is within 5 deg.
[PRE-A YAW ALIGN] motion_yaw0=-176.206 deg | robot_yaw_odom=-172.070 deg | yaw_err_odom=   4.136 deg | odom_pos=[-0.04   0.064  0.826]
  -> heading OK: yaw_err_odom_deg is within 5 deg.
[PRE-A YAW ALIGN] motion_yaw0=-176.206 deg | robot_yaw_odom=-172.160 deg | yaw_err_odom=   4.046 deg | odom_pos=[-0.04   0.07   0.829]
  -> heading OK: yaw_err_odom_deg is within 5 deg.
[PRE-A YAW ALIGN] motion_yaw0=-176.206 deg | robot_yaw_odom=-171.911 deg | yaw_err_odom=   4.295 deg | odom_pos=[-0.042  0.063  0.83 ]
  -> heading OK: yaw_err_odom_deg is within 5 deg.
[PRE-A YAW ALIGN] motion_yaw0=-176.206 deg | robot_yaw_odom=-172.037 deg | yaw_err_odom=   4.169 deg | odom_pos=[-0.04   0.067  0.828]
  -> heading OK: yaw_err_odom_deg is within 5 deg.
[PRE-A YAW ALIGN] motion_yaw0=-176.206 deg | robot_yaw_odom=-172.098 deg | yaw_err_odom=   4.108 deg | odom_pos=[-0.04   0.062  0.825]
  -> heading OK: yaw_err_odom_deg is within 5 deg.
[PRE-A YAW ALIGN] motion_yaw0=-176.206 deg | robot_yaw_odom=-171.970 deg | yaw_err_odom=   4.236 deg | odom_pos=[-0.032  0.072  0.83 ]
  -> heading OK: yaw_err_odom_deg is within 5 deg.
[PRE-A YAW ALIGN] motion_yaw0=-176.206 deg | robot_yaw_odom=-171.733 deg | yaw_err_odom=   4.473 deg | odom_pos=[-0.037  0.064  0.831]
  -> heading OK: yaw_err_odom_deg is within 5 deg.
[PRE-A YAW ALIGN] motion_yaw0=-176.206 deg | robot_yaw_odom=-171.454 deg | yaw_err_odom=   4.752 deg | odom_pos=[-0.041  0.061  0.83 ]
  -> heading OK: yaw_err_odom_deg is within 5 deg.
[PRE-A YAW ALIGN] motion_yaw0=-176.206 deg | robot_yaw_odom=-172.226 deg | yaw_err_odom=   3.980 deg | odom_pos=[-0.04   0.06   0.827]
  -> heading OK: yaw_err_odom_deg is within 5 deg.
[PRE-A YAW ALIGN] motion_yaw0=-176.206 deg | robot_yaw_odom=-172.604 deg | yaw_err_odom=   3.602 deg | odom_pos=[-0.036  0.07   0.831]
  -> heading OK: yaw_err_odom_deg is within 5 deg.
[PRE-A YAW ALIGN] motion_yaw0=-176.206 deg | robot_yaw_odom=-172.216 deg | yaw_err_odom=   3.990 deg | odom_pos=[-0.034  0.068  0.831]
  -> heading OK: yaw_err_odom_deg is within 5 deg.
[PRE-A YAW ALIGN] motion_yaw0=-176.206 deg | robot_yaw_odom=-172.992 deg | yaw_err_odom=   3.214 deg | odom_pos=[-0.04   0.066  0.83 ]
  -> heading OK: yaw_err_odom_deg is within 5 deg.
[PRE-A YAW ALIGN] motion_yaw0=-176.206 deg | robot_yaw_odom=-171.997 deg | yaw_err_odom=   4.209 deg | odom_pos=[-0.045  0.061  0.829]
  -> heading OK: yaw_err_odom_deg is within 5 deg.
[PRE-A YAW ALIGN] motion_yaw0=-176.206 deg | robot_yaw_odom=-171.990 deg | yaw_err_odom=   4.216 deg | odom_pos=[-0.035  0.061  0.832]
  -> heading OK: yaw_err_odom_deg is within 5 deg.
[PRE-A YAW ALIGN] motion_yaw0=-176.206 deg | robot_yaw_odom=-172.020 deg | yaw_err_odom=   4.186 deg | odom_pos=[-0.041  0.056  0.829]
  -> heading OK: yaw_err_odom_deg is within 5 deg.
[PRE-A YAW ALIGN] motion_yaw0=-176.206 deg | robot_yaw_odom=-171.924 deg | yaw_err_odom=   4.282 deg | odom_pos=[-0.034  0.062  0.827]
  -> heading OK: yaw_err_odom_deg is within 5 deg.
[PRE-A YAW ALIGN] motion_yaw0=-176.206 deg | robot_yaw_odom=-171.787 deg | yaw_err_odom=   4.419 deg | odom_pos=[-0.035  0.073  0.829]
  -> heading OK: yaw_err_odom_deg is within 5 deg.
[PRE-A YAW ALIGN] motion_yaw0=-176.206 deg | robot_yaw_odom=-172.122 deg | yaw_err_odom=   4.084 deg | odom_pos=[-0.039  0.064  0.831]
  -> heading OK: yaw_err_odom_deg is within 5 deg.
[PRE-A YAW ALIGN] motion_yaw0=-176.206 deg | robot_yaw_odom=-172.154 deg | yaw_err_odom=   4.052 deg | odom_pos=[-0.037  0.063  0.832]
  -> heading OK: yaw_err_odom_deg is within 5 deg.
[PRE-A YAW ALIGN] motion_yaw0=-176.206 deg | robot_yaw_odom=-172.340 deg | yaw_err_odom=   3.866 deg | odom_pos=[-0.037  0.06   0.827]
  -> heading OK: yaw_err_odom_deg is within 5 deg.
[PRE-A YAW ALIGN] motion_yaw0=-176.206 deg | robot_yaw_odom=-171.983 deg | yaw_err_odom=   4.223 deg | odom_pos=[-0.034  0.068  0.829]
  -> heading OK: yaw_err_odom_deg is within 5 deg.
[PRE-A YAW ALIGN] motion_yaw0=-176.206 deg | robot_yaw_odom=-171.990 deg | yaw_err_odom=   4.216 deg | odom_pos=[-0.034  0.064  0.833]
  -> heading OK: yaw_err_odom_deg is within 5 deg.
[PRE-A YAW ALIGN] motion_yaw0=-176.206 deg | robot_yaw_odom=-172.313 deg | yaw_err_odom=   3.893 deg | odom_pos=[-0.034  0.062  0.83 ]
  -> heading OK: yaw_err_odom_deg is within 5 deg.
[PRE-A YAW ALIGN] motion_yaw0=-176.206 deg | robot_yaw_odom=-172.009 deg | yaw_err_odom=   4.197 deg | odom_pos=[-0.037  0.059  0.828]
  -> heading OK: yaw_err_odom_deg is within 5 deg.
[PRE-A YAW ALIGN] motion_yaw0=-176.206 deg | robot_yaw_odom=-172.100 deg | yaw_err_odom=   4.106 deg | odom_pos=[-0.03   0.066  0.833]
  -> heading OK: yaw_err_odom_deg is within 5 deg.
[PRE-A YAW ALIGN] motion_yaw0=-176.206 deg | robot_yaw_odom=-172.143 deg | yaw_err_odom=   4.063 deg | odom_pos=[-0.034  0.058  0.831]
  -> heading OK: yaw_err_odom_deg is within 5 deg.
[PRE-A YAW ALIGN] motion_yaw0=-176.206 deg | robot_yaw_odom=-172.029 deg | yaw_err_odom=   4.177 deg | odom_pos=[-0.033  0.066  0.831]
  -> heading OK: yaw_err_odom_deg is within 5 deg.
[PRE-A YAW ALIGN] motion_yaw0=-176.206 deg | robot_yaw_odom=-171.958 deg | yaw_err_odom=   4.248 deg | odom_pos=[-0.039  0.053  0.829]
  -> heading OK: yaw_err_odom_deg is within 5 deg.
[PRE-A YAW ALIGN] motion_yaw0=-176.206 deg | robot_yaw_odom=-172.017 deg | yaw_err_odom=   4.189 deg | odom_pos=[-0.031  0.063  0.832]
  -> heading OK: yaw_err_odom_deg is within 5 deg.
[PRE-A YAW ALIGN] motion_yaw0=-176.206 deg | robot_yaw_odom=-171.926 deg | yaw_err_odom=   4.280 deg | odom_pos=[-0.03   0.058  0.831]
  -> heading OK: yaw_err_odom_deg is within 5 deg.
[PRE-A YAW ALIGN] motion_yaw0=-176.206 deg | robot_yaw_odom=-172.004 deg | yaw_err_odom=   4.202 deg | odom_pos=[-0.034  0.057  0.832]
  -> heading OK: yaw_err_odom_deg is within 5 deg.
[PRE-A YAW ALIGN] motion_yaw0=-176.206 deg | robot_yaw_odom=-172.050 deg | yaw_err_odom=   4.156 deg | odom_pos=[-0.03   0.062  0.831]
  -> heading OK: yaw_err_odom_deg is within 5 deg.
[PRE-A YAW ALIGN] motion_yaw0=-176.206 deg | robot_yaw_odom=-172.072 deg | yaw_err_odom=   4.134 deg | odom_pos=[-0.036  0.069  0.833]
  -> heading OK: yaw_err_odom_deg is within 5 deg.
[PRE-A YAW ALIGN] motion_yaw0=-176.206 deg | robot_yaw_odom=-172.179 deg | yaw_err_odom=   4.027 deg | odom_pos=[-0.033  0.062  0.833]
  -> heading OK: yaw_err_odom_deg is within 5 deg.
[PRE-A YAW ALIGN] motion_yaw0=-176.206 deg | robot_yaw_odom=-171.928 deg | yaw_err_odom=   4.278 deg | odom_pos=[-0.032  0.057  0.832]
  -> heading OK: yaw_err_odom_deg is within 5 deg.
[PRE-A YAW ALIGN] motion_yaw0=-176.206 deg | robot_yaw_odom=-172.091 deg | yaw_err_odom=   4.115 deg | odom_pos=[-0.039  0.055  0.826]
  -> heading OK: yaw_err_odom_deg is within 5 deg.
[PRE-A YAW ALIGN] motion_yaw0=-176.206 deg | robot_yaw_odom=-172.174 deg | yaw_err_odom=   4.032 deg | odom_pos=[-0.03   0.065  0.832]
  -> heading OK: yaw_err_odom_deg is within 5 deg.
[PRE-A YAW ALIGN] motion_yaw0=-176.206 deg | robot_yaw_odom=-172.227 deg | yaw_err_odom=   3.979 deg | odom_pos=[-0.031  0.067  0.833]
  -> heading OK: yaw_err_odom_deg is within 5 deg.
[PRE-A YAW ALIGN] motion_yaw0=-176.206 deg | robot_yaw_odom=-172.096 deg | yaw_err_odom=   4.110 deg | odom_pos=[-0.039  0.064  0.831]
  -> heading OK: yaw_err_odom_deg is within 5 deg.
[PRE-A YAW ALIGN] motion_yaw0=-176.206 deg | robot_yaw_odom=-172.157 deg | yaw_err_odom=   4.049 deg | odom_pos=[-0.03   0.068  0.832]
  -> heading OK: yaw_err_odom_deg is within 5 deg.
[PRE-A YAW ALIGN] motion_yaw0=-176.206 deg | robot_yaw_odom=-172.105 deg | yaw_err_odom=   4.101 deg | odom_pos=[-0.033  0.055  0.83 ]
  -> heading OK: yaw_err_odom_deg is within 5 deg.
[PRE-A YAW ALIGN] motion_yaw0=-176.206 deg | robot_yaw_odom=-171.989 deg | yaw_err_odom=   4.217 deg | odom_pos=[-0.029  0.062  0.833]
  -> heading OK: yaw_err_odom_deg is within 5 deg.
[PRE-A YAW ALIGN] motion_yaw0=-176.206 deg | robot_yaw_odom=-171.959 deg | yaw_err_odom=   4.247 deg | odom_pos=[-0.032  0.07   0.831]
  -> heading OK: yaw_err_odom_deg is within 5 deg.
[PRE-A YAW ALIGN] motion_yaw0=-176.206 deg | robot_yaw_odom=-172.052 deg | yaw_err_odom=   4.154 deg | odom_pos=[-0.037  0.07   0.829]
  -> heading OK: yaw_err_odom_deg is within 5 deg.
[PRE-A YAW ALIGN] motion_yaw0=-176.206 deg | robot_yaw_odom=-172.141 deg | yaw_err_odom=   4.065 deg | odom_pos=[-0.035  0.065  0.832]
  -> heading OK: yaw_err_odom_deg is within 5 deg.
[PRE-A YAW ALIGN] motion_yaw0=-176.206 deg | robot_yaw_odom=-172.040 deg | yaw_err_odom=   4.166 deg | odom_pos=[-0.033  0.068  0.833]
  -> heading OK: yaw_err_odom_deg is within 5 deg.
[PRE-A YAW ALIGN] motion_yaw0=-176.206 deg | robot_yaw_odom=-172.155 deg | yaw_err_odom=   4.051 deg | odom_pos=[-0.03   0.064  0.831]
  -> heading OK: yaw_err_odom_deg is within 5 deg.
[PRE-A YAW ALIGN] motion_yaw0=-176.206 deg | robot_yaw_odom=-171.761 deg | yaw_err_odom=   4.445 deg | odom_pos=[-0.032  0.066  0.832]
  -> heading OK: yaw_err_odom_deg is within 5 deg.
[PRE-A YAW ALIGN] motion_yaw0=-176.206 deg | robot_yaw_odom=-172.007 deg | yaw_err_odom=   4.199 deg | odom_pos=[-0.037  0.059  0.834]
  -> heading OK: yaw_err_odom_deg is within 5 deg.
[PRE-A YAW ALIGN] motion_yaw0=-176.206 deg | robot_yaw_odom=-172.310 deg | yaw_err_odom=   3.896 deg | odom_pos=[-0.027  0.063  0.834]
  -> heading OK: yaw_err_odom_deg is within 5 deg.
[PRE-A YAW ALIGN] motion_yaw0=-176.206 deg | robot_yaw_odom=-172.008 deg | yaw_err_odom=   4.198 deg | odom_pos=[-0.027  0.056  0.831]
  -> heading OK: yaw_err_odom_deg is within 5 deg.
[PRE-A YAW ALIGN] motion_yaw0=-176.206 deg | robot_yaw_odom=-172.154 deg | yaw_err_odom=   4.052 deg | odom_pos=[-0.035  0.057  0.834]
  -> heading OK: yaw_err_odom_deg is within 5 deg.
[PRE-A YAW ALIGN] motion_yaw0=-176.206 deg | robot_yaw_odom=-171.932 deg | yaw_err_odom=   4.274 deg | odom_pos=[-0.028  0.065  0.832]
  -> heading OK: yaw_err_odom_deg is within 5 deg.
[PRE-A YAW ALIGN] motion_yaw0=-176.206 deg | robot_yaw_odom=-171.996 deg | yaw_err_odom=   4.210 deg | odom_pos=[-0.03   0.07   0.832]
  -> heading OK: yaw_err_odom_deg is within 5 deg.
[PRE-A YAW ALIGN] motion_yaw0=-176.206 deg | robot_yaw_odom=-171.965 deg | yaw_err_odom=   4.241 deg | odom_pos=[-0.032  0.062  0.834]
  -> heading OK: yaw_err_odom_deg is within 5 deg.
[PRE-A YAW ALIGN] motion_yaw0=-176.206 deg | robot_yaw_odom=-172.296 deg | yaw_err_odom=   3.910 deg | odom_pos=[-0.033  0.062  0.833]
  -> heading OK: yaw_err_odom_deg is within 5 deg.
[PRE-A YAW ALIGN] motion_yaw0=-176.206 deg | robot_yaw_odom=-171.879 deg | yaw_err_odom=   4.327 deg | odom_pos=[-0.03   0.066  0.833]
  -> heading OK: yaw_err_odom_deg is within 5 deg.
[PRE-A YAW ALIGN] motion_yaw0=-176.206 deg | robot_yaw_odom=-171.997 deg | yaw_err_odom=   4.209 deg | odom_pos=[-0.032  0.06   0.829]
  -> heading OK: yaw_err_odom_deg is within 5 deg.
[PRE-A YAW ALIGN] motion_yaw0=-176.206 deg | robot_yaw_odom=-172.095 deg | yaw_err_odom=   4.111 deg | odom_pos=[-0.035  0.061  0.83 ]
  -> heading OK: yaw_err_odom_deg is within 5 deg.
[PRE-A YAW ALIGN] motion_yaw0=-176.206 deg | robot_yaw_odom=-171.950 deg | yaw_err_odom=   4.256 deg | odom_pos=[-0.038  0.063  0.834]
  -> heading OK: yaw_err_odom_deg is within 5 deg.
[PRE-A YAW ALIGN] motion_yaw0=-176.206 deg | robot_yaw_odom=-172.105 deg | yaw_err_odom=   4.101 deg | odom_pos=[-0.03   0.06   0.834]
  -> heading OK: yaw_err_odom_deg is within 5 deg.
[PRE-A YAW ALIGN] motion_yaw0=-176.206 deg | robot_yaw_odom=-172.060 deg | yaw_err_odom=   4.146 deg | odom_pos=[-0.038  0.066  0.834]
  -> heading OK: yaw_err_odom_deg is within 5 deg.
[PRE-A YAW ALIGN] motion_yaw0=-176.206 deg | robot_yaw_odom=-172.104 deg | yaw_err_odom=   4.102 deg | odom_pos=[-0.032  0.063  0.832]
  -> heading OK: yaw_err_odom_deg is within 5 deg.
[PRE-A YAW ALIGN] motion_yaw0=-176.206 deg | robot_yaw_odom=-172.132 deg | yaw_err_odom=   4.074 deg | odom_pos=[-0.021  0.071  0.834]
  -> heading OK: yaw_err_odom_deg is within 5 deg.
[PRE-A YAW ALIGN] motion_yaw0=-176.206 deg | robot_yaw_odom=-172.098 deg | yaw_err_odom=   4.108 deg | odom_pos=[-0.031  0.063  0.836]
  -> heading OK: yaw_err_odom_deg is within 5 deg.
[PRE-A YAW ALIGN] motion_yaw0=-176.206 deg | robot_yaw_odom=-172.213 deg | yaw_err_odom=   3.993 deg | odom_pos=[-0.025  0.056  0.835]
  -> heading OK: yaw_err_odom_deg is within 5 deg.
[PRE-A YAW ALIGN] motion_yaw0=-176.206 deg | robot_yaw_odom=-172.061 deg | yaw_err_odom=   4.145 deg | odom_pos=[-0.038  0.058  0.837]
  -> heading OK: yaw_err_odom_deg is within 5 deg.
[PRE-A YAW ALIGN] motion_yaw0=-176.206 deg | robot_yaw_odom=-172.001 deg | yaw_err_odom=   4.205 deg | odom_pos=[-0.047  0.054  0.836]
  -> heading OK: yaw_err_odom_deg is within 5 deg.
[PRE-A YAW ALIGN] motion_yaw0=-176.206 deg | robot_yaw_odom=-172.006 deg | yaw_err_odom=   4.200 deg | odom_pos=[-0.037  0.067  0.833]
  -> heading OK: yaw_err_odom_deg is within 5 deg.
[PRE-A YAW ALIGN] motion_yaw0=-176.206 deg | robot_yaw_odom=-172.010 deg | yaw_err_odom=   4.196 deg | odom_pos=[-0.037  0.057  0.832]
  -> heading OK: yaw_err_odom_deg is within 5 deg.
[PRE-A YAW ALIGN] motion_yaw0=-176.206 deg | robot_yaw_odom=-172.135 deg | yaw_err_odom=   4.071 deg | odom_pos=[-0.035  0.068  0.831]
  -> heading OK: yaw_err_odom_deg is within 5 deg.
[PRE-A YAW ALIGN] motion_yaw0=-176.206 deg | robot_yaw_odom=-172.273 deg | yaw_err_odom=   3.933 deg | odom_pos=[-0.033  0.063  0.832]
  -> heading OK: yaw_err_odom_deg is within 5 deg.
[PRE-A YAW ALIGN] motion_yaw0=-176.206 deg | robot_yaw_odom=-172.510 deg | yaw_err_odom=   3.696 deg | odom_pos=[-0.019  0.071  0.835]
  -> heading OK: yaw_err_odom_deg is within 5 deg.
[PRE-A YAW ALIGN] motion_yaw0=-176.206 deg | robot_yaw_odom=-172.162 deg | yaw_err_odom=   4.044 deg | odom_pos=[-0.033  0.06   0.833]
  -> heading OK: yaw_err_odom_deg is within 5 deg.
[PRE-A YAW ALIGN] motion_yaw0=-176.206 deg | robot_yaw_odom=-172.147 deg | yaw_err_odom=   4.059 deg | odom_pos=[-0.028  0.067  0.836]
  -> heading OK: yaw_err_odom_deg is within 5 deg.
[PRE-A YAW ALIGN] motion_yaw0=-176.206 deg | robot_yaw_odom=-172.398 deg | yaw_err_odom=   3.808 deg | odom_pos=[-0.029  0.074  0.835]
  -> heading OK: yaw_err_odom_deg is within 5 deg.
[PRE-A YAW ALIGN] motion_yaw0=-176.206 deg | robot_yaw_odom=-172.245 deg | yaw_err_odom=   3.961 deg | odom_pos=[-0.016  0.075  0.833]
  -> heading OK: yaw_err_odom_deg is within 5 deg.
[PRE-A YAW ALIGN] motion_yaw0=-176.206 deg | robot_yaw_odom=-172.443 deg | yaw_err_odom=   3.763 deg | odom_pos=[-0.03   0.057  0.833]
  -> heading OK: yaw_err_odom_deg is within 5 deg.
[PRE-A YAW ALIGN] motion_yaw0=-176.206 deg | robot_yaw_odom=-171.859 deg | yaw_err_odom=   4.347 deg | odom_pos=[-0.035  0.059  0.837]
  -> heading OK: yaw_err_odom_deg is within 5 deg.
[PRE-A YAW ALIGN] motion_yaw0=-176.206 deg | robot_yaw_odom=-172.109 deg | yaw_err_odom=   4.097 deg | odom_pos=[-0.037  0.063  0.837]
  -> heading OK: yaw_err_odom_deg is within 5 deg.
[PRE-A YAW ALIGN] motion_yaw0=-176.206 deg | robot_yaw_odom=-172.745 deg | yaw_err_odom=   3.461 deg | odom_pos=[-0.043  0.065  0.837]
  -> heading OK: yaw_err_odom_deg is within 5 deg.
[PRE-A YAW ALIGN] motion_yaw0=-176.206 deg | robot_yaw_odom=-172.537 deg | yaw_err_odom=   3.669 deg | odom_pos=[-0.039  0.066  0.833]
  -> heading OK: yaw_err_odom_deg is within 5 deg.
[PRE-A YAW ALIGN] motion_yaw0=-176.206 deg | robot_yaw_odom=-172.599 deg | yaw_err_odom=   3.607 deg | odom_pos=[-0.033  0.066  0.837]
  -> heading OK: yaw_err_odom_deg is within 5 deg.
[PRE-A YAW ALIGN] motion_yaw0=-176.206 deg | robot_yaw_odom=-172.605 deg | yaw_err_odom=   3.601 deg | odom_pos=[-0.033  0.064  0.835]
  -> heading OK: yaw_err_odom_deg is within 5 deg.
[PRE-A YAW ALIGN] motion_yaw0=-176.206 deg | robot_yaw_odom=-172.574 deg | yaw_err_odom=   3.632 deg | odom_pos=[-0.043  0.066  0.838]
  -> heading OK: yaw_err_odom_deg is within 5 deg.
[PRE-A YAW ALIGN] motion_yaw0=-176.206 deg | robot_yaw_odom=-172.264 deg | yaw_err_odom=   3.942 deg | odom_pos=[-0.04   0.068  0.835]
  -> heading OK: yaw_err_odom_deg is within 5 deg.
[PRE-A YAW ALIGN] motion_yaw0=-176.206 deg | robot_yaw_odom=-172.538 deg | yaw_err_odom=   3.668 deg | odom_pos=[-0.04   0.071  0.831]
  -> heading OK: yaw_err_odom_deg is within 5 deg.
[PRE-A YAW ALIGN] motion_yaw0=-176.206 deg | robot_yaw_odom=-172.635 deg | yaw_err_odom=   3.571 deg | odom_pos=[-0.043  0.067  0.833]
  -> heading OK: yaw_err_odom_deg is within 5 deg.
[PRE-A YAW ALIGN] motion_yaw0=-176.206 deg | robot_yaw_odom=-172.758 deg | yaw_err_odom=   3.448 deg | odom_pos=[-0.038  0.066  0.833]
  -> heading OK: yaw_err_odom_deg is within 5 deg.
[PRE-A YAW ALIGN] motion_yaw0=-176.206 deg | robot_yaw_odom=-172.327 deg | yaw_err_odom=   3.879 deg | odom_pos=[-0.048  0.062  0.836]
  -> heading OK: yaw_err_odom_deg is within 5 deg.
[PRE-A YAW ALIGN] motion_yaw0=-176.206 deg | robot_yaw_odom=-172.348 deg | yaw_err_odom=   3.858 deg | odom_pos=[-0.042  0.065  0.828]
  -> heading OK: yaw_err_odom_deg is within 5 deg.
[PRE-A YAW ALIGN] motion_yaw0=-176.206 deg | robot_yaw_odom=-172.472 deg | yaw_err_odom=   3.734 deg | odom_pos=[-0.046  0.063  0.834]
  -> heading OK: yaw_err_odom_deg is within 5 deg.
[PRE-A YAW ALIGN] motion_yaw0=-176.206 deg | robot_yaw_odom=-172.973 deg | yaw_err_odom=   3.233 deg | odom_pos=[-0.038  0.059  0.83 ]
  -> heading OK: yaw_err_odom_deg is within 5 deg.
[PRE-A YAW ALIGN] motion_yaw0=-176.206 deg | robot_yaw_odom=-172.538 deg | yaw_err_odom=   3.668 deg | odom_pos=[-0.04   0.05   0.829]
  -> heading OK: yaw_err_odom_deg is within 5 deg.
[PRE-A YAW ALIGN] motion_yaw0=-176.206 deg | robot_yaw_odom=-172.478 deg | yaw_err_odom=   3.728 deg | odom_pos=[-0.042  0.062  0.826]
  -> heading OK: yaw_err_odom_deg is within 5 deg.
[PRE-A YAW ALIGN] motion_yaw0=-176.206 deg | robot_yaw_odom=-172.489 deg | yaw_err_odom=   3.717 deg | odom_pos=[-0.038  0.054  0.833]
  -> heading OK: yaw_err_odom_deg is within 5 deg.
[PRE-A YAW ALIGN] motion_yaw0=-176.206 deg | robot_yaw_odom=-172.538 deg | yaw_err_odom=   3.668 deg | odom_pos=[-0.039  0.063  0.829]
  -> heading OK: yaw_err_odom_deg is within 5 deg.
[PRE-A YAW ALIGN] motion_yaw0=-176.206 deg | robot_yaw_odom=-172.271 deg | yaw_err_odom=   3.935 deg | odom_pos=[-0.046  0.073  0.831]
  -> heading OK: yaw_err_odom_deg is within 5 deg.
[PRE-A YAW ALIGN] motion_yaw0=-176.206 deg | robot_yaw_odom=-172.618 deg | yaw_err_odom=   3.588 deg | odom_pos=[-0.039  0.068  0.831]
  -> heading OK: yaw_err_odom_deg is within 5 deg.
[PRE-A YAW ALIGN] motion_yaw0=-176.206 deg | robot_yaw_odom=-173.204 deg | yaw_err_odom=   3.002 deg | odom_pos=[-0.053  0.045  0.835]
  -> heading OK: yaw_err_odom_deg is within 5 deg.
[PRE-A YAW ALIGN] motion_yaw0=-176.206 deg | robot_yaw_odom=-173.067 deg | yaw_err_odom=   3.139 deg | odom_pos=[-0.039  0.048  0.827]
  -> heading OK: yaw_err_odom_deg is within 5 deg.
[PRE-A YAW ALIGN] motion_yaw0=-176.206 deg | robot_yaw_odom=-173.799 deg | yaw_err_odom=   2.407 deg | odom_pos=[-0.038  0.057  0.832]
  -> heading OK: yaw_err_odom_deg is within 5 deg.
[PRE-A YAW ALIGN] motion_yaw0=-176.206 deg | robot_yaw_odom=-173.534 deg | yaw_err_odom=   2.672 deg | odom_pos=[-0.039  0.06   0.831]
  -> heading OK: yaw_err_odom_deg is within 5 deg.
[PRE-A YAW ALIGN] motion_yaw0=-176.206 deg | robot_yaw_odom=-173.571 deg | yaw_err_odom=   2.635 deg | odom_pos=[-0.04   0.059  0.832]
  -> heading OK: yaw_err_odom_deg is within 5 deg.
[PRE-A YAW ALIGN] motion_yaw0=-176.206 deg | robot_yaw_odom=-173.888 deg | yaw_err_odom=   2.318 deg | odom_pos=[-0.043  0.063  0.833]
  -> heading OK: yaw_err_odom_deg is within 5 deg.
[PRE-A YAW ALIGN] motion_yaw0=-176.206 deg | robot_yaw_odom=-173.714 deg | yaw_err_odom=   2.492 deg | odom_pos=[-0.051  0.066  0.83 ]
  -> heading OK: yaw_err_odom_deg is within 5 deg.
[PRE-A YAW ALIGN] motion_yaw0=-176.206 deg | robot_yaw_odom=-173.718 deg | yaw_err_odom=   2.488 deg | odom_pos=[-0.047  0.061  0.831]
  -> heading OK: yaw_err_odom_deg is within 5 deg.
[PRE-A YAW ALIGN] motion_yaw0=-176.206 deg | robot_yaw_odom=-174.012 deg | yaw_err_odom=   2.194 deg | odom_pos=[-0.047  0.068  0.832]
  -> heading OK: yaw_err_odom_deg is within 5 deg.
[PRE-A YAW ALIGN] motion_yaw0=-176.206 deg | robot_yaw_odom=-173.838 deg | yaw_err_odom=   2.368 deg | odom_pos=[-0.046  0.068  0.832]
  -> heading OK: yaw_err_odom_deg is within 5 deg.
[PRE-A YAW ALIGN] motion_yaw0=-176.206 deg | robot_yaw_odom=-173.388 deg | yaw_err_odom=   2.818 deg | odom_pos=[-0.047  0.064  0.836]
  -> heading OK: yaw_err_odom_deg is within 5 deg.
[PRE-A YAW ALIGN] motion_yaw0=-176.206 deg | robot_yaw_odom=-173.586 deg | yaw_err_odom=   2.620 deg | odom_pos=[-0.042  0.066  0.833]
  -> heading OK: yaw_err_odom_deg is within 5 deg.
[PRE-A YAW ALIGN] motion_yaw0=-176.206 deg | robot_yaw_odom=-173.635 deg | yaw_err_odom=   2.571 deg | odom_pos=[-0.049  0.068  0.834]
  -> heading OK: yaw_err_odom_deg is within 5 deg.
[PRE-A YAW ALIGN] motion_yaw0=-176.206 deg | robot_yaw_odom=-173.293 deg | yaw_err_odom=   2.913 deg | odom_pos=[-0.048  0.061  0.832]
  -> heading OK: yaw_err_odom_deg is within 5 deg.
[PRE-A YAW ALIGN] motion_yaw0=-176.206 deg | robot_yaw_odom=-173.589 deg | yaw_err_odom=   2.617 deg | odom_pos=[-0.043  0.055  0.831]
  -> heading OK: yaw_err_odom_deg is within 5 deg.
[PRE-A YAW ALIGN] motion_yaw0=-176.206 deg | robot_yaw_odom=-173.705 deg | yaw_err_odom=   2.501 deg | odom_pos=[-0.045  0.064  0.834]
  -> heading OK: yaw_err_odom_deg is within 5 deg.
[PRE-A YAW ALIGN] motion_yaw0=-176.206 deg | robot_yaw_odom=-173.571 deg | yaw_err_odom=   2.635 deg | odom_pos=[-0.045  0.074  0.835]
  -> heading OK: yaw_err_odom_deg is within 5 deg.
[PRE-A YAW ALIGN] motion_yaw0=-176.206 deg | robot_yaw_odom=-173.541 deg | yaw_err_odom=   2.665 deg | odom_pos=[-0.047  0.054  0.832]
  -> heading OK: yaw_err_odom_deg is within 5 deg.
[PRE-A YAW ALIGN] motion_yaw0=-176.206 deg | robot_yaw_odom=-173.979 deg | yaw_err_odom=   2.227 deg | odom_pos=[-0.047  0.069  0.837]
  -> heading OK: yaw_err_odom_deg is within 5 deg.
[PRE-A YAW ALIGN] motion_yaw0=-176.206 deg | robot_yaw_odom=-174.026 deg | yaw_err_odom=   2.180 deg | odom_pos=[-0.061  0.065  0.836]
  -> heading OK: yaw_err_odom_deg is within 5 deg.
[PRE-A YAW ALIGN] motion_yaw0=-176.206 deg | robot_yaw_odom=-174.519 deg | yaw_err_odom=   1.687 deg | odom_pos=[-0.072  0.07   0.839]
  -> heading OK: yaw_err_odom_deg is within 5 deg.
[PRE-A YAW ALIGN] motion_yaw0=-176.206 deg | robot_yaw_odom=-174.558 deg | yaw_err_odom=   1.648 deg | odom_pos=[-0.066  0.058  0.835]
  -> heading OK: yaw_err_odom_deg is within 5 deg.
[PRE-A YAW ALIGN] motion_yaw0=-176.206 deg | robot_yaw_odom=-174.473 deg | yaw_err_odom=   1.732 deg | odom_pos=[-0.043  0.071  0.834]
  -> heading OK: yaw_err_odom_deg is within 5 deg.
[PRE-A YAW ALIGN] motion_yaw0=-176.206 deg | robot_yaw_odom=-174.558 deg | yaw_err_odom=   1.648 deg | odom_pos=[-0.052  0.068  0.839]
  -> heading OK: yaw_err_odom_deg is within 5 deg.
[PRE-A YAW ALIGN] motion_yaw0=-176.206 deg | robot_yaw_odom=-174.908 deg | yaw_err_odom=   1.298 deg | odom_pos=[-0.051  0.061  0.835]
  -> heading OK: yaw_err_odom_deg is within 5 deg.
[PRE-A YAW ALIGN] motion_yaw0=-176.206 deg | robot_yaw_odom=-174.467 deg | yaw_err_odom=   1.739 deg | odom_pos=[-0.058  0.061  0.835]
  -> heading OK: yaw_err_odom_deg is within 5 deg.
[PRE-A YAW ALIGN] motion_yaw0=-176.206 deg | robot_yaw_odom=-174.571 deg | yaw_err_odom=   1.634 deg | odom_pos=[-0.05   0.06   0.835]
  -> heading OK: yaw_err_odom_deg is within 5 deg.
[PRE-A YAW ALIGN] motion_yaw0=-176.206 deg | robot_yaw_odom=-174.481 deg | yaw_err_odom=   1.725 deg | odom_pos=[-0.051  0.067  0.838]
  -> heading OK: yaw_err_odom_deg is within 5 deg.
[PRE-A YAW ALIGN] motion_yaw0=-176.206 deg | robot_yaw_odom=-174.431 deg | yaw_err_odom=   1.775 deg | odom_pos=[-0.053  0.062  0.831]
  -> heading OK: yaw_err_odom_deg is within 5 deg.
[PRE-A YAW ALIGN] motion_yaw0=-176.206 deg | robot_yaw_odom=-174.504 deg | yaw_err_odom=   1.702 deg | odom_pos=[-0.047  0.066  0.837]
  -> heading OK: yaw_err_odom_deg is within 5 deg.
[PRE-A YAW ALIGN] motion_yaw0=-176.206 deg | robot_yaw_odom=-174.297 deg | yaw_err_odom=   1.909 deg | odom_pos=[-0.051  0.059  0.845]
  -> heading OK: yaw_err_odom_deg is within 5 deg.
[PRE-A YAW ALIGN] motion_yaw0=-176.206 deg | robot_yaw_odom=-174.588 deg | yaw_err_odom=   1.618 deg | odom_pos=[-0.061  0.06   0.842]
  -> heading OK: yaw_err_odom_deg is within 5 deg.
[PRE-A YAW ALIGN] motion_yaw0=-176.206 deg | robot_yaw_odom=-174.505 deg | yaw_err_odom=   1.701 deg | odom_pos=[-0.06   0.053  0.839]
  -> heading OK: yaw_err_odom_deg is within 5 deg.
[PRE-A YAW ALIGN] motion_yaw0=-176.206 deg | robot_yaw_odom=-174.565 deg | yaw_err_odom=   1.641 deg | odom_pos=[-0.055  0.063  0.841]
  -> heading OK: yaw_err_odom_deg is within 5 deg.
[PRE-A YAW ALIGN] motion_yaw0=-176.206 deg | robot_yaw_odom=-173.942 deg | yaw_err_odom=   2.264 deg | odom_pos=[-0.055  0.064  0.838]
  -> heading OK: yaw_err_odom_deg is within 5 deg.
[PRE-A YAW ALIGN] motion_yaw0=-176.206 deg | robot_yaw_odom=-174.534 deg | yaw_err_odom=   1.672 deg | odom_pos=[-0.047  0.067  0.842]
  -> heading OK: yaw_err_odom_deg is within 5 deg.
[PRE-A YAW ALIGN] motion_yaw0=-176.206 deg | robot_yaw_odom=-174.333 deg | yaw_err_odom=   1.873 deg | odom_pos=[-0.055  0.058  0.842]
  -> heading OK: yaw_err_odom_deg is within 5 deg.
[PRE-A YAW ALIGN] motion_yaw0=-176.206 deg | robot_yaw_odom=-174.223 deg | yaw_err_odom=   1.983 deg | odom_pos=[-0.052  0.061  0.84 ]
  -> heading OK: yaw_err_odom_deg is within 5 deg.
[PRE-A YAW ALIGN] motion_yaw0=-176.206 deg | robot_yaw_odom=-174.236 deg | yaw_err_odom=   1.970 deg | odom_pos=[-0.061  0.058  0.844]
  -> heading OK: yaw_err_odom_deg is within 5 deg.
[PRE-A YAW ALIGN] motion_yaw0=-176.206 deg | robot_yaw_odom=-174.424 deg | yaw_err_odom=   1.782 deg | odom_pos=[-0.051  0.061  0.842]
  -> heading OK: yaw_err_odom_deg is within 5 deg.
[PRE-A YAW ALIGN] motion_yaw0=-176.206 deg | robot_yaw_odom=-174.304 deg | yaw_err_odom=   1.902 deg | odom_pos=[-0.049  0.055  0.842]
  -> heading OK: yaw_err_odom_deg is within 5 deg.
[PRE-A YAW ALIGN] motion_yaw0=-176.206 deg | robot_yaw_odom=-174.428 deg | yaw_err_odom=   1.778 deg | odom_pos=[-0.059  0.062  0.839]
  -> heading OK: yaw_err_odom_deg is within 5 deg.
[PRE-A YAW ALIGN] motion_yaw0=-176.206 deg | robot_yaw_odom=-174.417 deg | yaw_err_odom=   1.789 deg | odom_pos=[-0.049  0.059  0.844]
  -> heading OK: yaw_err_odom_deg is within 5 deg.
[PRE-A YAW ALIGN] motion_yaw0=-176.206 deg | robot_yaw_odom=-174.928 deg | yaw_err_odom=   1.278 deg | odom_pos=[-0.05   0.065  0.844]
  -> heading OK: yaw_err_odom_deg is within 5 deg.
[PRE-A YAW ALIGN] motion_yaw0=-176.206 deg | robot_yaw_odom=-174.283 deg | yaw_err_odom=   1.923 deg | odom_pos=[-0.053  0.066  0.845]
  -> heading OK: yaw_err_odom_deg is within 5 deg.
[PRE-A YAW ALIGN] motion_yaw0=-176.206 deg | robot_yaw_odom=-174.395 deg | yaw_err_odom=   1.811 deg | odom_pos=[-0.06   0.055  0.843]
  -> heading OK: yaw_err_odom_deg is within 5 deg.
[PRE-A YAW ALIGN] motion_yaw0=-176.206 deg | robot_yaw_odom=-174.410 deg | yaw_err_odom=   1.796 deg | odom_pos=[-0.059  0.069  0.842]
  -> heading OK: yaw_err_odom_deg is within 5 deg.
[PRE-A YAW ALIGN] motion_yaw0=-176.206 deg | robot_yaw_odom=-174.800 deg | yaw_err_odom=   1.406 deg | odom_pos=[-0.054  0.06   0.84 ]
  -> heading OK: yaw_err_odom_deg is within 5 deg.
[PRE-A YAW ALIGN] motion_yaw0=-176.206 deg | robot_yaw_odom=-174.147 deg | yaw_err_odom=   2.059 deg | odom_pos=[-0.059  0.063  0.844]
  -> heading OK: yaw_err_odom_deg is within 5 deg.
[PRE-A YAW ALIGN] motion_yaw0=-176.206 deg | robot_yaw_odom=-174.345 deg | yaw_err_odom=   1.861 deg | odom_pos=[-0.061  0.056  0.841]
  -> heading OK: yaw_err_odom_deg is within 5 deg.
[PRE-A YAW ALIGN] motion_yaw0=-176.206 deg | robot_yaw_odom=-174.106 deg | yaw_err_odom=   2.100 deg | odom_pos=[-0.052  0.067  0.843]
  -> heading OK: yaw_err_odom_deg is within 5 deg.
[PRE-A YAW ALIGN] motion_yaw0=-176.206 deg | robot_yaw_odom=-174.188 deg | yaw_err_odom=   2.018 deg | odom_pos=[-0.049  0.065  0.842]
  -> heading OK: yaw_err_odom_deg is within 5 deg.
[PRE-A YAW ALIGN] motion_yaw0=-176.206 deg | robot_yaw_odom=-174.449 deg | yaw_err_odom=   1.757 deg | odom_pos=[-0.055  0.066  0.84 ]
  -> heading OK: yaw_err_odom_deg is within 5 deg.
[PRE-A YAW ALIGN] motion_yaw0=-176.206 deg | robot_yaw_odom=-174.485 deg | yaw_err_odom=   1.721 deg | odom_pos=[-0.054  0.056  0.84 ]
  -> heading OK: yaw_err_odom_deg is within 5 deg.
[PRE-A YAW ALIGN] motion_yaw0=-176.206 deg | robot_yaw_odom=-174.241 deg | yaw_err_odom=   1.965 deg | odom_pos=[-0.054  0.055  0.846]
  -> heading OK: yaw_err_odom_deg is within 5 deg.
[PRE-A YAW ALIGN] motion_yaw0=-176.206 deg | robot_yaw_odom=-174.394 deg | yaw_err_odom=   1.812 deg | odom_pos=[-0.055  0.057  0.844]
  -> heading OK: yaw_err_odom_deg is within 5 deg.
[PRE-A YAW ALIGN] motion_yaw0=-176.206 deg | robot_yaw_odom=-174.535 deg | yaw_err_odom=   1.671 deg | odom_pos=[-0.054  0.055  0.836]
  -> heading OK: yaw_err_odom_deg is within 5 deg.
[PRE-A YAW ALIGN] motion_yaw0=-176.206 deg | robot_yaw_odom=-174.662 deg | yaw_err_odom=   1.544 deg | odom_pos=[-0.061  0.057  0.841]
  -> heading OK: yaw_err_odom_deg is within 5 deg.
[PRE-A YAW ALIGN] motion_yaw0=-176.206 deg | robot_yaw_odom=-174.397 deg | yaw_err_odom=   1.809 deg | odom_pos=[-0.054  0.056  0.845]
  -> heading OK: yaw_err_odom_deg is within 5 deg.
[PRE-A YAW ALIGN] motion_yaw0=-176.206 deg | robot_yaw_odom=-174.300 deg | yaw_err_odom=   1.906 deg | odom_pos=[-0.06   0.058  0.843]
  -> heading OK: yaw_err_odom_deg is within 5 deg.
[PRE-A YAW ALIGN] motion_yaw0=-176.206 deg | robot_yaw_odom=-174.418 deg | yaw_err_odom=   1.788 deg | odom_pos=[-0.055  0.056  0.847]
  -> heading OK: yaw_err_odom_deg is within 5 deg.
[PRE-A YAW ALIGN] motion_yaw0=-176.206 deg | robot_yaw_odom=-174.669 deg | yaw_err_odom=   1.537 deg | odom_pos=[-0.046  0.056  0.843]
  -> heading OK: yaw_err_odom_deg is within 5 deg.
[PRE-A YAW ALIGN] motion_yaw0=-176.206 deg | robot_yaw_odom=-174.457 deg | yaw_err_odom=   1.749 deg | odom_pos=[-0.054  0.061  0.839]
  -> heading OK: yaw_err_odom_deg is within 5 deg.
[PRE-A YAW ALIGN] motion_yaw0=-176.206 deg | robot_yaw_odom=-174.450 deg | yaw_err_odom=   1.756 deg | odom_pos=[-0.054  0.053  0.842]
  -> heading OK: yaw_err_odom_deg is within 5 deg.
[PRE-A YAW ALIGN] motion_yaw0=-176.206 deg | robot_yaw_odom=-174.290 deg | yaw_err_odom=   1.916 deg | odom_pos=[-0.061  0.055  0.842]
  -> heading OK: yaw_err_odom_deg is within 5 deg.
[PRE-A YAW ALIGN] motion_yaw0=-176.206 deg | robot_yaw_odom=-174.354 deg | yaw_err_odom=   1.852 deg | odom_pos=[-0.058  0.049  0.84 ]
  -> heading OK: yaw_err_odom_deg is within 5 deg.
[PRE-A YAW ALIGN] motion_yaw0=-176.206 deg | robot_yaw_odom=-174.493 deg | yaw_err_odom=   1.713 deg | odom_pos=[-0.042  0.054  0.846]
  -> heading OK: yaw_err_odom_deg is within 5 deg.
[PRE-A YAW ALIGN] motion_yaw0=-176.206 deg | robot_yaw_odom=-174.521 deg | yaw_err_odom=   1.685 deg | odom_pos=[-0.059  0.055  0.842]
  -> heading OK: yaw_err_odom_deg is within 5 deg.
[PRE-A YAW ALIGN] motion_yaw0=-176.206 deg | robot_yaw_odom=-174.250 deg | yaw_err_odom=   1.956 deg | odom_pos=[-0.062  0.049  0.844]
  -> heading OK: yaw_err_odom_deg is within 5 deg.
[PRE-A YAW ALIGN] motion_yaw0=-176.206 deg | robot_yaw_odom=-174.366 deg | yaw_err_odom=   1.840 deg | odom_pos=[-0.057  0.058  0.842]
  -> heading OK: yaw_err_odom_deg is within 5 deg.
[PRE-A YAW ALIGN] motion_yaw0=-176.206 deg | robot_yaw_odom=-174.687 deg | yaw_err_odom=   1.519 deg | odom_pos=[-0.053  0.063  0.842]
  -> heading OK: yaw_err_odom_deg is within 5 deg.
[PRE-A YAW ALIGN] motion_yaw0=-176.206 deg | robot_yaw_odom=-174.200 deg | yaw_err_odom=   2.006 deg | odom_pos=[-0.05   0.054  0.843]
  -> heading OK: yaw_err_odom_deg is within 5 deg.
[PRE-A YAW ALIGN] motion_yaw0=-176.206 deg | robot_yaw_odom=-174.345 deg | yaw_err_odom=   1.861 deg | odom_pos=[-0.054  0.062  0.839]
  -> heading OK: yaw_err_odom_deg is within 5 deg.
[PRE-A YAW ALIGN] motion_yaw0=-176.206 deg | robot_yaw_odom=-173.898 deg | yaw_err_odom=   2.308 deg | odom_pos=[-0.06   0.053  0.843]
  -> heading OK: yaw_err_odom_deg is within 5 deg.
[PRE-A YAW ALIGN] motion_yaw0=-176.206 deg | robot_yaw_odom=-174.399 deg | yaw_err_odom=   1.807 deg | odom_pos=[-0.06   0.057  0.842]
  -> heading OK: yaw_err_odom_deg is within 5 deg.
[PRE-A YAW ALIGN] motion_yaw0=-176.206 deg | robot_yaw_odom=-174.202 deg | yaw_err_odom=   2.004 deg | odom_pos=[-0.064  0.049  0.846]
  -> heading OK: yaw_err_odom_deg is within 5 deg.
[PRE-A YAW ALIGN] motion_yaw0=-176.206 deg | robot_yaw_odom=-174.566 deg | yaw_err_odom=   1.640 deg | odom_pos=[-0.06   0.057  0.838]
  -> heading OK: yaw_err_odom_deg is within 5 deg.
[PRE-A YAW ALIGN] motion_yaw0=-176.206 deg | robot_yaw_odom=-174.474 deg | yaw_err_odom=   1.732 deg | odom_pos=[-0.06   0.053  0.843]
  -> heading OK: yaw_err_odom_deg is within 5 deg.
[PRE-A YAW ALIGN] motion_yaw0=-176.206 deg | robot_yaw_odom=-174.382 deg | yaw_err_odom=   1.824 deg | odom_pos=[-0.06   0.055  0.843]
  -> heading OK: yaw_err_odom_deg is within 5 deg.
[PRE-A YAW ALIGN] motion_yaw0=-176.206 deg | robot_yaw_odom=-174.405 deg | yaw_err_odom=   1.801 deg | odom_pos=[-0.065  0.048  0.846]
  -> heading OK: yaw_err_odom_deg is within 5 deg.
[PRE-A YAW ALIGN] motion_yaw0=-176.206 deg | robot_yaw_odom=-174.314 deg | yaw_err_odom=   1.892 deg | odom_pos=[-0.066  0.048  0.845]
  -> heading OK: yaw_err_odom_deg is within 5 deg.
[PRE-A YAW ALIGN] motion_yaw0=-176.206 deg | robot_yaw_odom=-174.290 deg | yaw_err_odom=   1.916 deg | odom_pos=[-0.066  0.052  0.847]
  -> heading OK: yaw_err_odom_deg is within 5 deg.
[PRE-A YAW ALIGN] motion_yaw0=-176.206 deg | robot_yaw_odom=-174.390 deg | yaw_err_odom=   1.816 deg | odom_pos=[-0.055  0.056  0.845]
  -> heading OK: yaw_err_odom_deg is within 5 deg.
[PRE-A YAW ALIGN] motion_yaw0=-176.206 deg | robot_yaw_odom=-174.491 deg | yaw_err_odom=   1.715 deg | odom_pos=[-0.059  0.055  0.842]
  -> heading OK: yaw_err_odom_deg is within 5 deg.
[PRE-A YAW ALIGN] motion_yaw0=-176.206 deg | robot_yaw_odom=-174.176 deg | yaw_err_odom=   2.030 deg | odom_pos=[-0.062  0.046  0.844]
  -> heading OK: yaw_err_odom_deg is within 5 deg.
[PRE-A YAW ALIGN] motion_yaw0=-176.206 deg | robot_yaw_odom=-174.491 deg | yaw_err_odom=   1.715 deg | odom_pos=[-0.063  0.05   0.846]
  -> heading OK: yaw_err_odom_deg is within 5 deg.
[PRE-A YAW ALIGN] motion_yaw0=-176.206 deg | robot_yaw_odom=-174.340 deg | yaw_err_odom=   1.866 deg | odom_pos=[-0.046  0.057  0.843]
  -> heading OK: yaw_err_odom_deg is within 5 deg.
[PRE-A YAW ALIGN] motion_yaw0=-176.206 deg | robot_yaw_odom=-174.476 deg | yaw_err_odom=   1.730 deg | odom_pos=[-0.056  0.046  0.842]
  -> heading OK: yaw_err_odom_deg is within 5 deg.
[PRE-A YAW ALIGN] motion_yaw0=-176.206 deg | robot_yaw_odom=-174.542 deg | yaw_err_odom=   1.664 deg | odom_pos=[-0.062  0.048  0.84 ]
  -> heading OK: yaw_err_odom_deg is within 5 deg.
[PRE-A YAW ALIGN] motion_yaw0=-176.206 deg | robot_yaw_odom=-174.499 deg | yaw_err_odom=   1.707 deg | odom_pos=[-0.06   0.044  0.847]
  -> heading OK: yaw_err_odom_deg is within 5 deg.
[PRE-A YAW ALIGN] motion_yaw0=-176.206 deg | robot_yaw_odom=-174.466 deg | yaw_err_odom=   1.740 deg | odom_pos=[-0.061  0.05   0.847]
  -> heading OK: yaw_err_odom_deg is within 5 deg.
[PRE-A YAW ALIGN] motion_yaw0=-176.206 deg | robot_yaw_odom=-174.726 deg | yaw_err_odom=   1.480 deg | odom_pos=[-0.052  0.05   0.846]
  -> heading OK: yaw_err_odom_deg is within 5 deg.
[PRE-A YAW ALIGN] motion_yaw0=-176.206 deg | robot_yaw_odom=-174.811 deg | yaw_err_odom=   1.395 deg | odom_pos=[-0.043  0.052  0.842]
  -> heading OK: yaw_err_odom_deg is within 5 deg.
[PRE-A YAW ALIGN] motion_yaw0=-176.206 deg | robot_yaw_odom=-174.656 deg | yaw_err_odom=   1.550 deg | odom_pos=[-0.048  0.061  0.845]
  -> heading OK: yaw_err_odom_deg is within 5 deg.
[Anchor Offset Setup]
  robot_pos_w             = [-0.05225188  0.06046058  0.84505796]
  motionpos[0]            = [-0.05826744 -0.01844345  0.76406586]
  offset_for_anchor_only  = [0.00601557 0.07890403 0.        ]
  motionpos_for_anchor[0] = [-0.05225188  0.06046058  0.76406586]
  motioninput_pos[0,:3]   = [-0.53361243 -0.4928303   0.01465728]

==========================================================================================
[REAL/REF DEBUG] step=0, counter=1, full_print=True
[add6 / anchor / velocity]
  real_anchor_pos_w        = [-0.0523,  0.0605,  0.8451]
  ref_anchor_pos_w(offset) = [-0.0523,  0.0605,  0.7641]
  obs_motion_anchor_pos_b  = [ 0.0128, -0.003 , -0.0799] |norm|=0.0810
  obs_base_lin_vel_b       = [ 0.0246, -0.0106,  0.0105] |norm|=0.0288
  obs_base_ang_vel_b       = [-0.0011, -0.0032, -0.0011] |norm|=0.0035
[motion command]
  reference_q_head         = [-0.5336, -0.4928,  0.0147,  0.1286, -0.1795,  0.0044]
  reference_dq_head        = [ 0.4288,  0.202 , -0.057 , -0.3527,  0.4197,  0.0328]
  anchor_offset            = [0.006 , 0.0789, 0.    ]
[q / dq summary]
  real_q_seq:  min=-0.4024, max= 0.6750, mean= 0.0527, std= 0.2776
  real_dq_seq: min=-0.0429, max= 0.0251, mean=-0.0027, std= 0.0113
  ref_q_seq:   min=-0.5712, max= 0.8087, mean= 0.0030, std= 0.4280
  q_err:       norm= 1.6608, mean_abs= 0.2087, max_abs= 0.7513
  q_err_top8:
    01. right_shoulder_yaw_joint     real= 0.0024, ref= 0.7537, err=-0.7513, target= 0.2777
    02. right_shoulder_pitch_joint   real= 0.1988, ref=-0.5098, err= 0.7086, target=-0.0473
    03. left_shoulder_pitch_joint    real= 0.1971, ref=-0.3773, err= 0.5744, target=-0.1097
    04. left_wrist_roll_joint        real= 0.0002, ref=-0.5712, err= 0.5715, target=-0.1898
    05. left_shoulder_yaw_joint      real=-0.0027, ref=-0.5455, err= 0.5428, target=-0.3244
    06. right_wrist_roll_joint       real= 0.0001, ref= 0.5202, err=-0.5201, target= 0.1589
    07. right_shoulder_roll_joint    real=-0.1937, ref=-0.5084, err= 0.3146, target=-0.5303
    08. left_shoulder_roll_joint     real= 0.1933, ref= 0.5009, err=-0.3075, target= 0.4455
[action] norm=3.1139, min=-1.3170, max= 0.8260
[target_q_seq] min=-0.9825, max= 0.6968, mean=-0.0063
[full arrays, policy joint_seq order]
  real_q_seq = [-0.3286, -0.3053, -0.0003,  0.0026, -0.0031, -0.0004,  0.0008,  0.0059,  0.0092,  0.6701,  0.675 ,  0.1971,  0.1988, -0.4018, -0.4024,  0.1933, -0.1937, -0.0059,  0.0042, -0.0027,  0.0024,  0.6067,
  0.6038,  0.0002,  0.0001,  0.0009,  0.0003, -0.0004,  0.001 ]
  ref_q_seq  = [-0.5336, -0.4928,  0.0147,  0.1286, -0.1795,  0.0044, -0.0189, -0.053 , -0.1973,  0.6655,  0.6923, -0.3773, -0.5098, -0.3098, -0.274 ,  0.5009, -0.5084, -0.011 , -0.1316, -0.5455,  0.7537,  0.7454,
  0.8087, -0.5712,  0.5202, -0.0198, -0.0139,  0.    ,  0.    ]
  q_err_seq  = [ 0.205 ,  0.1875, -0.0149, -0.126 ,  0.1764, -0.0047,  0.0197,  0.0589,  0.2065,  0.0047, -0.0173,  0.5744,  0.7086, -0.092 , -0.1283, -0.3075,  0.3146,  0.005 ,  0.1358,  0.5428, -0.7513, -0.1388,
 -0.2049,  0.5715, -0.5201,  0.0207,  0.0142, -0.0004,  0.001 ]
  real_dq_seq= [-0.0429, -0.0017,  0.    ,  0.0251,  0.0065, -0.0048, -0.0069, -0.012 ,  0.0006, -0.0033, -0.0153,  0.0061,  0.0061, -0.0031,  0.0001,  0.0015, -0.0138, -0.0094, -0.0093,  0.    ,  0.0077, -0.0092,
  0.0092, -0.0077,  0.0031,  0.0039, -0.0137,  0.002 ,  0.002 ]
  ref_dq_seq = [ 0.4288,  0.202 , -0.057 , -0.3527,  0.4197,  0.0328,  0.1525, -0.1351, -0.2347, -0.4436, -0.4905,  0.5138,  0.4898,  0.1995,  0.18  , -0.0478, -0.0024,  0.0024, -0.0002, -0.1458,  0.1561,  0.2199,
  0.1169,  0.0003, -0.0066,  0.0148,  0.0061, -0.    , -0.    ]
  dq_err_seq = [-0.4717, -0.2038,  0.057 ,  0.3778, -0.4132, -0.0376, -0.1593,  0.1231,  0.2353,  0.4404,  0.4753, -0.5077, -0.4837, -0.2026, -0.1799,  0.0494, -0.0114, -0.0118, -0.0092,  0.1458, -0.1484, -0.2291,
 -0.1077, -0.0079,  0.0096, -0.0108, -0.0198,  0.002 ,  0.002 ]
==========================================================================================


==========================================================================================
[REAL/REF DEBUG] step=1, counter=2, full_print=True
[add6 / anchor / velocity]
  real_anchor_pos_w        = [-0.0563,  0.0605,  0.845 ]
  ref_anchor_pos_w(offset) = [-0.0542,  0.0536,  0.765 ]
  obs_motion_anchor_pos_b  = [ 0.0109,  0.0038, -0.0795] |norm|=0.0803
  obs_base_lin_vel_b       = [ 0.0623, -0.0127,  0.0115] |norm|=0.0646
  obs_base_ang_vel_b       = [0.2056, 1.3454, 0.7627] |norm|=1.5602
[motion command]
  reference_q_head         = [-0.525 , -0.4888,  0.0135,  0.1216, -0.1711,  0.005 ]
  reference_dq_head        = [ 0.5724,  0.3256, -0.0811, -0.4126,  0.5434,  0.0298]
  anchor_offset            = [0.006 , 0.0789, 0.    ]
[q / dq summary]
  real_q_seq:  min=-0.4198, max= 0.6761, mean= 0.0481, std= 0.2840
  real_dq_seq: min=-3.7046, max= 2.4498, mean=-0.3413, std= 1.4574
  ref_q_seq:   min=-0.5712, max= 0.8110, mean= 0.0038, std= 0.4262
  q_err:       norm= 1.5880, mean_abs= 0.2000, max_abs= 0.7218
  q_err_top8:
    01. right_shoulder_yaw_joint     real= 0.0350, ref= 0.7568, err=-0.7218, target= 0.2610
    02. right_shoulder_pitch_joint   real= 0.1970, ref=-0.5000, err= 0.6969, target=-0.1298
    03. left_shoulder_pitch_joint    real= 0.1782, ref=-0.3670, err= 0.5453, target=-0.1383
    04. left_wrist_roll_joint        real=-0.0291, ref=-0.5712, err= 0.5421, target=-0.2522
    05. left_shoulder_yaw_joint      real=-0.0450, ref=-0.5484, err= 0.5034, target=-0.4386
    06. right_wrist_roll_joint       real= 0.0233, ref= 0.5200, err=-0.4967, target= 0.2322
    07. right_shoulder_roll_joint    real=-0.2057, ref=-0.5084, err= 0.3027, target=-0.6026
    08. left_shoulder_roll_joint     real= 0.2019, ref= 0.4999, err=-0.2979, target= 0.4351
[action] norm=3.7932, min=-1.4772, max= 0.8255
[target_q_seq] min=-1.1071, max= 0.7198, mean=-0.0235
[full arrays, policy joint_seq order]
  real_q_seq = [-0.3678, -0.3005,  0.0233,  0.0135, -0.0324, -0.0319, -0.0012,  0.0021,  0.0001,  0.676 ,  0.6761,  0.1782,  0.197 , -0.4073, -0.4198,  0.2019, -0.2057, -0.0242, -0.0051, -0.045 ,  0.035 ,  0.6271,
  0.6073, -0.0291,  0.0233,  0.0011, -0.002 ,  0.0002,  0.0043]
  ref_q_seq  = [-0.525 , -0.4888,  0.0135,  0.1216, -0.1711,  0.005 , -0.0159, -0.0557, -0.202 ,  0.6566,  0.6824, -0.367 , -0.5   , -0.3058, -0.2704,  0.4999, -0.5084, -0.0109, -0.1316, -0.5484,  0.7568,  0.7498,
  0.811 , -0.5712,  0.52  , -0.0195, -0.0138,  0.    ,  0.    ]
  q_err_seq  = [ 0.1573,  0.1883,  0.0098, -0.1081,  0.1387, -0.037 ,  0.0147,  0.0577,  0.2021,  0.0194, -0.0064,  0.5453,  0.6969, -0.1015, -0.1493, -0.2979,  0.3027, -0.0133,  0.1265,  0.5034, -0.7218, -0.1227,
 -0.2037,  0.5421, -0.4967,  0.0206,  0.0118,  0.0002,  0.0043]
  real_dq_seq= [-1.8804, -0.5742,  0.2108, -0.1571, -2.3377, -0.1892, -0.2588, -1.0114, -1.3311,  1.3297, -0.2487, -1.6521,  0.9894,  0.0502, -1.4728,  1.1367, -1.2257, -1.426 , -0.577 , -3.7046,  2.4375,  2.0601,
  0.4694, -3.0956,  2.4498,  0.    , -0.1983,  0.0972,  0.2111]
  ref_dq_seq = [ 0.5724,  0.3256, -0.0811, -0.4126,  0.5434,  0.0298,  0.187 , -0.1662, -0.318 , -0.6849, -0.7117,  0.7729,  0.7349,  0.2697,  0.2589, -0.0705,  0.0108,  0.0036, -0.0002, -0.2176,  0.2388,  0.3355,
  0.173 ,  0.0002, -0.0101,  0.0241,  0.0101, -0.    , -0.    ]
  dq_err_seq = [-2.4528, -0.8999,  0.292 ,  0.2555, -2.881 , -0.219 , -0.4458, -0.8451, -1.013 ,  2.0146,  0.463 , -2.425 ,  0.2546, -0.2195, -1.7317,  1.2072, -1.2365, -1.4297, -0.5768, -3.487 ,  2.1987,  1.7246,
  0.2964, -3.0958,  2.4599, -0.0241, -0.2084,  0.0972,  0.2111]
==========================================================================================


==========================================================================================
[REAL/REF DEBUG] step=2, counter=3, full_print=True
[add6 / anchor / velocity]
  real_anchor_pos_w        = [-0.0563,  0.0605,  0.845 ]
  ref_anchor_pos_w(offset) = [-0.0563,  0.0458,  0.7671]
  obs_motion_anchor_pos_b  = [ 0.0133,  0.0115, -0.0773] |norm|=0.0793
  obs_base_lin_vel_b       = [ 0.0623, -0.0127,  0.0115] |norm|=0.0646
  obs_base_ang_vel_b       = [0.6179, 1.4349, 0.3441] |norm|=1.5997
[motion command]
  reference_q_head         = [-0.5107, -0.4798,  0.0114,  0.1121, -0.1578,  0.0055]
  reference_dq_head        = [ 0.8237,  0.5621, -0.1231, -0.5219,  0.7896,  0.0113]
  anchor_offset            = [0.006 , 0.0789, 0.    ]
[q / dq summary]
  real_q_seq:  min=-0.4521, max= 0.6945, mean= 0.0417, std= 0.2988
  real_dq_seq: min=-5.4824, max= 3.4622, mean=-0.3253, std= 2.1225
  ref_q_seq:   min=-0.5712, max= 0.8156, mean= 0.0055, std= 0.4228
  q_err:       norm= 1.4479, mean_abs= 0.1840, max_abs= 0.7071
  q_err_top8:
    01. right_shoulder_pitch_joint   real= 0.2267, ref=-0.4804, err= 0.7071, target=-0.0997
    02. right_shoulder_yaw_joint     real= 0.1006, ref= 0.7632, err=-0.6626, target= 0.2710
    03. left_wrist_roll_joint        real=-0.0924, ref=-0.5712, err= 0.4788, target=-0.2704
    04. left_shoulder_pitch_joint    real= 0.1256, ref=-0.3464, err= 0.4720, target=-0.1004
    05. right_wrist_roll_joint       real= 0.0802, ref= 0.5198, err=-0.4396, target= 0.2763
    06. left_shoulder_yaw_joint      real=-0.1477, ref=-0.5542, err= 0.4065, target=-0.4931
    07. right_shoulder_roll_joint    real=-0.2386, ref=-0.5079, err= 0.2694, target=-0.5966
    08. left_shoulder_roll_joint     real= 0.2467, ref= 0.4980, err=-0.2514, target= 0.4287
[action] norm=3.8270, min=-1.4212, max= 0.7942
[target_q_seq] min=-1.0129, max= 0.7346, mean=-0.0240
[full arrays, policy joint_seq order]
  real_q_seq = [-0.4103, -0.3207,  0.0616,  0.0151, -0.0725, -0.06  ,  0.0232, -0.0483, -0.0356,  0.6945,  0.6722,  0.1256,  0.2267, -0.3962, -0.4521,  0.2467, -0.2386, -0.0588,  0.0105, -0.1477,  0.1006,  0.6664,
  0.6138, -0.0924,  0.0802,  0.0037, -0.0034,  0.0002,  0.0037]
  ref_q_seq  = [-0.5107, -0.4798,  0.0114,  0.1121, -0.1578,  0.0055, -0.0114, -0.0596, -0.21  ,  0.6381,  0.6638, -0.3464, -0.4804, -0.299 , -0.2637,  0.498 , -0.5079, -0.0108, -0.1316, -0.5542,  0.7632,  0.7589,
  0.8156, -0.5712,  0.5198, -0.0188, -0.0135,  0.    ,  0.    ]
  q_err_seq  = [ 0.1004,  0.1591,  0.0502, -0.097 ,  0.0852, -0.0655,  0.0346,  0.0113,  0.1745,  0.0565,  0.0084,  0.472 ,  0.7071, -0.0972, -0.1884, -0.2514,  0.2694, -0.048 ,  0.1421,  0.4065, -0.6626, -0.0925,
 -0.2018,  0.4788, -0.4396,  0.0226,  0.0101,  0.0002,  0.0037]
  real_dq_seq= [-2.609 , -1.6559,  2.2507,  0.4647, -1.922 , -1.352 ,  1.6525, -2.4427, -1.8063,  1.2326,  0.2629, -3.2904,  1.491 ,  0.3044, -1.8831,  2.1844, -2.3178, -2.2956,  0.8181, -5.4824,  3.4622,  2.4467,
  0.6121, -3.0572,  3.0342,  0.2179,  0.    ,  0.0471,  0.1993]
  ref_dq_seq = [ 0.8237,  0.5621, -0.1231, -0.5219,  0.7896,  0.0113,  0.2514, -0.2285, -0.4403, -1.1402, -1.138 ,  1.3103,  1.2434,  0.4256,  0.4048, -0.1134,  0.0482,  0.0059, -0.0004, -0.3639,  0.413 ,  0.5804,
  0.2908,  0.0001, -0.0175,  0.0476,  0.0218, -0.    , -0.    ]
  dq_err_seq = [-3.4327, -2.218 ,  2.3738,  0.9866, -2.7117, -1.3632,  1.401 , -2.2142, -1.366 ,  2.3729,  1.4009, -4.6007,  0.2476, -0.1212, -2.2879,  2.2977, -2.366 , -2.3015,  0.8185, -5.1186,  3.0492,  1.8663,
  0.3213, -3.0573,  3.0517,  0.1704, -0.0218,  0.0471,  0.1993]
==========================================================================================


==========================================================================================
[REAL/REF DEBUG] step=3, counter=4, full_print=True
[add6 / anchor / velocity]
  real_anchor_pos_w        = [-0.0557,  0.0636,  0.8455]
  ref_anchor_pos_w(offset) = [-0.0583,  0.0362,  0.7719]
  obs_motion_anchor_pos_b  = [ 0.0167,  0.0245, -0.0728] |norm|=0.0786
  obs_base_lin_vel_b       = [ 0.0108, -0.0494,  0.01  ] |norm|=0.0516
  obs_base_ang_vel_b       = [-0.2184,  0.9609,  1.4402] |norm|=1.7451
[motion command]
  reference_q_head         = [-0.4921, -0.4663,  0.0086,  0.1007, -0.1395,  0.0055]
  reference_dq_head        = [ 1.0087,  0.7449, -0.159 , -0.6502,  1.0609, -0.0266]
  anchor_offset            = [0.006 , 0.0789, 0.    ]
[q / dq summary]
  real_q_seq:  min=-0.4613, max= 0.7204, mean= 0.0376, std= 0.3193
  real_dq_seq: min=-5.1189, max= 3.8089, mean=-0.1731, std= 1.8483
  ref_q_seq:   min=-0.5712, max= 0.8227, mean= 0.0082, std= 0.4183
  q_err:       norm= 1.3085, mean_abs= 0.1695, max_abs= 0.6951
  q_err_top8:
    01. right_shoulder_pitch_joint   real= 0.2449, ref=-0.4503, err= 0.6951, target=-0.0211
    02. right_shoulder_yaw_joint     real= 0.1776, ref= 0.7733, err=-0.5957, target= 0.3496
    03. left_wrist_roll_joint        real=-0.1404, ref=-0.5712, err= 0.4308, target=-0.2679
    04. right_wrist_roll_joint       real= 0.1363, ref= 0.5193, err=-0.3831, target= 0.2554
    05. left_shoulder_pitch_joint    real= 0.0630, ref=-0.3146, err= 0.3776, target=-0.0633
    06. left_shoulder_yaw_joint      real=-0.2562, ref=-0.5630, err= 0.3068, target=-0.5307
    07. right_shoulder_roll_joint    real=-0.2787, ref=-0.5065, err= 0.2277, target=-0.5948
    08. left_shoulder_roll_joint     real= 0.2711, ref= 0.4954, err=-0.2242, target= 0.4931
[action] norm=3.9163, min=-1.6191, max= 0.7972
[target_q_seq] min=-0.8362, max= 0.8303, mean=-0.0230
[full arrays, policy joint_seq order]
  real_q_seq = [-0.4555, -0.3466,  0.0923,  0.0265, -0.1063, -0.0755,  0.0558, -0.0978, -0.0644,  0.7204,  0.6883,  0.063 ,  0.2449, -0.3925, -0.4613,  0.2711, -0.2787, -0.0888,  0.0187, -0.2562,  0.1776,  0.7136,
  0.6314, -0.1404,  0.1363,  0.0099, -0.0036,  0.    ,  0.0095]
  ref_q_seq  = [-0.4921, -0.4663,  0.0086,  0.1007, -0.1395,  0.0055, -0.0058, -0.0648, -0.2196,  0.611 ,  0.6369, -0.3146, -0.4503, -0.2888, -0.2542,  0.4954, -0.5065, -0.0107, -0.1316, -0.563 ,  0.7733,  0.7731,
  0.8227, -0.5712,  0.5193, -0.0176, -0.0129,  0.    ,  0.    ]
  q_err_seq  = [ 0.0366,  0.1197,  0.0837, -0.0742,  0.0332, -0.0809,  0.0616, -0.033 ,  0.1553,  0.1094,  0.0514,  0.3776,  0.6951, -0.1037, -0.2071, -0.2242,  0.2277, -0.0781,  0.1503,  0.3068, -0.5957, -0.0594,
 -0.1913,  0.4308, -0.3831,  0.0275,  0.0093,  0.    ,  0.0095]
  real_dq_seq= [-1.925 , -0.7405,  1.4485,  0.4723, -1.4519, -0.718 ,  1.5719, -3.2946, -1.1033,  1.2195,  0.6087, -3.1401,  0.6075,  0.2319, -0.1923,  1.0462, -2.0126, -0.825 ,  0.3277, -5.1189,  3.8089,  1.9021,
  0.856 , -2.2043,  2.801 ,  0.4545,  0.002 ,  0.002 ,  0.3456]
  ref_dq_seq = [ 1.0087,  0.7449, -0.159 , -0.6502,  1.0609, -0.0266,  0.3189, -0.3024, -0.4491, -1.5312, -1.5362,  1.8929,  1.8013,  0.597 ,  0.5257, -0.1556,  0.1024,  0.0075, -0.0006, -0.5194,  0.6067,  0.8555,
  0.4274,  0.0003, -0.0255,  0.0834,  0.0436, -0.    , -0.    ]
  dq_err_seq = [-2.9337, -1.4854,  1.6074,  1.1226, -2.5128, -0.6913,  1.253 , -2.9923, -0.6541,  2.7508,  2.1449, -5.0329, -1.1938, -0.3651, -0.7181,  1.2018, -2.115 , -0.8325,  0.3283, -4.5995,  3.2022,  1.0466,
  0.4285, -2.2046,  2.8266,  0.3712, -0.0416,  0.002 ,  0.3456]
==========================================================================================


==========================================================================================
[REAL/REF DEBUG] step=4, counter=5, full_print=True
[add6 / anchor / velocity]
  real_anchor_pos_w        = [-0.0557,  0.0636,  0.8455]
  ref_anchor_pos_w(offset) = [-0.0605,  0.0258,  0.78  ]
  obs_motion_anchor_pos_b  = [ 0.0185,  0.035 , -0.0646] |norm|=0.0757
  obs_base_lin_vel_b       = [ 0.0108, -0.0494,  0.01  ] |norm|=0.0516
  obs_base_ang_vel_b       = [-0.3377,  0.7382,  2.4288] |norm|=2.5609
[motion command]
  reference_q_head         = [-0.4704, -0.45  ,  0.0051,  0.0861, -0.1153,  0.0045]
  reference_dq_head        = [ 1.1188,  0.8234, -0.1903, -0.8956,  1.4314, -0.0814]
  anchor_offset            = [0.006 , 0.0789, 0.    ]
[q / dq summary]
  real_q_seq:  min=-0.4974, max= 0.7481, mean= 0.0322, std= 0.3377
  real_dq_seq: min=-3.9837, max= 3.2827, mean=-0.3039, std= 1.4992
  ref_q_seq:   min=-0.5750, max= 0.8327, mean= 0.0120, std= 0.4131
  q_err:       norm= 1.2003, mean_abs= 0.1602, max_abs= 0.6597
  q_err_top8:
    01. right_shoulder_pitch_joint   real= 0.2514, ref=-0.4083, err= 0.6597, target= 0.0569
    02. right_shoulder_yaw_joint     real= 0.2465, ref= 0.7875, err=-0.5410, target= 0.4655
    03. left_wrist_roll_joint        real=-0.1752, ref=-0.5712, err= 0.3960, target=-0.2538
    04. right_wrist_roll_joint       real= 0.1802, ref= 0.5187, err=-0.3386, target= 0.2212
    05. left_shoulder_pitch_joint    real=-0.0019, ref=-0.2707, err= 0.2688, target=-0.0329
    06. right_ankle_pitch_joint      real=-0.4827, ref=-0.2427, err=-0.2400, target=-0.5208
    07. left_shoulder_yaw_joint      real=-0.3456, ref=-0.5750, err= 0.2293, target=-0.5513
    08. left_shoulder_roll_joint     real= 0.2851, ref= 0.4918, err=-0.2067, target= 0.5721
[action] norm=4.1668, min=-1.8985, max= 1.0615
[target_q_seq] min=-0.6884, max= 0.9576, mean=-0.0167
[full arrays, policy joint_seq order]
  real_q_seq = [-0.4974, -0.3552,  0.1052,  0.0358, -0.1331, -0.0957,  0.0853, -0.1475, -0.0862,  0.7425,  0.6938, -0.0019,  0.2514, -0.3836, -0.4827,  0.2851, -0.3139, -0.1029,  0.013 , -0.3456,  0.2465,  0.7481,
  0.6471, -0.1752,  0.1802,  0.0153, -0.0043, -0.0006,  0.0105]
  ref_q_seq  = [-0.4704, -0.45  ,  0.0051,  0.0861, -0.1153,  0.0045,  0.0013, -0.0717, -0.228 ,  0.5768,  0.6023, -0.2707, -0.4083, -0.2751, -0.2427,  0.4918, -0.5038, -0.0105, -0.1316, -0.575 ,  0.7875,  0.7931,
  0.8327, -0.5712,  0.5187, -0.0155, -0.0118,  0.    ,  0.    ]
  q_err_seq  = [-0.0271,  0.0948,  0.1001, -0.0503, -0.0178, -0.1002,  0.0839, -0.0758,  0.1418,  0.1657,  0.0915,  0.2688,  0.6597, -0.1085, -0.24  , -0.2067,  0.1899, -0.0924,  0.1447,  0.2293, -0.541 , -0.045 ,
 -0.1856,  0.396 , -0.3386,  0.0308,  0.0074, -0.0006,  0.0105]
  real_dq_seq= [-1.9884, -0.1628,  0.3068,  0.5061, -1.0472, -1.0469,  1.6576, -2.7975, -0.9661,  0.8268,  0.4352, -2.8854,  0.0245,  0.4489, -1.2097,  0.4617, -1.8592, -0.8253, -0.3867, -3.9837,  3.2827,  1.3729,
  0.8406, -1.534 ,  1.6935,  0.0717, -0.0265, -0.0265,  0.0029]
  ref_dq_seq = [ 1.1188,  0.8234, -0.1903, -0.8956,  1.4314, -0.0814,  0.4203, -0.4181, -0.2827, -1.8536, -1.9183,  2.551 ,  2.4389,  0.7668,  0.6236, -0.2031,  0.162 ,  0.0083, -0.0007, -0.693 ,  0.8255,  1.1723,
  0.5996,  0.0013, -0.0347,  0.138 ,  0.0818, -0.    , -0.    ]
  dq_err_seq = [-3.1072, -0.9863,  0.4971,  1.4018, -2.4786, -0.9655,  1.2373, -2.3794, -0.6834,  2.6805,  2.3536, -5.4365, -2.4144, -0.3179, -1.8333,  0.6648, -2.0212, -0.8336, -0.386 , -3.2907,  2.4572,  0.2006,
  0.2411, -1.5352,  1.7282, -0.0664, -0.1083, -0.0265,  0.0029]
==========================================================================================


==========================================================================================
[REAL/REF DEBUG] step=5, counter=6, full_print=True
[add6 / anchor / velocity]
  real_anchor_pos_w        = [-0.0674,  0.0619,  0.8382]
  ref_anchor_pos_w(offset) = [-0.0626,  0.0159,  0.7925]
  obs_motion_anchor_pos_b  = [ 0.0108,  0.0444, -0.0462] |norm|=0.0650
  obs_base_lin_vel_b       = [ 0.1797, -0.0252, -0.0716] |norm|=0.1951
  obs_base_ang_vel_b       = [-0.2184,  0.6882,  2.6738] |norm|=2.7696
[motion command]
  reference_q_head         = [-0.4473, -0.4334,  0.001 ,  0.0649, -0.0823,  0.0022]
  reference_dq_head        = [ 1.0591,  0.7958, -0.2118, -1.3996,  2.102 , -0.1396]
  anchor_offset            = [0.006 , 0.0789, 0.    ]
[q / dq summary]
  real_q_seq:  min=-0.5245, max= 0.7809, mean= 0.0277, std= 0.3535
  real_dq_seq: min=-3.3487, max= 3.4515, mean=-0.2386, std= 1.3479
  ref_q_seq:   min=-0.5907, max= 0.8466, mean= 0.0173, std= 0.4081
  q_err:       norm= 1.1294, mean_abs= 0.1573, max_abs= 0.6018
  q_err_top8:
    01. right_shoulder_pitch_joint   real= 0.2491, ref=-0.3527, err= 0.6018, target= 0.0447
    02. right_shoulder_yaw_joint     real= 0.3109, ref= 0.8063, err=-0.4954, target= 0.5720
    03. left_wrist_roll_joint        real=-0.1946, ref=-0.5712, err= 0.3766, target=-0.1796
    04. right_wrist_roll_joint       real= 0.1995, ref= 0.5179, err=-0.3184, target= 0.1769
    05. right_ankle_pitch_joint      real=-0.4984, ref=-0.2293, err=-0.2691, target=-0.4881
    06. left_knee_joint              real= 0.7587, ref= 0.5368, err= 0.2218, target= 0.7598
    07. left_shoulder_roll_joint     real= 0.2942, ref= 0.4872, err=-0.1931, target= 0.6332
    08. right_elbow_joint            real= 0.6652, ref= 0.8466, err=-0.1815, target= 0.7119
[action] norm=4.3111, min=-1.8325, max= 1.3042
[target_q_seq] min=-0.7097, max= 1.0587, mean=-0.0040
[full arrays, policy joint_seq order]
  real_q_seq = [-0.5245, -0.354 ,  0.104 ,  0.0443, -0.157 , -0.1195,  0.1101, -0.1943, -0.1064,  0.7587,  0.6981, -0.0465,  0.2491, -0.3764, -0.4984,  0.2942, -0.3431, -0.1165,  0.0109, -0.4121,  0.3109,  0.7809,
  0.6652, -0.1946,  0.1995,  0.0181, -0.0057, -0.0018,  0.0091]
  ref_q_seq  = [-0.4473, -0.4334,  0.001 ,  0.0649, -0.0823,  0.0022,  0.011 , -0.0815, -0.2309,  0.5368,  0.5602, -0.2126, -0.3527, -0.2581, -0.2293,  0.4872, -0.5   , -0.0104, -0.1317, -0.5907,  0.8063,  0.8199,
  0.8466, -0.5712,  0.5179, -0.0121, -0.0096,  0.    ,  0.    ]
  q_err_seq  = [-0.0771,  0.0794,  0.1031, -0.0206, -0.0747, -0.1217,  0.0991, -0.1128,  0.1246,  0.2218,  0.1379,  0.166 ,  0.6018, -0.1183, -0.2691, -0.1931,  0.1569, -0.1061,  0.1426,  0.1786, -0.4954, -0.039 ,
 -0.1815,  0.3766, -0.3184,  0.0302,  0.0039, -0.0018,  0.0091]
  real_dq_seq= [-1.541 ,  0.3805, -0.0977,  0.4156, -1.0897, -1.4491,  1.4262, -2.3587, -1.1809,  0.7538,  0.1342, -2.3792, -0.2516,  0.3894, -0.9195,  0.3942, -1.4573, -0.7414,  0.166 , -3.3487,  3.4515,  1.7963,
  1.2809, -0.9357,  0.474 ,  0.1914, -0.164 , -0.0766, -0.1836]
  ref_dq_seq = [ 1.0591,  0.7958, -0.2118, -1.3996,  2.102 , -0.1396,  0.6273, -0.6484,  0.1663, -2.191 , -2.2738,  3.3617,  3.2246,  0.9963,  0.6943, -0.252 ,  0.2011,  0.0085, -0.0009, -0.8995,  1.0817,  1.5638,
  0.8421,  0.0032, -0.0455,  0.225 ,  0.1493, -0.    , -0.    ]
  dq_err_seq = [-2.6001, -0.4153,  0.1141,  1.8152, -3.1917, -1.3095,  0.7989, -1.7103, -1.3472,  2.9447,  2.408 , -5.7409, -3.4761, -0.6069, -1.6138,  0.6462, -1.6584, -0.7499,  0.1669, -2.4492,  2.3698,  0.2325,
  0.4387, -0.939 ,  0.5195, -0.0335, -0.3132, -0.0766, -0.1836]
==========================================================================================


==========================================================================================
[REAL/REF DEBUG] step=6, counter=7, full_print=True
[add6 / anchor / velocity]
  real_anchor_pos_w        = [-0.0674,  0.0619,  0.8382]
  ref_anchor_pos_w(offset) = [-0.0534,  0.0037,  0.8056]
  obs_motion_anchor_pos_b  = [ 0.0031,  0.0588, -0.0344] |norm|=0.0682
  obs_base_lin_vel_b       = [ 0.1797, -0.0252, -0.0716] |norm|=0.1951
  obs_base_ang_vel_b       = [-0.3377,  0.4613,  2.465 ] |norm|=2.5304
[motion command]
  reference_q_head         = [-0.428 , -0.4182, -0.0034,  0.0301, -0.0313, -0.0011]
  reference_dq_head        = [ 1.0276,  0.7996, -0.2152, -1.6757,  2.4623, -0.1617]
  anchor_offset            = [0.006 , 0.0789, 0.    ]
[q / dq summary]
  real_q_seq:  min=-0.5467, max= 0.8237, mean= 0.0241, std= 0.3687
  real_dq_seq: min=-2.2243, max= 3.6171, mean=-0.1518, std= 1.2841
  ref_q_seq:   min=-0.6110, max= 0.8664, mean= 0.0245, std= 0.4041
  q_err:       norm= 1.0871, mean_abs= 0.1561, max_abs= 0.5182
  q_err_top8:
    01. right_shoulder_pitch_joint   real= 0.2388, ref=-0.2794, err= 0.5182, target= 0.0212
    02. right_shoulder_yaw_joint     real= 0.3821, ref= 0.8308, err=-0.4487, target= 0.6333
    03. left_wrist_roll_joint        real=-0.1984, ref=-0.5711, err= 0.3727, target=-0.1065
    04. right_wrist_roll_joint       real= 0.1975, ref= 0.5169, err=-0.3195, target= 0.1500
    05. right_ankle_pitch_joint      real=-0.5112, ref=-0.2149, err=-0.2963, target=-0.3920
    06. left_knee_joint              real= 0.7635, ref= 0.4892, err= 0.2743, target= 0.7170
    07. right_knee_joint             real= 0.6988, ref= 0.5114, err= 0.1874, target= 0.4187
    08. left_shoulder_roll_joint     real= 0.3025, ref= 0.4817, err=-0.1792, target= 0.6755
[action] norm=4.4283, min=-1.7850, max= 1.4440
[target_q_seq] min=-0.8120, max= 1.0899, mean= 0.0089
[full arrays, policy joint_seq order]
  real_q_seq = [-0.5467, -0.3424,  0.0986,  0.0564, -0.1751, -0.1489,  0.1358, -0.2408, -0.1289,  0.7635,  0.6988, -0.0844,  0.2388, -0.3706, -0.5112,  0.3025, -0.3672, -0.1378,  0.012 , -0.4642,  0.3821,  0.8237,
  0.697 , -0.1984,  0.1975,  0.0189, -0.0082, -0.0053,  0.0039]
  ref_q_seq  = [-0.428 , -0.4182, -0.0034,  0.0301, -0.0313, -0.0011,  0.0264, -0.0977, -0.2214,  0.4892,  0.5114, -0.1362, -0.2794, -0.2353, -0.2149,  0.4817, -0.4958, -0.0102, -0.1317, -0.611 ,  0.8308,  0.8556,
  0.8664, -0.5711,  0.5169, -0.0065, -0.0058,  0.    ,  0.    ]
  q_err_seq  = [-0.1187,  0.0758,  0.102 ,  0.0262, -0.1438, -0.1478,  0.1093, -0.1432,  0.0924,  0.2743,  0.1874,  0.0518,  0.5182, -0.1353, -0.2963, -0.1792,  0.1286, -0.1276,  0.1436,  0.1468, -0.4487, -0.032 ,
 -0.1694,  0.3727, -0.3195,  0.0254, -0.0024, -0.0053,  0.0039]
  real_dq_seq= [-0.8897,  0.8502, -0.3325,  0.6414, -0.6076, -1.6929,  1.3353, -2.213 , -1.2654,  0.0578,  0.0316, -1.8914, -0.7685,  0.1425, -0.7259,  0.451 , -1.2057, -1.2596,  0.0555, -2.2243,  3.6171,  2.2979,
  1.827 ,  0.0997, -0.2869,  0.1875, -0.0236, -0.2494, -0.3613]
  ref_dq_seq = [ 1.0276,  0.7996, -0.2152, -1.6757,  2.4623, -0.1617,  0.7297, -0.7585,  0.4141, -2.3522, -2.45  ,  3.8295,  3.6811,  1.135 ,  0.7175, -0.3205,  0.2301,  0.0086, -0.0011, -1.0322,  1.2394,  1.7734,
  0.982 ,  0.0055, -0.0539,  0.2697,  0.1862, -0.    , -0.    ]
  dq_err_seq = [-1.9172,  0.0506, -0.1174,  2.3171, -3.0699, -1.5312,  0.6056, -1.4545, -1.6795,  2.41  ,  2.4816, -5.7209, -4.4497, -0.9925, -1.4435,  0.7715, -1.4358, -1.2681,  0.0566, -1.1921,  2.3778,  0.5245,
  0.8449,  0.0943, -0.2329, -0.0822, -0.2098, -0.2494, -0.3613]
==========================================================================================


==========================================================================================
[REAL/REF DEBUG] step=7, counter=8, full_print=True
[add6 / anchor / velocity]
  real_anchor_pos_w        = [-0.076 ,  0.0696,  0.8372]
  ref_anchor_pos_w(offset) = [-0.0454, -0.0078,  0.8176]
  obs_motion_anchor_pos_b  = [ 0.0034,  0.0838, -0.0167] |norm|=0.0855
  obs_base_lin_vel_b       = [ 0.1445, -0.1373, -0.029 ] |norm|=0.2014
  obs_base_ang_vel_b       = [-0.1928,  0.2056,  2.2786] |norm|=2.2960
[motion command]
  reference_q_head         = [-0.4062, -0.4014, -0.0076, -0.0021,  0.0162, -0.0043]
  reference_dq_head        = [ 1.162 ,  0.9243, -0.1964, -1.3983,  1.9685, -0.1421]
  anchor_offset            = [0.006 , 0.0789, 0.    ]
[q / dq summary]
  real_q_seq:  min=-0.5573, max= 0.8761, mean= 0.0237, std= 0.3825
  real_dq_seq: min=-2.1436, max= 3.8334, mean= 0.0304, std= 1.3003
  ref_q_seq:   min=-0.6320, max= 0.8909, mean= 0.0317, std= 0.4019
  q_err:       norm= 1.0818, mean_abs= 0.1612, max_abs= 0.4236
  q_err_top8:
    01. right_shoulder_pitch_joint   real= 0.2182, ref=-0.2054, err= 0.4236, target= 0.1416
    02. right_shoulder_yaw_joint     real= 0.4585, ref= 0.8559, err=-0.3974, target= 0.6826
    03. left_wrist_roll_joint        real=-0.1853, ref=-0.5710, err= 0.3857, target=-0.1329
    04. right_wrist_roll_joint       real= 0.1906, ref= 0.5158, err=-0.3252, target= 0.2051
    05. right_ankle_pitch_joint      real=-0.5229, ref=-0.2006, err=-0.3223, target=-0.3199
    06. left_knee_joint              real= 0.7609, ref= 0.4427, err= 0.3182, target= 0.6909
    07. right_knee_joint             real= 0.6966, ref= 0.4622, err= 0.2344, target= 0.4117
    08. right_hip_roll_joint         real=-0.1903, ref= 0.0162, err=-0.2066, target=-0.6561
[action] norm=4.4014, min=-1.8710, max= 1.5565
[target_q_seq] min=-0.8665, max= 1.0754, mean= 0.0213
[full arrays, policy joint_seq order]
  real_q_seq = [-0.5573, -0.3204,  0.0919,  0.0681, -0.1903, -0.1852,  0.155 , -0.2809, -0.1495,  0.7609,  0.6966, -0.1116,  0.2182, -0.3699, -0.5229,  0.3126, -0.3738, -0.1596,  0.0147, -0.4928,  0.4585,  0.8761,
  0.7404, -0.1853,  0.1906,  0.0245, -0.0084, -0.0117, -0.0021]
  ref_q_seq  = [-0.4062, -0.4014, -0.0076, -0.0021,  0.0162, -0.0043,  0.0402, -0.1119, -0.2144,  0.4427,  0.4622, -0.0594, -0.2054, -0.2127, -0.2006,  0.4744, -0.4908, -0.01  , -0.1317, -0.632 ,  0.8559,  0.8909,
  0.8859, -0.571 ,  0.5158, -0.0013, -0.0022,  0.    ,  0.    ]
  q_err_seq  = [-0.1511,  0.081 ,  0.0995,  0.0702, -0.2066, -0.1809,  0.1148, -0.1691,  0.0648,  0.3182,  0.2344, -0.0522,  0.4236, -0.1572, -0.3223, -0.1618,  0.117 , -0.1496,  0.1464,  0.1392, -0.3974, -0.0148,
 -0.1456,  0.3857, -0.3252,  0.0258, -0.0062, -0.0117, -0.0021]
  real_dq_seq= [-0.2674,  1.2993, -0.4697,  0.7069, -0.6752, -2.1436,  0.6634, -2.0467, -1.0167, -0.24  , -0.0687, -1.2701, -1.2548, -0.0425, -0.6613,  0.7731, -0.0153, -1.181 ,  0.1506, -0.9112,  3.8334,  2.6461,
  2.4467,  1.0815, -0.2961,  0.4477, -0.0049, -0.3691, -0.2327]
  ref_dq_seq = [ 1.162 ,  0.9243, -0.1964, -1.3983,  1.9685, -0.1421,  0.5826, -0.5583,  0.1172, -2.1781, -2.3767,  3.5766,  3.4437,  0.9746,  0.6991, -0.3778,  0.2495,  0.0085, -0.0012, -0.9984,  1.1957,  1.6494,
  0.9063,  0.0057, -0.0564,  0.2216,  0.1508,  0.    , -0.    ]
  dq_err_seq = [-1.4294,  0.375 , -0.2733,  2.1051, -2.6438, -2.0015,  0.0808, -1.4884, -1.1339,  1.9382,  2.308 , -4.8467, -4.6985, -1.0171, -1.3604,  1.1509, -0.2648, -1.1896,  0.1519,  0.0872,  2.6377,  0.9967,
  1.5404,  1.0757, -0.2397,  0.226 , -0.1557, -0.3691, -0.2327]
==========================================================================================


==========================================================================================
[REAL/REF DEBUG] step=8, counter=9, full_print=True
[add6 / anchor / velocity]
  real_anchor_pos_w        = [-0.076 ,  0.0696,  0.8372]
  ref_anchor_pos_w(offset) = [-0.047 , -0.0171,  0.8257]
  obs_motion_anchor_pos_b  = [ 0.0077,  0.0915, -0.008 ] |norm|=0.0921
  obs_base_lin_vel_b       = [ 0.1445, -0.1373, -0.029 ] |norm|=0.2014
  obs_base_ang_vel_b       = [0.0831, 0.3079, 1.8141] |norm|=1.8420
[motion command]
  reference_q_head         = [-0.3815, -0.3812, -0.0113, -0.0258,  0.0475, -0.0068]
  reference_dq_head        = [ 1.2136,  1.0676, -0.1607, -1.0564,  1.2912, -0.1238]
  anchor_offset            = [0.006 , 0.0789, 0.    ]
[q / dq summary]
  real_q_seq:  min=-0.5606, max= 0.9252, mean= 0.0243, std= 0.3961
  real_dq_seq: min=-2.6204, max= 3.1707, mean= 0.0199, std= 1.1402
  ref_q_seq:   min=-0.6509, max= 0.9216, mean= 0.0377, std= 0.4012
  q_err:       norm= 1.1002, mean_abs= 0.1679, max_abs= 0.3995
  q_err_top8:
    01. left_wrist_roll_joint        real=-0.1714, ref=-0.5709, err= 0.3995, target=-0.1901
    02. right_ankle_pitch_joint      real=-0.5374, ref=-0.1869, err=-0.3504, target=-0.2526
    03. right_shoulder_yaw_joint     real= 0.5290, ref= 0.8786, err=-0.3496, target= 0.7359
    04. left_knee_joint              real= 0.7506, ref= 0.4020, err= 0.3486, target= 0.6696
    05. right_shoulder_pitch_joint   real= 0.2014, ref=-0.1416, err= 0.3430, target= 0.2628
    06. right_wrist_roll_joint       real= 0.1939, ref= 0.5147, err=-0.3207, target= 0.2859
    07. right_knee_joint             real= 0.6953, ref= 0.4163, err= 0.2790, target= 0.3792
    08. right_hip_roll_joint         real=-0.2039, ref= 0.0475, err=-0.2514, target=-0.6680
[action] norm=4.3232, min=-1.9049, max= 1.6780
[target_q_seq] min=-0.7994, max= 1.0305, mean= 0.0437
[full arrays, policy joint_seq order]
  real_q_seq = [-0.5606, -0.2982,  0.0872,  0.0807, -0.2039, -0.2309,  0.1625, -0.3153, -0.1706,  0.7506,  0.6953, -0.1278,  0.2014, -0.365 , -0.5374,  0.3321, -0.38  , -0.1771,  0.0155, -0.5127,  0.529 ,  0.9252,
  0.787 , -0.1714,  0.1939,  0.0323, -0.0107, -0.0192, -0.0071]
  ref_q_seq  = [-0.3815, -0.3812, -0.0113, -0.0258,  0.0475, -0.0068,  0.0497, -0.12  , -0.2167,  0.402 ,  0.4163,  0.0069, -0.1416, -0.1963, -0.1869,  0.4666, -0.4858, -0.0098, -0.1317, -0.6509,  0.8786,  0.9216,
  0.9026, -0.5709,  0.5147,  0.0024,  0.0002,  0.    ,  0.    ]
  q_err_seq  = [-0.1791,  0.083 ,  0.0985,  0.1065, -0.2514, -0.2241,  0.1128, -0.1953,  0.0461,  0.3486,  0.279 , -0.1347,  0.343 , -0.1687, -0.3504, -0.1345,  0.1058, -0.1673,  0.1472,  0.1382, -0.3496,  0.0036,
 -0.1157,  0.3995, -0.3207,  0.03  , -0.0109, -0.0192, -0.0071]
  real_dq_seq= [-0.1628,  0.9154, -0.1663,  0.5214, -0.7178, -2.6204,  0.1303, -1.4433, -1.1918, -0.672 ,  0.0905, -0.589 , -0.5676,  0.3063, -0.746 ,  1.2962, -0.3743, -0.4763,  0.1342, -1.1137,  3.1707,  2.278 ,
  2.1844,  0.4111,  0.2746,  0.376 , -0.1718, -0.325 , -0.1738]
  ref_dq_seq = [ 1.2136,  1.0676, -0.1607, -1.0564,  1.2912, -0.1238,  0.4234, -0.3137, -0.2285, -1.9292, -2.2059,  3.1164,  2.9874,  0.7223,  0.6575, -0.3978,  0.237 ,  0.0085, -0.0014, -0.9049,  1.0809,  1.45  ,
  0.7863,  0.0042, -0.0557,  0.1575,  0.1027,  0.    , -0.    ]
  dq_err_seq = [-1.3764, -0.1522, -0.0056,  1.5779, -2.009 , -2.4966, -0.2931, -1.1297, -0.9633,  1.2573,  2.2965, -3.7054, -3.5549, -0.416 , -1.4036,  1.694 , -0.6113, -0.4848,  0.1356, -0.2088,  2.0899,  0.8279,
  1.398 ,  0.4069,  0.3302,  0.2185, -0.2745, -0.325 , -0.1738]
==========================================================================================


==========================================================================================
[REAL/REF DEBUG] step=9, counter=10, full_print=True
[add6 / anchor / velocity]
  real_anchor_pos_w        = [-0.076 ,  0.0696,  0.8372]
  ref_anchor_pos_w(offset) = [-0.049 , -0.0256,  0.8299]
  obs_motion_anchor_pos_b  = [ 0.0124,  0.0984, -0.0032] |norm|=0.0992
  obs_base_lin_vel_b       = [ 0.1445, -0.1373, -0.029 ] |norm|=0.2014
  obs_base_ang_vel_b       = [0.3313, 0.3057, 1.2272] |norm|=1.3074
[motion command]
  reference_q_head         = [-0.3577, -0.3587, -0.0141, -0.0444,  0.0679, -0.0092]
  reference_dq_head        = [ 1.1546,  1.1412, -0.1221, -0.8527,  0.847 , -0.1235]
  anchor_offset            = [0.006 , 0.0789, 0.    ]
[q / dq summary]
  real_q_seq:  min=-0.5598, max= 0.9523, mean= 0.0268, std= 0.4048
  real_dq_seq: min=-1.3269, max= 2.7504, mean= 0.1297, std= 0.8942
  ref_q_seq:   min=-0.6682, max= 0.9489, mean= 0.0426, std= 0.4015
  q_err:       norm= 1.1186, mean_abs= 0.1713, max_abs= 0.3985
  q_err_top8:
    01. left_wrist_roll_joint        real=-0.1723, ref=-0.5708, err= 0.3985, target=-0.2695
    02. right_ankle_pitch_joint      real=-0.5503, ref=-0.1743, err=-0.3760, target=-0.0411
    03. left_knee_joint              real= 0.7364, ref= 0.3656, err= 0.3709, target= 0.5990
    04. right_knee_joint             real= 0.6956, ref= 0.3740, err= 0.3217, target= 0.3341
    05. right_shoulder_yaw_joint     real= 0.5821, ref= 0.8992, err=-0.3170, target= 0.8578
    06. right_wrist_roll_joint       real= 0.2072, ref= 0.5136, err=-0.3064, target= 0.3506
    07. right_hip_roll_joint         real=-0.2179, ref= 0.0679, err=-0.2858, target=-0.5530
    08. right_shoulder_pitch_joint   real= 0.1915, ref=-0.0860, err= 0.2775, target= 0.3619
[action] norm=4.5505, min=-1.5769, max= 1.9558
[target_q_seq] min=-0.7397, max= 1.0135, mean= 0.0637
[full arrays, policy joint_seq order]
  real_q_seq = [-0.5598, -0.2818,  0.0885,  0.0889, -0.2179, -0.2426,  0.1617, -0.3348, -0.191 ,  0.7364,  0.6956, -0.1294,  0.1915, -0.3546, -0.5503,  0.3607, -0.3725, -0.1764,  0.0264, -0.5341,  0.5821,  0.9523,
  0.8176, -0.1723,  0.2072,  0.0361, -0.0175, -0.0259, -0.0081]
  ref_q_seq  = [-0.3577, -0.3587, -0.0141, -0.0444,  0.0679, -0.0092,  0.0571, -0.1244, -0.2235,  0.3656,  0.374 ,  0.0653, -0.086 , -0.1838, -0.1743,  0.4585, -0.4813, -0.0097, -0.1318, -0.6682,  0.8992,  0.9489,
  0.9174, -0.5708,  0.5136,  0.005 ,  0.0019,  0.    ,  0.    ]
  q_err_seq  = [-0.2022,  0.0769,  0.1025,  0.1333, -0.2858, -0.2334,  0.1046, -0.2103,  0.0325,  0.3709,  0.3217, -0.1946,  0.2775, -0.1708, -0.376 , -0.0978,  0.1088, -0.1667,  0.1581,  0.1341, -0.317 ,  0.0035,
 -0.0998,  0.3985, -0.3064,  0.0311, -0.0194, -0.0259, -0.0081]
  real_dq_seq= [ 0.0463,  0.8074,  0.0497,  0.4407, -0.6556, -0.697 , -0.276 , -0.9376, -1.0043, -0.9359,  0.0676,  0.2608, -0.4663,  0.8397, -0.6727,  1.7472,  0.4218,  0.5043,  0.7247, -1.3269,  2.7504,  0.8928,
  1.218 , -0.2086,  1.1474,  0.1021, -0.7226, -0.3377, -0.0187]
  ref_dq_seq = [ 1.1546,  1.1412, -0.1221, -0.8527,  0.847 , -0.1235,  0.3404, -0.1693, -0.3926, -1.7346, -2.0379,  2.7526,  2.6067,  0.5567,  0.5936, -0.4065,  0.2041,  0.0085, -0.0016, -0.8269,  0.979 ,  1.2891,
  0.6991,  0.0019, -0.0543,  0.114 ,  0.0707,  0.    , -0.    ]
  dq_err_seq = [-1.1083, -0.3338,  0.1718,  1.2934, -1.5026, -0.5736, -0.6164, -0.7684, -0.6117,  0.7987,  2.1055, -2.4918, -3.0731,  0.2831, -1.2663,  2.1537,  0.2178,  0.4958,  0.7262, -0.5   ,  1.7715, -0.3964,
  0.5189, -0.2105,  1.2017, -0.0119, -0.7932, -0.3377, -0.0187]
==========================================================================================


==========================================================================================
[REAL/REF DEBUG] step=10, counter=11, full_print=True
[add6 / anchor / velocity]
  real_anchor_pos_w        = [-0.1075,  0.0633,  0.8371]
  ref_anchor_pos_w(offset) = [-0.0509, -0.0337,  0.8314]
  obs_motion_anchor_pos_b  = [-0.0005,  0.1118,  0.0126] |norm|=0.1125
  obs_base_lin_vel_b       = [ 0.3949, -0.137 , -0.0217] |norm|=0.4185
  obs_base_ang_vel_b       = [0.0064, 0.4591, 0.8288] |norm|=0.9475
[motion command]
  reference_q_head         = [-0.3353, -0.3356, -0.0162, -0.0599,  0.0814, -0.0117]
  reference_dq_head        = [ 1.098 ,  1.1223, -0.0933, -0.7407,  0.5753, -0.1248]
  anchor_offset            = [0.006 , 0.0789, 0.    ]
[q / dq summary]
  real_q_seq:  min=-0.5585, max= 0.9673, mean= 0.0296, std= 0.4135
  real_dq_seq: min=-2.2125, max= 3.8488, mean= 0.1903, std= 1.2563
  ref_q_seq:   min=-0.6840, max= 0.9732, mean= 0.0468, std= 0.4026
  q_err:       norm= 1.1258, mean_abs= 0.1710, max_abs= 0.3901
  q_err_top8:
    01. right_ankle_pitch_joint      real=-0.5533, ref=-0.1632, err=-0.3901, target= 0.1048
    02. left_wrist_roll_joint        real=-0.1849, ref=-0.5708, err= 0.3859, target=-0.3197
    03. left_knee_joint              real= 0.7152, ref= 0.3327, err= 0.3826, target= 0.4631
    04. right_knee_joint             real= 0.6893, ref= 0.3348, err= 0.3545, target= 0.3757
    05. right_hip_roll_joint         real=-0.2216, ref= 0.0814, err=-0.3029, target=-0.4137
    06. waist_roll_joint             real=-0.2950, ref=-0.0117, err=-0.2833, target= 0.2962
    07. right_wrist_roll_joint       real= 0.2380, ref= 0.5125, err=-0.2745, target= 0.4244
    08. right_shoulder_yaw_joint     real= 0.6529, ref= 0.9178, err=-0.2648, target= 0.9070
[action] norm=4.7225, min=-1.6311, max= 2.0681
[target_q_seq] min=-0.6918, max= 0.9922, mean= 0.0905
[full arrays, policy joint_seq order]
  real_q_seq = [-0.558 , -0.2636,  0.094 ,  0.0993, -0.2216, -0.295 ,  0.1536, -0.3503, -0.2247,  0.7152,  0.6893, -0.1071,  0.187 , -0.3316, -0.5533,  0.4003, -0.3753, -0.169 ,  0.0549, -0.5585,  0.6529,  0.9673,
  0.8376, -0.1849,  0.238 ,  0.0364, -0.033 , -0.0323, -0.0095]
  ref_q_seq  = [-0.3353, -0.3356, -0.0162, -0.0599,  0.0814, -0.0117,  0.0633, -0.1268, -0.2324,  0.3327,  0.3348,  0.117 , -0.0373, -0.174 , -0.1632,  0.4504, -0.4776, -0.0095, -0.1318, -0.684 ,  0.9178,  0.9732,
  0.9306, -0.5708,  0.5125,  0.0069,  0.0031,  0.    ,  0.    ]
  q_err_seq  = [-0.2226,  0.0719,  0.1102,  0.1592, -0.3029, -0.2833,  0.0903, -0.2236,  0.0077,  0.3826,  0.3545, -0.2241,  0.2244, -0.1576, -0.3901, -0.05  ,  0.1024, -0.1595,  0.1867,  0.1255, -0.2648, -0.0059,
 -0.093 ,  0.3859, -0.2745,  0.0295, -0.036 , -0.0323, -0.0095]
  real_dq_seq= [ 0.1286,  0.8742,  0.2554,  0.5247, -0.0338, -2.2125, -0.6428, -0.2263, -1.7561, -1.3112, -0.7483,  1.5708, -0.1519,  1.1272,  0.2265,  2.0801, -0.3191,  0.472 ,  1.7277, -0.9679,  3.8488,  0.4126,
  1.0646, -1.2303,  2.0141, -0.0314, -0.917 , -0.2543, -0.0049]
  ref_dq_seq = [ 1.098 ,  1.1223, -0.0933, -0.7407,  0.5753, -0.1248,  0.2941, -0.0875, -0.4637, -1.5559, -1.8909,  2.4195,  2.2655,  0.4326,  0.5126, -0.3987,  0.1596,  0.0085, -0.0017, -0.7505,  0.8828,  1.1425,
  0.6287, -0.0013, -0.0518,  0.0802,  0.0478, -0.    ,  0.    ]
  dq_err_seq = [-0.9694, -0.2481,  0.3487,  1.2654, -0.6091, -2.0878, -0.9369, -0.1388, -1.2924,  0.2447,  1.1425, -0.8487, -2.4174,  0.6946, -0.2861,  2.4788, -0.4787,  0.4635,  1.7295, -0.2174,  2.966 , -0.7299,
  0.4358, -1.229 ,  2.0659, -0.1116, -0.9647, -0.2543, -0.0049]
==========================================================================================


==========================================================================================
[REAL/REF DEBUG] step=11, counter=12, full_print=True
[add6 / anchor / velocity]
  real_anchor_pos_w        = [-0.1185,  0.0642,  0.8385]
  ref_anchor_pos_w(offset) = [-0.0533, -0.0396,  0.8301]
  obs_motion_anchor_pos_b  = [0.001 , 0.1215, 0.0184] |norm|=0.1229
  obs_base_lin_vel_b       = [ 0.4161, -0.2133, -0.0166] |norm|=0.4679
  obs_base_ang_vel_b       = [-0.2567, -0.0117,  0.6946] |norm|=0.7406
[motion command]
  reference_q_head         = [-0.3138, -0.3138, -0.0178, -0.074 ,  0.0909, -0.0142]
  reference_dq_head        = [ 1.0462,  1.046 , -0.0773, -0.7368,  0.474 , -0.1279]
  anchor_offset            = [0.006 , 0.0789, 0.    ]
[q / dq summary]
  real_q_seq:  min=-0.5782, max= 0.9683, mean= 0.0327, std= 0.4193
  real_dq_seq: min=-1.8960, max= 3.4913, mean= 0.1792, std= 1.2605
  ref_q_seq:   min=-0.6982, max= 0.9946, mean= 0.0502, std= 0.4043
  q_err:       norm= 1.1065, mean_abs= 0.1669, max_abs= 0.4022
  q_err_top8:
    01. right_ankle_pitch_joint      real=-0.5560, ref=-0.1538, err=-0.4022, target= 0.1464
    02. left_knee_joint              real= 0.6927, ref= 0.3033, err= 0.3894, target= 0.3333
    03. right_knee_joint             real= 0.6733, ref= 0.2983, err= 0.3750, target= 0.5208
    04. left_wrist_roll_joint        real=-0.2182, ref=-0.5708, err= 0.3526, target=-0.4253
    05. right_hip_roll_joint         real=-0.2151, ref= 0.0909, err=-0.3060, target=-0.1901
    06. waist_roll_joint             real=-0.3131, ref=-0.0142, err=-0.2989, target= 0.5190
    07. right_wrist_roll_joint       real= 0.2786, ref= 0.5115, err=-0.2329, target= 0.5174
    08. left_hip_pitch_joint         real=-0.5456, ref=-0.3138, err=-0.2319, target=-0.6506
[action] norm=5.2295, min=-1.8346, max= 2.2393
[target_q_seq] min=-0.7233, max= 0.9986, mean= 0.1121
[full arrays, policy joint_seq order]
  real_q_seq = [-0.5456, -0.2397,  0.0939,  0.0941, -0.2151, -0.3131,  0.1515, -0.3551, -0.2521,  0.6927,  0.6733, -0.0655,  0.1857, -0.327 , -0.556 ,  0.4396, -0.3852, -0.1467,  0.066 , -0.5782,  0.7237,  0.9683,
  0.8468, -0.2182,  0.2786,  0.0317, -0.0544, -0.0357, -0.0105]
  ref_q_seq  = [-0.3138, -0.3138, -0.0178, -0.074 ,  0.0909, -0.0142,  0.0689, -0.1279, -0.2421,  0.3033,  0.2983,  0.162 ,  0.0047, -0.1665, -0.1538,  0.4426, -0.4749, -0.0093, -0.1318, -0.6982,  0.9345,  0.9946,
  0.9425, -0.5708,  0.5115,  0.0082,  0.0038,  0.    ,  0.    ]
  q_err_seq  = [-0.2319,  0.0741,  0.1117,  0.1681, -0.306 , -0.2989,  0.0826, -0.2272, -0.0101,  0.3894,  0.375 , -0.2275,  0.1811, -0.1605, -0.4022, -0.003 ,  0.0897, -0.1374,  0.1978,  0.12  , -0.2108, -0.0263,
 -0.0957,  0.3526, -0.2329,  0.0235, -0.0582, -0.0357, -0.0105]
  real_dq_seq= [ 1.2839,  1.7742,  0.1457, -0.4232,  0.4538, -1.5106,  0.2006, -0.0051, -1.3965, -0.5138, -1.057 ,  2.3976, -0.092 , -0.4676,  0.0489,  1.8331, -0.6167,  1.4735,  0.2644, -1.1628,  3.4913,  0.0291,
  0.3881, -1.896 ,  2.281 , -0.3583, -1.2507, -0.109 , -0.0079]
  ref_dq_seq = [ 1.0462,  1.046 , -0.0773, -0.7368,  0.474 , -0.1279,  0.2781, -0.0534, -0.4849, -1.3969, -1.7577,  2.0957,  1.9503,  0.3236,  0.4268, -0.3784,  0.1152,  0.0084, -0.0019, -0.673 ,  0.791 ,  1.0028,
  0.5657, -0.0053, -0.0479,  0.0521,  0.0302,  0.    ,  0.    ]
  dq_err_seq = [ 0.2377,  0.7282,  0.223 ,  0.3136, -0.0202, -1.3827, -0.0775,  0.0483, -0.9115,  0.8831,  0.7007,  0.3019, -2.0423, -0.7912, -0.378 ,  2.2115, -0.7319,  1.4651,  0.2663, -0.4898,  2.7003, -0.9736,
 -0.1776, -1.8907,  2.3289, -0.4105, -1.2809, -0.109 , -0.0079]
==========================================================================================


==========================================================================================
[REAL/REF DEBUG] step=12, counter=13, full_print=True
[add6 / anchor / velocity]
  real_anchor_pos_w        = [-0.1185,  0.0642,  0.8385]
  ref_anchor_pos_w(offset) = [-0.0555, -0.0451,  0.8264]
  obs_motion_anchor_pos_b  = [0.0059, 0.1257, 0.0155] |norm|=0.1268
  obs_base_lin_vel_b       = [ 0.4161, -0.2133, -0.0166] |norm|=0.4679
  obs_base_ang_vel_b       = [-0.4463, -0.3963,  1.0482] |norm|=1.2062
[motion command]
  reference_q_head         = [-0.2935, -0.2937, -0.0192, -0.0894,  0.1003, -0.0168]
  reference_dq_head        = [ 0.9506,  0.9761, -0.0564, -0.6288,  0.2774, -0.1103]
  anchor_offset            = [0.006 , 0.0789, 0.    ]
[q / dq summary]
  real_q_seq:  min=-0.6082, max= 0.9733, mean= 0.0369, std= 0.4246
  real_dq_seq: min=-3.0634, max= 3.8948, mean= 0.1921, std= 1.5477
  ref_q_seq:   min=-0.7109, max= 1.0133, mean= 0.0530, std= 0.4064
  q_err:       norm= 1.0648, mean_abs= 0.1598, max_abs= 0.4028
  q_err_top8:
    01. right_ankle_pitch_joint      real=-0.5489, ref=-0.1461, err=-0.4028, target=-0.1123
    02. left_knee_joint              real= 0.6718, ref= 0.2768, err= 0.3951, target= 0.2634
    03. right_knee_joint             real= 0.6502, ref= 0.2645, err= 0.3857, target= 0.7785
    04. waist_roll_joint             real=-0.3259, ref=-0.0168, err=-0.3091, target= 0.5190
    05. left_wrist_roll_joint        real=-0.2676, ref=-0.5710, err= 0.3034, target=-0.5489
    06. right_hip_roll_joint         real=-0.1968, ref= 0.1003, err=-0.2971, target= 0.1212
    07. left_hip_pitch_joint         real=-0.5210, ref=-0.2935, err=-0.2275, target=-0.2781
    08. left_shoulder_pitch_joint    real=-0.0250, ref= 0.2008, err=-0.2258, target= 0.0571
[action] norm=6.1986, min=-2.0375, max= 2.6241
[target_q_seq] min=-0.7759, max= 1.0784, mean= 0.1192
[full arrays, policy joint_seq order]
  real_q_seq = [-0.521 , -0.2021,  0.0906,  0.0704, -0.1968, -0.3259,  0.1353, -0.3391, -0.2675,  0.6718,  0.6502, -0.025 ,  0.1795, -0.3358, -0.5489,  0.4728, -0.4009, -0.0939,  0.0778, -0.6082,  0.7928,  0.9733,
  0.8587, -0.2676,  0.331 ,  0.0254, -0.0789, -0.0381, -0.011 ]
  ref_q_seq  = [-0.2935, -0.2937, -0.0192, -0.0894,  0.1003, -0.0168,  0.0745, -0.1289, -0.2518,  0.2768,  0.2645,  0.2008,  0.0407, -0.1611, -0.1461,  0.4352, -0.473 , -0.0092, -0.1319, -0.7109,  0.9494,  1.0133,
  0.9532, -0.571 ,  0.5106,  0.009 ,  0.0043,  0.    ,  0.    ]
  q_err_seq  = [-0.2275,  0.0917,  0.1099,  0.1598, -0.2971, -0.3091,  0.0608, -0.2102, -0.0157,  0.3951,  0.3857, -0.2258,  0.1389, -0.1747, -0.4028,  0.0376,  0.0721, -0.0847,  0.2096,  0.1027, -0.1566, -0.04  ,
 -0.0945,  0.3034, -0.1795,  0.0165, -0.0832, -0.0381, -0.011 ]
  real_dq_seq= [ 1.4845,  1.8702, -0.2931, -1.7486,  1.1323, -0.6404, -1.6336,  2.0296, -0.5547, -0.8432, -1.2588,  1.6843, -0.5937, -1.    ,  0.6262,  1.6475, -0.7394,  1.8261,  0.5961, -1.6889,  3.8948,  0.4264,
  1.1321, -3.0634,  2.9514, -0.3446, -1.1663, -0.1296, -0.0324]
  ref_dq_seq = [ 0.9506,  0.9761, -0.0564, -0.6288,  0.2774, -0.1103,  0.2325,  0.0007, -0.4738, -1.2768, -1.6273,  1.7838,  1.6581,  0.2236,  0.3277, -0.3474,  0.0898,  0.0084, -0.0021, -0.5952,  0.7065,  0.8737,
  0.5037, -0.0104, -0.0427,  0.0295,  0.0163,  0.    , -0.    ]
  dq_err_seq = [ 0.5339,  0.8941, -0.2367, -1.1198,  0.8549, -0.5301, -1.8661,  2.0288, -0.0809,  0.4336,  0.3684, -0.0995, -2.2517, -1.2236,  0.2985,  1.9949, -0.8292,  1.8178,  0.5981, -1.0937,  3.1882, -0.4473,
  0.6284, -3.053 ,  2.9941, -0.3741, -1.1826, -0.1296, -0.0324]
==========================================================================================


==========================================================================================
[REAL/REF DEBUG] step=13, counter=14, full_print=True
[add6 / anchor / velocity]
  real_anchor_pos_w        = [-0.1407,  0.0427,  0.8375]
  ref_anchor_pos_w(offset) = [-0.058 , -0.0492,  0.8243]
  obs_motion_anchor_pos_b  = [-0.0143,  0.1219,  0.0204] |norm|=0.1244
  obs_base_lin_vel_b       = [ 0.6455, -0.0095, -0.0173] |norm|=0.6458
  obs_base_ang_vel_b       = [-0.1268, -0.2205,  1.0898] |norm|=1.1191
[motion command]
  reference_q_head         = [-0.2757, -0.2747, -0.02  , -0.0992,  0.102 , -0.0186]
  reference_dq_head        = [ 0.8406,  0.9212, -0.0247, -0.4194,  0.0155, -0.0638]
  anchor_offset            = [0.006 , 0.0789, 0.    ]
[q / dq summary]
  real_q_seq:  min=-0.6481, max= 0.9925, mean= 0.0417, std= 0.4339
  real_dq_seq: min=-3.8871, max= 4.1328, mean= 0.3265, std= 1.7027
  ref_q_seq:   min=-0.7220, max= 1.0295, mean= 0.0550, std= 0.4086
  q_err:       norm= 1.0072, mean_abs= 0.1459, max_abs= 0.4149
  q_err_top8:
    01. right_knee_joint             real= 0.6482, ref= 0.2332, err= 0.4149, target= 0.7163
    02. right_ankle_pitch_joint      real=-0.5382, ref=-0.1407, err=-0.3976, target=-0.2676
    03. left_knee_joint              real= 0.6487, ref= 0.2523, err= 0.3965, target= 0.2318
    04. waist_roll_joint             real=-0.3402, ref=-0.0186, err=-0.3216, target= 0.5190
    05. right_hip_roll_joint         real=-0.1558, ref= 0.1020, err=-0.2578, target= 0.2281
    06. left_wrist_roll_joint        real=-0.3384, ref=-0.5713, err= 0.2329, target=-0.6081
    07. left_shoulder_pitch_joint    real= 0.0166, ref= 0.2334, err=-0.2168, target= 0.1008
    08. right_ankle_roll_joint       real= 0.0775, ref=-0.1319, err= 0.2094, target= 0.0576
[action] norm=6.9396, min=-2.0217, max= 3.0866
[target_q_seq] min=-0.8620, max= 1.1272, mean= 0.1060
[full arrays, policy joint_seq order]
  real_q_seq = [-0.4831, -0.183 ,  0.0816,  0.0507, -0.1558, -0.3402,  0.0872, -0.2856, -0.2798,  0.6487,  0.6482,  0.0166,  0.1668, -0.3354, -0.5382,  0.4957, -0.4069, -0.0861,  0.0775, -0.6481,  0.8696,  0.9925,
  0.8864, -0.3384,  0.3949,  0.0246, -0.0992, -0.0397, -0.0111]
  ref_q_seq  = [-0.2757, -0.2747, -0.02  , -0.0992,  0.102 , -0.0186,  0.0782, -0.1279, -0.261 ,  0.2523,  0.2332,  0.2334,  0.071 , -0.1576, -0.1407,  0.4287, -0.4713, -0.009 , -0.1319, -0.722 ,  0.9627,  1.0295,
  0.9627, -0.5713,  0.5098,  0.0094,  0.0045,  0.    ,  0.    ]
  q_err_seq  = [-0.2073,  0.0918,  0.1017,  0.1499, -0.2578, -0.3216,  0.009 , -0.1577, -0.0188,  0.3965,  0.4149, -0.2168,  0.0958, -0.1778, -0.3976,  0.0671,  0.0644, -0.0771,  0.2094,  0.0739, -0.0931, -0.037 ,
 -0.0763,  0.2329, -0.1149,  0.0152, -0.1037, -0.0397, -0.0111]
  real_dq_seq= [ 0.9942,  0.4508, -0.3137, -0.6621,  1.8446, -0.5161, -1.0319,  4.1328, -0.4344, -1.6057,  0.5192,  2.0034, -0.6673,  0.0382,  1.0659,  1.2057, -0.4326, -0.0629, -0.4022, -2.143 ,  4.0896,  1.1213,
  1.4435, -3.8871,  3.545 ,  0.1757, -0.9042, -0.055 , -0.0432]
  ref_dq_seq = [ 0.8406,  0.9212, -0.0247, -0.4194,  0.0155, -0.0638,  0.1592,  0.0659, -0.4532, -1.1612, -1.4817,  1.4892,  1.3881,  0.1714,  0.233 , -0.3063,  0.083 ,  0.0082, -0.0022, -0.5184,  0.6294,  0.7572,
  0.4422, -0.0162, -0.0363,  0.0116,  0.0052,  0.    , -0.    ]
  dq_err_seq = [ 0.1536, -0.4704, -0.289 , -0.2427,  1.829 , -0.4524, -1.1911,  4.0669,  0.0187, -0.4445,  2.0009,  0.5142, -2.0554, -0.1332,  0.8329,  1.512 , -0.5156, -0.0711, -0.4   , -1.6246,  3.4602,  0.3641,
  1.0013, -3.8709,  3.5814,  0.1642, -0.9094, -0.055 , -0.0432]
==========================================================================================


==========================================================================================
[REAL/REF DEBUG] step=14, counter=15, full_print=True
[add6 / anchor / velocity]
  real_anchor_pos_w        = [-0.1407,  0.0427,  0.8375]
  ref_anchor_pos_w(offset) = [-0.0606, -0.0525,  0.8231]
  obs_motion_anchor_pos_b  = [-0.0103,  0.1234,  0.0193] |norm|=0.1253
  obs_base_lin_vel_b       = [ 0.6455, -0.0095, -0.0173] |norm|=0.6458
  obs_base_ang_vel_b       = [-0.8064, -0.1161,  1.9857] |norm|=2.1463
[motion command]
  reference_q_head         = [-0.2599, -0.2569, -0.0202, -0.1061,  0.1009, -0.0194]
  reference_dq_head        = [ 0.7614,  0.8609, -0.0015, -0.3099, -0.0621, -0.0216]
  anchor_offset            = [0.006 , 0.0789, 0.    ]
[q / dq summary]
  real_q_seq:  min=-0.6912, max= 1.0294, mean= 0.0497, std= 0.4452
  real_dq_seq: min=-3.7920, max= 6.3955, mean= 0.4182, std= 1.9474
  ref_q_seq:   min=-0.7316, max= 1.0436, mean= 0.0567, std= 0.4107
  q_err:       norm= 0.9563, mean_abs= 0.1306, max_abs= 0.4592
  q_err_top8:
    01. right_knee_joint             real= 0.6645, ref= 0.2052, err= 0.4592, target= 0.5718
    02. left_knee_joint              real= 0.6195, ref= 0.2303, err= 0.3891, target= 0.2813
    03. right_ankle_pitch_joint      real=-0.5118, ref=-0.1368, err=-0.3750, target=-0.3130
    04. waist_roll_joint             real=-0.3414, ref=-0.0194, err=-0.3220, target= 0.5190
    05. left_shoulder_pitch_joint    real= 0.0441, ref= 0.2604, err=-0.2163, target= 0.1726
    06. right_hip_roll_joint         real=-0.0986, ref= 0.1009, err=-0.1995, target= 0.1694
    07. right_ankle_roll_joint       real= 0.0654, ref=-0.1320, err= 0.1973, target= 0.0283
    08. left_hip_pitch_joint         real=-0.4536, ref=-0.2599, err=-0.1938, target= 0.4712
[action] norm=7.3721, min=-2.1423, max= 3.5020
[target_q_seq] min=-0.9396, max= 1.1221, mean= 0.0971
[full arrays, policy joint_seq order]
  real_q_seq = [-0.4536, -0.1741,  0.0787,  0.0323, -0.0986, -0.3414,  0.0326, -0.1753, -0.281 ,  0.6195,  0.6645,  0.0441,  0.1608, -0.3352, -0.5118,  0.5109, -0.4149, -0.0885,  0.0654, -0.6912,  0.9414,  1.0294,
  0.9224, -0.4111,  0.4555,  0.0257, -0.1148, -0.0397, -0.0119]
  ref_q_seq  = [-0.2599, -0.2569, -0.0202, -0.1061,  0.1009, -0.0194,  0.0808, -0.1263, -0.2699,  0.2303,  0.2052,  0.2604,  0.0962, -0.1542, -0.1368,  0.423 , -0.4697, -0.0088, -0.132 , -0.7316,  0.9746,  1.0436,
  0.9709, -0.5716,  0.5091,  0.0095,  0.0045,  0.    ,  0.    ]
  q_err_seq  = [-0.1938,  0.0827,  0.099 ,  0.1385, -0.1995, -0.322 , -0.0482, -0.0491, -0.0111,  0.3891,  0.4592, -0.2163,  0.0646, -0.1809, -0.375 ,  0.0879,  0.0548, -0.0796,  0.1973,  0.0404, -0.0332, -0.0142,
 -0.0485,  0.1606, -0.0536,  0.0162, -0.1193, -0.0397, -0.0119]
  real_dq_seq= [ 1.0834,  0.1988,  0.0257, -1.1006,  3.1961,  0.0158, -2.3124,  6.3955, -0.0149, -1.4203,  0.7996,  0.9925, -0.0491,  0.0779,  1.3848,  0.2669, -0.3405, -0.2171, -0.719 , -2.2994,  3.6156,  1.9926,
  1.9083, -3.792 ,  3.0143,  0.0952, -0.6195,  0.0334, -0.0834]
  ref_dq_seq = [ 0.7614,  0.8609, -0.0015, -0.3099, -0.0621, -0.0216,  0.1134,  0.0819, -0.4324, -1.034 , -1.3134,  1.2234,  1.1527,  0.1714,  0.1935, -0.2655,  0.0783,  0.0079, -0.0024, -0.4476,  0.5601,  0.6522,
  0.3874, -0.0224, -0.0293, -0.002 , -0.003 ,  0.    , -0.    ]
  dq_err_seq = [ 0.322 , -0.6621,  0.0272, -0.7907,  3.2582,  0.0374, -2.4258,  6.3137,  0.4175, -0.3863,  2.113 , -0.2309, -1.2018, -0.0935,  1.1913,  0.5324, -0.4188, -0.225 , -0.7166, -1.8518,  3.0555,  1.3404,
  1.5209, -3.7696,  3.0436,  0.0973, -0.6165,  0.0334, -0.0834]
==========================================================================================


==========================================================================================
[REAL/REF DEBUG] step=15, counter=16, full_print=True
[add6 / anchor / velocity]
  real_anchor_pos_w        = [-0.1407,  0.0427,  0.8375]
  ref_anchor_pos_w(offset) = [-0.0633, -0.0554,  0.8224]
  obs_motion_anchor_pos_b  = [-0.0065,  0.1244,  0.0186] |norm|=0.1260
  obs_base_lin_vel_b       = [ 0.6455, -0.0095, -0.0173] |norm|=0.6458
  obs_base_ang_vel_b       = [-1.0184,  0.0362,  2.2083] |norm|=2.4321
[motion command]
  reference_q_head         = [-0.2453, -0.2403, -0.0201, -0.1116,  0.0995, -0.0195]
  reference_dq_head        = [ 0.704 ,  0.7929,  0.0027, -0.2277, -0.0568,  0.0033]
  anchor_offset            = [0.006 , 0.0789, 0.    ]
[q / dq summary]
  real_q_seq:  min=-0.7413, max= 1.0754, mean= 0.0585, std= 0.4578
  real_dq_seq: min=-2.4444, max= 3.5895, mean= 0.3536, std= 1.5468
  ref_q_seq:   min=-0.7399, max= 1.0556, mean= 0.0582, std= 0.4127
  q_err:       norm= 0.9335, mean_abs= 0.1223, max_abs= 0.4953
  q_err_top8:
    01. right_knee_joint             real= 0.6760, ref= 0.1807, err= 0.4953, target= 0.4644
    02. left_knee_joint              real= 0.5850, ref= 0.2109, err= 0.3741, target= 0.3489
    03. right_ankle_pitch_joint      real=-0.4834, ref=-0.1329, err=-0.3505, target=-0.3347
    04. waist_roll_joint             real=-0.3357, ref=-0.0195, err=-0.3163, target= 0.5190
    05. left_shoulder_pitch_joint    real= 0.0642, ref= 0.2823, err=-0.2182, target= 0.1746
    06. left_hip_pitch_joint         real=-0.4276, ref=-0.2453, err=-0.1823, target= 0.6476
    07. right_ankle_roll_joint       real= 0.0486, ref=-0.1320, err= 0.1806, target= 0.0351
    08. left_ankle_pitch_joint       real=-0.3264, ref=-0.1507, err=-0.1756, target= 0.5226
[action] norm=7.5217, min=-2.1830, max= 3.6967
[target_q_seq] min=-1.0418, max= 1.1487, mean= 0.0952
[full arrays, policy joint_seq order]
  real_q_seq = [-0.4276, -0.1712,  0.0841,  0.0233, -0.0383, -0.3357, -0.0181, -0.0757, -0.2817,  0.585 ,  0.676 ,  0.0642,  0.1708, -0.3264, -0.4834,  0.5153, -0.4167, -0.1002,  0.0486, -0.7413,  1.0055,  1.0754,
  0.9613, -0.4633,  0.5097,  0.0268, -0.1199, -0.038 , -0.0133]
  ref_q_seq  = [-0.2453, -0.2403, -0.0201, -0.1116,  0.0995, -0.0195,  0.0827, -0.1246, -0.2783,  0.2109,  0.1807,  0.2823,  0.1171, -0.1507, -0.1329,  0.418 , -0.4682, -0.0087, -0.132 , -0.7399,  0.9851,  1.0556,
  0.9782, -0.5721,  0.5086,  0.0093,  0.0044,  0.    ,  0.    ]
  q_err_seq  = [-0.1823,  0.0691,  0.1042,  0.1349, -0.1378, -0.3163, -0.1009,  0.049 , -0.0034,  0.3741,  0.4953, -0.2182,  0.0537, -0.1756, -0.3505,  0.0973,  0.0515, -0.0915,  0.1806, -0.0014,  0.0204,  0.0198,
 -0.0169,  0.1088,  0.0011,  0.0175, -0.1242, -0.038 , -0.0133]
  real_dq_seq= [ 1.0456,  0.1166,  0.4217, -0.3327,  2.6976,  0.6507, -2.4444,  3.5895, -0.1482, -2.4227,  0.0316,  0.5599,  0.7517,  0.6226,  1.3922, -0.0997, -0.0798, -0.4482, -0.9827, -2.3071,  3.0265,  2.1767,
  1.6199, -2.146 ,  2.8793, -0.0461, -0.052 ,  0.1806,  0.001 ]
  ref_dq_seq = [ 0.704 ,  0.7929,  0.0027, -0.2277, -0.0568,  0.0033,  0.0818,  0.076 , -0.4084, -0.9214, -1.1477,  0.9811,  0.9522,  0.1785,  0.2002, -0.2308,  0.0682,  0.0073, -0.0025, -0.3837,  0.4982,  0.554 ,
  0.3412, -0.0282, -0.0223, -0.0131, -0.0086,  0.    , -0.    ]
  dq_err_seq = [ 0.3416, -0.6764,  0.4189, -0.105 ,  2.7544,  0.6474, -2.5262,  3.5135,  0.2602, -1.5013,  1.1794, -0.4212, -0.2005,  0.4442,  1.1919,  0.1311, -0.1479, -0.4555, -0.9802, -1.9234,  2.5283,  1.6227,
  1.2787, -2.1179,  2.9015, -0.0331, -0.0434,  0.1806,  0.001 ]
==========================================================================================


==========================================================================================
[REAL/REF DEBUG] step=16, counter=17, full_print=True
[add6 / anchor / velocity]
  real_anchor_pos_w        = [-0.1505,  0.0165,  0.835 ]
  ref_anchor_pos_w(offset) = [-0.0659, -0.0573,  0.822 ]
  obs_motion_anchor_pos_b  = [-0.0205,  0.1096,  0.0187] |norm|=0.1131
  obs_base_lin_vel_b       = [ 0.6049,  0.2063, -0.0194] |norm|=0.6394
  obs_base_ang_vel_b       = [-1.0834,  0.0362,  1.6884] |norm|=2.0065
[motion command]
  reference_q_head         = [-0.2317, -0.2251, -0.0201, -0.1152,  0.0987, -0.0193]
  reference_dq_head        = [ 0.6547,  0.7234, -0.0038, -0.1506, -0.0262,  0.0172]
  anchor_offset            = [0.006 , 0.0789, 0.    ]
[q / dq summary]
  real_q_seq:  min=-0.7838, max= 1.1096, mean= 0.0650, std= 0.4660
  real_dq_seq: min=-2.4500, max= 2.4943, mean= 0.2570, std= 1.2150
  ref_q_seq:   min=-0.7470, max= 1.0657, mean= 0.0595, std= 0.4146
  q_err:       norm= 0.9120, mean_abs= 0.1233, max_abs= 0.5039
  q_err_top8:
    01. right_knee_joint             real= 0.6632, ref= 0.1593, err= 0.5039, target= 0.3811
    02. left_knee_joint              real= 0.5398, ref= 0.1935, err= 0.3464, target= 0.3770
    03. right_ankle_pitch_joint      real=-0.4596, ref=-0.1288, err=-0.3308, target=-0.3114
    04. waist_roll_joint             real=-0.3217, ref=-0.0193, err=-0.3024, target= 0.5190
    05. left_shoulder_pitch_joint    real= 0.0782, ref= 0.2996, err=-0.2214, target= 0.1582
    06. right_ankle_roll_joint       real= 0.0359, ref=-0.1321, err= 0.1680, target= 0.0463
    07. left_hip_pitch_joint         real=-0.3992, ref=-0.2317, err=-0.1675, target= 0.6531
    08. left_ankle_pitch_joint       real=-0.3078, ref=-0.1471, err=-0.1607, target= 0.5226
[action] norm=7.4366, min=-2.1563, max= 3.6951
[target_q_seq] min=-1.0381, max= 1.2053, mean= 0.1019
[full arrays, policy joint_seq order]
  real_q_seq = [-0.3992, -0.173 ,  0.0992,  0.0209,  0.0097, -0.3217, -0.0553, -0.0298, -0.2836,  0.5398,  0.6632,  0.0782,  0.1809, -0.3078, -0.4596,  0.5112, -0.4204, -0.0985,  0.0359, -0.7838,  1.0544,  1.1096,
  0.9927, -0.4925,  0.5534,  0.027 , -0.1195, -0.0321, -0.014 ]
  ref_q_seq  = [-0.2317, -0.2251, -0.0201, -0.1152,  0.0987, -0.0193,  0.0841, -0.1232, -0.2862,  0.1935,  0.1593,  0.2996,  0.1343, -0.1471, -0.1288,  0.4137, -0.467 , -0.0086, -0.1321, -0.747 ,  0.9945,  1.0657,
  0.9846, -0.5728,  0.5082,  0.0089,  0.0041,  0.    ,  0.    ]
  q_err_seq  = [-0.1675,  0.0522,  0.1194,  0.1361, -0.089 , -0.3024, -0.1394,  0.0934,  0.0027,  0.3464,  0.5039, -0.2214,  0.0466, -0.1607, -0.3308,  0.0975,  0.0466, -0.09  ,  0.168 , -0.0368,  0.0599,  0.0438,
  0.0081,  0.0803,  0.0452,  0.0181, -0.1236, -0.0321, -0.014 ]
  real_dq_seq= [ 1.2428, -0.1851,  1.0696,  0.1134,  2.2766,  1.124 , -1.9833,  1.0799, -0.0614, -2.45  , -1.3668,  0.8943,  0.2684,  1.1384,  1.0243, -0.4541, -0.2577, -0.1526, -0.4176, -2.0647,  2.4943,  1.2824,
  1.603 , -0.9894,  1.7503, -0.0039,  0.0923,  0.3672,  0.0177]
  ref_dq_seq = [ 0.6547,  0.7234, -0.0038, -0.1506, -0.0262,  0.0172,  0.0591,  0.0638, -0.3773, -0.8297, -1.0041,  0.7671,  0.7836,  0.1832,  0.2176, -0.2016,  0.0552,  0.0063, -0.0026, -0.3277,  0.4442,  0.4643,
  0.302 , -0.0332, -0.0158, -0.0217, -0.0125,  0.    , -0.    ]
  dq_err_seq = [ 0.588 , -0.9086,  1.0734,  0.264 ,  2.3027,  1.1067, -2.0424,  1.0161,  0.3159, -1.6203, -0.3627,  0.1273, -0.5152,  0.9552,  0.8067, -0.2524, -0.3129, -0.1589, -0.415 , -1.7371,  2.0501,  0.8181,
  1.301 , -0.9562,  1.7661,  0.0178,  0.1048,  0.3672,  0.0177]
==========================================================================================


==========================================================================================
[REAL/REF DEBUG] step=17, counter=18, full_print=True
[add6 / anchor / velocity]
  real_anchor_pos_w        = [-0.1505,  0.0165,  0.835 ]
  ref_anchor_pos_w(offset) = [-0.0682, -0.0589,  0.8217]
  obs_motion_anchor_pos_b  = [-0.0177,  0.1095,  0.0182] |norm|=0.1124
  obs_base_lin_vel_b       = [ 0.6049,  0.2063, -0.0194] |norm|=0.6394
  obs_base_ang_vel_b       = [-1.1004, -0.1023,  0.8916] |norm|=1.4200
[motion command]
  reference_q_head         = [-0.2191, -0.2114, -0.0203, -0.1176,  0.0985, -0.0188]
  reference_dq_head        = [ 0.605 ,  0.6581, -0.0104, -0.1079, -0.0065,  0.0247]
  anchor_offset            = [0.006 , 0.0789, 0.    ]
[q / dq summary]
  real_q_seq:  min=-0.8190, max= 1.1264, mean= 0.0701, std= 0.4711
  real_dq_seq: min=-2.7827, max= 2.2887, mean= 0.2385, std= 1.1841
  ref_q_seq:   min=-0.7530, max= 1.0742, mean= 0.0606, std= 0.4162
  q_err:       norm= 0.8800, mean_abs= 0.1224, max_abs= 0.4832
  q_err_top8:
    01. right_knee_joint             real= 0.6237, ref= 0.1405, err= 0.4832, target= 0.3034
    02. left_knee_joint              real= 0.4954, ref= 0.1777, err= 0.3177, target= 0.3983
    03. right_ankle_pitch_joint      real=-0.4387, ref=-0.1242, err=-0.3145, target=-0.2181
    04. waist_roll_joint             real=-0.2976, ref=-0.0188, err=-0.2788, target= 0.5190
    05. left_shoulder_pitch_joint    real= 0.1008, ref= 0.3130, err=-0.2123, target= 0.1680
    06. right_ankle_roll_joint       real= 0.0364, ref=-0.1321, err= 0.1685, target= 0.0544
    07. left_hip_yaw_joint           real=-0.0829, ref= 0.0851, err=-0.1680, target=-0.4148
    08. left_hip_pitch_joint         real=-0.3667, ref=-0.2191, err=-0.1476, target= 0.5003
[action] norm=7.1345, min=-2.1168, max= 3.5906
[target_q_seq] min=-0.9284, max= 1.2133, mean= 0.1115
[full arrays, policy joint_seq order]
  real_q_seq = [-0.3667, -0.1822,  0.1175,  0.0295,  0.0446, -0.2976, -0.0829, -0.0173, -0.2861,  0.4954,  0.6237,  0.1008,  0.1937, -0.2902, -0.4387,  0.5035, -0.4273, -0.0977,  0.0364, -0.819 ,  1.1   ,  1.1264,
  1.0303, -0.5056,  0.5725,  0.0267, -0.1174, -0.0245, -0.0139]
  ref_q_seq  = [-0.2191, -0.2114, -0.0203, -0.1176,  0.0985, -0.0188,  0.0851, -0.1221, -0.2934,  0.1777,  0.1405,  0.313 ,  0.1484, -0.1434, -0.1242,  0.41  , -0.466 , -0.0084, -0.1321, -0.753 ,  1.0029,  1.0742,
  0.9903, -0.5735,  0.508 ,  0.0084,  0.0039,  0.    ,  0.    ]
  q_err_seq  = [-0.1476,  0.0292,  0.1377,  0.147 , -0.0538, -0.2788, -0.168 ,  0.1048,  0.0073,  0.3177,  0.4832, -0.2123,  0.0453, -0.1468, -0.3145,  0.0935,  0.0387, -0.0893,  0.1685, -0.066 ,  0.0971,  0.0522,
  0.0401,  0.0679,  0.0645,  0.0183, -0.1212, -0.0245, -0.0139]
  real_dq_seq= [ 1.9336, -0.7885,  1.1039,  0.6567,  1.5272,  1.3946, -1.1879,  0.4731, -0.2539, -2.0857, -2.7827,  1.5232,  0.4188,  0.9704,  1.0304, -0.4786, -0.4203, -0.0927,  0.2146, -1.6076,  2.2887,  0.5844,
  2.0617, -0.5906,  0.632 , -0.0098,  0.0815,  0.3171,  0.0029]
  ref_dq_seq = [ 0.605 ,  0.6581, -0.0104, -0.1079, -0.0065,  0.0247,  0.0472,  0.0547, -0.3387, -0.7512, -0.8891,  0.5869,  0.6422,  0.1812,  0.2313, -0.1764,  0.0439,  0.0052, -0.0027, -0.28  ,  0.3983,  0.3862,
  0.2673, -0.0373, -0.0105, -0.0275, -0.0151,  0.    , -0.    ]
  dq_err_seq = [ 1.3285, -1.4466,  1.1143,  0.7646,  1.5337,  1.3699, -1.2351,  0.4184,  0.0848, -1.3345, -1.8936,  0.9364, -0.2234,  0.7892,  0.7992, -0.3022, -0.4642, -0.0979,  0.2173, -1.3276,  1.8904,  0.1983,
  1.7943, -0.5533,  0.6425,  0.0177,  0.0965,  0.3171,  0.0029]
==========================================================================================


==========================================================================================
[REAL/REF DEBUG] step=18, counter=19, full_print=True
[add6 / anchor / velocity]
  real_anchor_pos_w        = [-0.1654,  0.003 ,  0.8456]
  ref_anchor_pos_w(offset) = [-0.0703, -0.06  ,  0.8215]
  obs_motion_anchor_pos_b  = [-0.0246,  0.1136,  0.0091] |norm|=0.1166
  obs_base_lin_vel_b       = [0.5617, 0.0523, 0.1099] |norm|=0.5748
  obs_base_ang_vel_b       = [-1.0674, -0.2397,  0.8   ] |norm|=1.3553
[motion command]
  reference_q_head         = [-0.2075, -0.1988, -0.0205, -0.1196,  0.0984, -0.0183]
  reference_dq_head        = [ 0.5537,  0.5979, -0.0171, -0.0917,  0.0014,  0.0241]
  anchor_offset            = [0.006 , 0.0789, 0.    ]
[q / dq summary]
  real_q_seq:  min=-0.8454, max= 1.1397, mean= 0.0737, std= 0.4736
  real_dq_seq: min=-3.2016, max= 2.4482, mean= 0.1552, std= 1.2277
  ref_q_seq:   min=-0.7582, max= 1.0812, mean= 0.0615, std= 0.4176
  q_err:       norm= 0.8316, mean_abs= 0.1169, max_abs= 0.4449
  q_err_top8:
    01. right_knee_joint             real= 0.5686, ref= 0.1238, err= 0.4449, target= 0.2982
    02. right_ankle_pitch_joint      real=-0.4124, ref=-0.1195, err=-0.2929, target=-0.1927
    03. left_knee_joint              real= 0.4543, ref= 0.1634, err= 0.2909, target= 0.4038
    04. waist_roll_joint             real=-0.2622, ref=-0.0183, err=-0.2440, target= 0.5190
    05. left_hip_yaw_joint           real=-0.1038, ref= 0.0860, err=-0.1897, target=-0.3535
    06. left_shoulder_pitch_joint    real= 0.1441, ref= 0.3231, err=-0.1790, target= 0.1591
    07. right_ankle_roll_joint       real= 0.0398, ref=-0.1322, err= 0.1719, target= 0.0349
    08. left_hip_roll_joint          real= 0.0406, ref=-0.1196, err= 0.1602, target= 0.1221
[action] norm=6.7877, min=-2.0058, max= 3.4051
[target_q_seq] min=-0.8797, max= 1.2558, mean= 0.1219
[full arrays, policy joint_seq order]
  real_q_seq = [-0.3339, -0.1997,  0.1314,  0.0406,  0.075 , -0.2622, -0.1038, -0.0165, -0.2927,  0.4543,  0.5686,  0.1441,  0.1942, -0.273 , -0.4124,  0.4916, -0.4417, -0.0975,  0.0398, -0.8454,  1.1397,  1.1323,
  1.0618, -0.5152,  0.58  ,  0.0268, -0.1158, -0.0191, -0.0137]
  ref_q_seq  = [-0.2075, -0.1988, -0.0205, -0.1196,  0.0984, -0.0183,  0.086 , -0.121 , -0.2998,  0.1634,  0.1238,  0.3231,  0.16  , -0.1399, -0.1195,  0.4067, -0.4652, -0.0083, -0.1322, -0.7582,  1.0104,  1.0812,
  0.9953, -0.5743,  0.5078,  0.0078,  0.0035,  0.    ,  0.    ]
  q_err_seq  = [-0.1264, -0.0009,  0.152 ,  0.1602, -0.0234, -0.244 , -0.1897,  0.1045,  0.0071,  0.2909,  0.4449, -0.179 ,  0.0342, -0.1331, -0.2929,  0.0849,  0.0235, -0.0891,  0.1719, -0.0873,  0.1293,  0.0511,
  0.0665,  0.059 ,  0.0722,  0.019 , -0.1193, -0.0191, -0.0137]
  real_dq_seq= [ 1.6062, -0.8211,  0.4543,  0.7461,  1.4344,  1.7788, -1.4399, -0.0669, -0.2019, -1.9264, -3.2016,  2.4482, -0.2393,  0.7604,  1.5628, -0.6872, -0.8253,  0.0208,  0.3423, -1.221 ,  2.0985,  0.1427,
  1.4987, -0.5568,  0.4633, -0.0039,  0.1031,  0.2307,  0.    ]
  ref_dq_seq = [ 0.5537,  0.5979, -0.0171, -0.0917,  0.0014,  0.0241,  0.0419,  0.051 , -0.2971, -0.6813, -0.7985,  0.4346,  0.5216,  0.1733,  0.2334, -0.1562,  0.0355,  0.004 , -0.0028, -0.2399,  0.3592,  0.3183,
  0.2367, -0.0404, -0.0062, -0.031 , -0.0167,  0.    , -0.    ]
  dq_err_seq = [ 1.0525, -1.4189,  0.4714,  0.8379,  1.4331,  1.7547, -1.4818, -0.1178,  0.0953, -1.2451, -2.4031,  2.0137, -0.7609,  0.5871,  1.3294, -0.531 , -0.8608,  0.0168,  0.3451, -0.9812,  1.7393, -0.1757,
  1.262 , -0.5164,  0.4694,  0.0271,  0.1198,  0.2307,  0.    ]
==========================================================================================


==========================================================================================
[REAL/REF DEBUG] step=19, counter=20, full_print=True
[add6 / anchor / velocity]
  real_anchor_pos_w        = [-0.1654,  0.003 ,  0.8456]
  ref_anchor_pos_w(offset) = [-0.0722, -0.0607,  0.8213]
  obs_motion_anchor_pos_b  = [-0.0228,  0.1129,  0.0085] |norm|=0.1155
  obs_base_lin_vel_b       = [0.5617, 0.0523, 0.1099] |norm|=0.5748
  obs_base_ang_vel_b       = [-0.9097, -0.5241,  0.7574] |norm|=1.2946
[motion command]
  reference_q_head         = [-0.197 , -0.1875, -0.0209, -0.1213,  0.0985, -0.0178]
  reference_dq_head        = [ 0.5019,  0.5413, -0.0221, -0.0792,  0.0067,  0.0204]
  anchor_offset            = [0.006 , 0.0789, 0.    ]
[q / dq summary]
  real_q_seq:  min=-0.8626, max= 1.1767, mean= 0.0762, std= 0.4752
  real_dq_seq: min=-3.0172, max= 2.4850, mean= 0.1299, std= 1.1486
  ref_q_seq:   min=-0.7626, max= 1.0869, mean= 0.0623, std= 0.4189
  q_err:       norm= 0.7839, mean_abs= 0.1117, max_abs= 0.3980
  q_err_top8:
    01. right_knee_joint             real= 0.5066, ref= 0.1086, err= 0.3980, target= 0.2702
    02. left_knee_joint              real= 0.4203, ref= 0.1505, err= 0.2699, target= 0.4104
    03. right_ankle_pitch_joint      real=-0.3828, ref=-0.1149, err=-0.2679, target=-0.1277
    04. left_hip_yaw_joint           real=-0.1282, ref= 0.0868, err=-0.2150, target=-0.2756
    05. waist_roll_joint             real=-0.2169, ref=-0.0178, err=-0.1991, target= 0.5190
    06. left_hip_roll_joint          real= 0.0553, ref=-0.1213, err= 0.1766, target= 0.1113
    07. right_ankle_roll_joint       real= 0.0388, ref=-0.1322, err= 0.1710, target= 0.0145
    08. right_shoulder_yaw_joint     real= 1.1767, ref= 1.0173, err= 0.1595, target= 1.2887
[action] norm=6.3405, min=-1.9039, max= 3.1761
[target_q_seq] min=-0.8350, max= 1.2887, mean= 0.1289
[full arrays, policy joint_seq order]
  real_q_seq = [-0.3025, -0.2181,  0.1371,  0.0553,  0.0956, -0.2169, -0.1282, -0.0125, -0.2929,  0.4203,  0.5066,  0.1916,  0.1853, -0.2627, -0.3828,  0.4792, -0.4649, -0.0952,  0.0388, -0.8626,  1.1767,  1.1314,
  1.0856, -0.5259,  0.585 ,  0.0268, -0.1139, -0.0148, -0.0127]
  ref_q_seq  = [-0.197 , -0.1875, -0.0209, -0.1213,  0.0985, -0.0178,  0.0868, -0.12  , -0.3053,  0.1505,  0.1086,  0.3304,  0.1693, -0.1365, -0.1149,  0.4037, -0.4646, -0.0083, -0.1322, -0.7626,  1.0173,  1.0869,
  0.9997, -0.5751,  0.5077,  0.0072,  0.0032,  0.    ,  0.    ]
  q_err_seq  = [-0.1056, -0.0306,  0.1581,  0.1766, -0.0029, -0.1991, -0.215 ,  0.1075,  0.0124,  0.2699,  0.398 , -0.1388,  0.016 , -0.1263, -0.2679,  0.0755, -0.0003, -0.0869,  0.171 , -0.1   ,  0.1595,  0.0444,
  0.0859,  0.0492,  0.0773,  0.0196, -0.1171, -0.0148, -0.0127]
  real_dq_seq= [ 1.6902, -1.0182,  0.1817,  0.6   ,  0.8683,  2.2605, -0.9256,  0.2777,  0.0955, -1.4334, -3.0172,  2.485 , -0.3712,  0.3791,  1.4675, -0.6213, -1.2747, -0.0053, -0.2966, -0.566 ,  1.9083, -0.1243,
  1.2287, -0.4786,  0.2071, -0.001 ,  0.0903,  0.1512,  0.0108]
  ref_dq_seq = [ 0.5019,  0.5413, -0.0221, -0.0792,  0.0067,  0.0204,  0.0364,  0.0496, -0.2538, -0.6196, -0.7234,  0.3098,  0.4206,  0.1643,  0.2251, -0.1401,  0.0315,  0.0028, -0.0029, -0.2065,  0.3267,  0.2615,
  0.2103, -0.0427, -0.0029, -0.0323, -0.0173,  0.    , -0.    ]
  dq_err_seq = [ 1.1882, -1.5595,  0.2038,  0.6792,  0.8616,  2.2401, -0.962 ,  0.2281,  0.3493, -0.8138, -2.2938,  2.1753, -0.7919,  0.2148,  1.2424, -0.4812, -1.3062, -0.0081, -0.2937, -0.3595,  1.5816, -0.3858,
  1.0184, -0.4359,  0.21  ,  0.0313,  0.1076,  0.1512,  0.0108]
==========================================================================================


==========================================================================================
[REAL/REF DEBUG] step=49, counter=50, full_print=False
[add6 / anchor / velocity]
  real_anchor_pos_w        = [-0.3303, -0.0958,  0.8634]
  ref_anchor_pos_w(offset) = [-0.08  , -0.0521,  0.8196]
  obs_motion_anchor_pos_b  = [-0.182 ,  0.1821, -0.0133] |norm|=0.2578
  obs_base_lin_vel_b       = [ 0.3876, -0.0681, -0.0494] |norm|=0.3966
  obs_base_ang_vel_b       = [0.1406, 0.3867, 1.4381] |norm|=1.4958
[motion command]
  reference_q_head         = [-0.1426, -0.0895, -0.0469, -0.1193,  0.122 , -0.0236]
  reference_dq_head        = [-0.1636,  0.0241, -0.0065,  0.0316,  0.0437, -0.0149]
  anchor_offset            = [0.006 , 0.0789, 0.    ]
[q / dq summary]
  real_q_seq:  min=-0.8721, max= 1.2630, mean= 0.0616, std= 0.4761
  real_dq_seq: min=-0.8590, max= 1.9644, mean=-0.0285, std= 0.5071
  ref_q_seq:   min=-0.7919, max= 1.1162, mean= 0.0652, std= 0.4312
  q_err:       norm= 0.6406, mean_abs= 0.0908, max_abs= 0.3364
  q_err_top8:
    01. right_ankle_pitch_joint      real=-0.3841, ref=-0.0477, err=-0.3364, target= 0.5226
    02. right_knee_joint             real= 0.2416, ref=-0.0414, err= 0.2830, target= 0.4715
    03. left_shoulder_roll_joint     real= 0.5692, ref= 0.3858, err= 0.1834, target= 0.8373
    04. left_knee_joint              real= 0.2765, ref= 0.0965, err= 0.1800, target= 0.1815
    05. waist_roll_joint             real=-0.1914, ref=-0.0236, err=-0.1679, target=-0.1496
    06. right_shoulder_yaw_joint     real= 1.2630, ref= 1.1132, err= 0.1498, target= 1.2087
    07. right_hip_roll_joint         real= 0.0167, ref= 0.1220, err=-0.1052, target=-0.3092
    08. left_hip_yaw_joint           real=-0.0266, ref= 0.0744, err=-0.1011, target=-0.0281
[action] norm=7.7720, min=-1.9796, max= 5.2431
[target_q_seq] min=-1.1382, max= 1.2087, mean= 0.1053
==========================================================================================


==========================================================================================
[REAL/REF DEBUG] step=99, counter=100, full_print=False
[add6 / anchor / velocity]
  real_anchor_pos_w        = [-0.6248, -0.6183,  0.8949]
  ref_anchor_pos_w(offset) = [-0.0781, -0.0243,  0.8231]
  obs_motion_anchor_pos_b  = [-0.7952,  0.1486,  0.0502] |norm|=0.8105
  obs_base_lin_vel_b       = [ 0.4984,  0.0251, -0.1634] |norm|=0.5251
  obs_base_ang_vel_b       = [ 0.2429, -0.6509,  0.1044] |norm|=0.7025
[motion command]
  reference_q_head         = [-0.6893,  0.0094, -0.0179, -0.0971,  0.1051, -0.033 ]
  reference_dq_head        = [-0.5781,  0.0849, -0.0298,  0.2266, -0.135 ,  0.0023]
  anchor_offset            = [0.006 , 0.0789, 0.    ]
[q / dq summary]
  real_q_seq:  min=-0.8481, max= 1.3293, mean= 0.0861, std= 0.4801
  real_dq_seq: min=-0.8483, max= 1.4776, mean= 0.0725, std= 0.4871
  ref_q_seq:   min=-0.7872, max= 1.1926, mean= 0.0731, std= 0.4698
  q_err:       norm= 0.6922, mean_abs= 0.0887, max_abs= 0.3719
  q_err_top8:
    01. left_knee_joint              real= 0.4024, ref= 0.7742, err=-0.3719, target= 0.3408
    02. left_hip_pitch_joint         real=-0.3426, ref=-0.6893, err= 0.3467, target=-0.3188
    03. right_knee_joint             real= 0.2542, ref=-0.0289, err= 0.2831, target= 0.4182
    04. right_ankle_pitch_joint      real=-0.2492, ref=-0.0723, err=-0.1769, target= 0.5226
    05. right_shoulder_yaw_joint     real= 1.3293, ref= 1.1926, err= 0.1367, target= 1.2974
    06. left_hip_yaw_joint           real=-0.0618, ref= 0.0461, err=-0.1079, target=-0.1575
    07. left_elbow_joint             real= 1.1814, ref= 1.0745, err= 0.1069, target= 1.1413
    08. right_wrist_roll_joint       real= 0.5778, ref= 0.4734, err= 0.1044, target= 0.4960
[action] norm=6.8338, min=-1.9058, max= 3.0729
[target_q_seq] min=-0.8358, max= 1.2974, mean= 0.1503
==========================================================================================


==========================================================================================
[REAL/REF DEBUG] step=149, counter=150, full_print=False
[add6 / anchor / velocity]
  real_anchor_pos_w        = [-0.94  , -0.8099,  0.8551]
  ref_anchor_pos_w(offset) = [-0.0961, -0.0769,  0.8238]
  obs_motion_anchor_pos_b  = [-0.9983,  0.5014,  0.0496] |norm|=1.1182
  obs_base_lin_vel_b       = [ 0.1538, -0.4338, -0.112 ] |norm|=0.4737
  obs_base_ang_vel_b       = [ 0.457 , -0.6679,  0.2429] |norm|=0.8450
[motion command]
  reference_q_head         = [-0.3592,  0.0145, -0.0645,  0.2435,  0.0224, -0.0406]
  reference_dq_head        = [ 0.6469, -0.0018,  0.0057,  0.049 , -0.0775,  0.0366]
  anchor_offset            = [0.006 , 0.0789, 0.    ]
[q / dq summary]
  real_q_seq:  min=-0.6808, max= 1.2689, mean= 0.0633, std= 0.4981
  real_dq_seq: min=-1.6090, max= 2.4084, mean= 0.0520, std= 0.8431
  ref_q_seq:   min=-0.7588, max= 1.1261, mean= 0.0607, std= 0.4365
  q_err:       norm= 1.0950, mean_abs= 0.1317, max_abs= 0.7837
  q_err_top8:
    01. right_knee_joint             real= 0.8490, ref= 0.0652, err= 0.7837, target= 0.3667
    02. right_hip_pitch_joint        real=-0.4477, ref= 0.0145, err=-0.4622, target=-0.1564
    03. right_ankle_pitch_joint      real=-0.4770, ref=-0.1592, err=-0.3178, target= 0.5226
    04. left_wrist_roll_joint        real=-0.5559, ref=-0.7588, err= 0.2030, target=-0.6081
    05. right_hip_yaw_joint          real=-0.2704, ref=-0.0921, err=-0.1783, target= 0.0681
    06. left_hip_yaw_joint           real=-0.2978, ref=-0.1282, err=-0.1696, target=-0.3181
    07. left_shoulder_pitch_joint    real= 0.1155, ref= 0.2822, err=-0.1667, target= 0.2552
    08. right_shoulder_yaw_joint     real= 1.2689, ref= 1.1261, err= 0.1427, target= 1.2269
[action] norm=7.5485, min=-1.5901, max= 5.1321
[target_q_seq] min=-0.7269, max= 1.2269, mean= 0.1086
==========================================================================================


==========================================================================================
[REAL/REF DEBUG] step=199, counter=200, full_print=False
[add6 / anchor / velocity]
  real_anchor_pos_w        = [-1.1424, -0.6924,  0.9066]
  ref_anchor_pos_w(offset) = [-0.0841, -0.2056,  0.8215]
  obs_motion_anchor_pos_b  = [-0.9083,  0.734 , -0.0198] |norm|=1.1680
  obs_base_lin_vel_b       = [-0.4176,  0.3755, -0.1128] |norm|=0.5729
  obs_base_ang_vel_b       = [ 2.5162, -0.131 , -1.8908] |norm|=3.1502
[motion command]
  reference_q_head         = [-0.1331, -0.0585, -0.0717,  0.1256, -0.1101, -0.0352]
  reference_dq_head        = [ 0.062 , -0.0954, -0.0445, -0.1639, -0.1757, -0.0341]
  anchor_offset            = [0.006 , 0.0789, 0.    ]
[q / dq summary]
  real_q_seq:  min=-0.7045, max= 1.1542, mean= 0.0798, std= 0.4739
  real_dq_seq: min=-7.5202, max= 3.7934, mean=-0.1690, std= 2.0797
  ref_q_seq:   min=-0.8163, max= 1.0502, mean= 0.0531, std= 0.4305
  q_err:       norm= 0.9107, mean_abs= 0.1231, max_abs= 0.5488
  q_err_top8:
    01. right_knee_joint             real= 0.6817, ref= 0.1329, err= 0.5488, target= 0.0392
    02. left_knee_joint              real= 0.3355, ref=-0.0133, err= 0.3489, target= 0.4350
    03. right_hip_pitch_joint        real=-0.3760, ref=-0.0585, err=-0.3175, target=-0.6170
    04. left_hip_pitch_joint         real=-0.3723, ref=-0.1331, err=-0.2392, target= 0.0808
    05. left_hip_roll_joint          real= 0.3037, ref= 0.1256, err= 0.1781, target= 0.1252
    06. right_shoulder_roll_joint    real=-0.6221, ref=-0.4770, err=-0.1452, target=-0.5031
    07. right_hip_roll_joint         real=-0.2528, ref=-0.1101, err=-0.1426, target=-0.4122
    08. waist_yaw_joint              real=-0.2102, ref=-0.0717, err=-0.1385, target=-0.2383
[action] norm=5.4548, min=-1.7960, max= 2.4252
[target_q_seq] min=-0.6759, max= 1.0778, mean= 0.0577
==========================================================================================


==========================================================================================
[REAL/REF DEBUG] step=249, counter=250, full_print=False
[add6 / anchor / velocity]
  real_anchor_pos_w        = [-0.4337, -0.5309,  0.8933]
  ref_anchor_pos_w(offset) = [-0.0875, -0.266 ,  0.8257]
  obs_motion_anchor_pos_b  = [-0.3981,  0.1862, -0.038 ] |norm|=0.4411
  obs_base_lin_vel_b       = [-0.2864,  0.5266, -0.1079] |norm|=0.6091
  obs_base_ang_vel_b       = [-0.832 , -0.2067,  0.8906] |norm|=1.2361
[motion command]
  reference_q_head         = [-0.1541, -0.1248, -0.0889,  0.0629, -0.1906, -0.0495]
  reference_dq_head        = [-0.0422, -0.0534,  0.001 ,  0.0345,  0.019 , -0.0053]
  anchor_offset            = [0.006 , 0.0789, 0.    ]
[q / dq summary]
  real_q_seq:  min=-1.0316, max= 1.1477, mean= 0.0715, std= 0.4745
  real_dq_seq: min=-1.4178, max= 1.8031, mean= 0.0553, std= 0.7209
  ref_q_seq:   min=-1.0234, max= 1.1023, mean= 0.0424, std= 0.4466
  q_err:       norm= 0.6368, mean_abs= 0.0824, max_abs= 0.4066
  q_err_top8:
    01. left_knee_joint              real= 0.3269, ref=-0.0797, err= 0.4066, target=-0.0860
    02. left_hip_yaw_joint           real= 0.1926, ref=-0.0177, err= 0.2103, target= 0.1888
    03. left_hip_pitch_joint         real=-0.3317, ref=-0.1541, err=-0.1776, target=-0.5819
    04. right_knee_joint             real= 0.2837, ref= 0.1068, err= 0.1769, target= 0.3653
    05. left_ankle_pitch_joint       real=-0.1029, ref= 0.0668, err=-0.1697, target=-0.8650
    06. waist_roll_joint             real= 0.0741, ref=-0.0495, err= 0.1236, target= 0.2545
    07. waist_pitch_joint            real=-0.1751, ref=-0.2986, err= 0.1235, target=-0.0696
    08. right_shoulder_pitch_joint   real=-0.0614, ref= 0.0406, err=-0.1021, target=-0.2552
[action] norm=6.0594, min=-2.5415, max= 2.4932
[target_q_seq] min=-1.1147, max= 1.1096, mean= 0.0275
==========================================================================================


==========================================================================================
[REAL/REF DEBUG] step=299, counter=300, full_print=False
[add6 / anchor / velocity]
  real_anchor_pos_w        = [-0.1978, -0.464 ,  0.893 ]
  ref_anchor_pos_w(offset) = [-0.0693, -0.2512,  0.8257]
  obs_motion_anchor_pos_b  = [-0.2517, -0.0527, -0.0132] |norm|=0.2575
  obs_base_lin_vel_b       = [-0.2124, -0.0536, -0.0665] |norm|=0.2290
  obs_base_ang_vel_b       = [0.0969, 0.0458, 0.2706] |norm|=0.2910
[motion command]
  reference_q_head         = [-0.1901, -0.1413, -0.0658,  0.0779, -0.19  , -0.0338]
  reference_dq_head        = [-0.0497, -0.0114,  0.0256,  0.0044, -0.0141,  0.026 ]
  anchor_offset            = [0.006 , 0.0789, 0.    ]
[q / dq summary]
  real_q_seq:  min=-1.3092, max= 1.1371, mean= 0.0173, std= 0.4874
  real_dq_seq: min=-1.2379, max= 1.1628, mean=-0.0032, std= 0.4319
  ref_q_seq:   min=-1.1740, max= 1.1323, mean= 0.0102, std= 0.4874
  q_err:       norm= 0.4064, mean_abs= 0.0595, max_abs= 0.1566
  q_err_top8:
    01. left_wrist_yaw_joint         real= 0.1566, ref=-0.0000, err= 0.1566, target= 0.1655
    02. right_shoulder_pitch_joint   real=-0.5118, ref=-0.6636, err= 0.1519, target=-0.9744
    03. left_shoulder_yaw_joint      real=-1.3092, ref=-1.1740, err=-0.1352, target=-1.2560
    04. right_ankle_pitch_joint      real=-0.0657, ref=-0.1885, err= 0.1228, target=-0.2245
    05. left_hip_pitch_joint         real=-0.3120, ref=-0.1901, err=-0.1218, target=-0.2333
    06. left_wrist_roll_joint        real=-0.4608, ref=-0.3441, err=-0.1167, target=-0.4014
    07. left_shoulder_pitch_joint    real=-0.5030, ref=-0.6100, err= 0.1069, target=-0.9244
    08. right_elbow_joint            real= 1.0379, ref= 1.1266, err=-0.0887, target= 1.0458
[action] norm=6.7366, min=-2.8637, max= 2.3528
[target_q_seq] min=-1.2560, max= 1.1378, mean=-0.0281
==========================================================================================


==========================================================================================
[REAL/REF DEBUG] step=349, counter=350, full_print=False
[add6 / anchor / velocity]
  real_anchor_pos_w        = [-0.0759, -0.4061,  0.8867]
  ref_anchor_pos_w(offset) = [-0.0696, -0.245 ,  0.829 ]
  obs_motion_anchor_pos_b  = [-0.13  , -0.104 , -0.0401] |norm|=0.1713
  obs_base_lin_vel_b       = [-0.0801,  0.1801, -0.0977] |norm|=0.2200
  obs_base_ang_vel_b       = [-0.0778,  0.0575,  0.4037] |norm|=0.4152
[motion command]
  reference_q_head         = [-0.2398, -0.1515, -0.0344,  0.0905, -0.2002, -0.0222]
  reference_dq_head        = [ 0.0086,  0.0019, -0.0147,  0.0002, -0.0225,  0.0088]
  anchor_offset            = [0.006 , 0.0789, 0.    ]
[q / dq summary]
  real_q_seq:  min=-1.3488, max= 1.1960, mean=-0.0183, std= 0.5936
  real_dq_seq: min=-0.5781, max= 0.6826, mean= 0.0407, std= 0.2255
  ref_q_seq:   min=-1.3554, max= 1.2077, mean=-0.0292, std= 0.5872
  q_err:       norm= 0.3692, mean_abs= 0.0532, max_abs= 0.1443
  q_err_top8:
    01. left_shoulder_yaw_joint      real=-1.2567, ref=-1.1124, err=-0.1443, target=-1.1239
    02. left_wrist_yaw_joint         real= 0.1411, ref= 0.0000, err= 0.1411, target= 0.1270
    03. left_ankle_pitch_joint       real= 0.0010, ref=-0.1396, err= 0.1406, target=-0.1599
    04. left_hip_pitch_joint         real=-0.3588, ref=-0.2398, err=-0.1190, target=-0.2903
    05. right_ankle_pitch_joint      real=-0.0829, ref=-0.1993, err= 0.1164, target=-0.2575
    06. right_hip_pitch_joint        real=-0.2316, ref=-0.1515, err=-0.0801, target=-0.0244
    07. waist_yaw_joint              real= 0.0434, ref=-0.0344, err= 0.0777, target= 0.0016
    08. left_shoulder_pitch_joint    real=-1.2794, ref=-1.3554, err= 0.0759, target=-1.8099
[action] norm=8.4417, min=-4.6475, max= 2.2889
[target_q_seq] min=-1.8383, max= 1.2194, mean=-0.0663
==========================================================================================


==========================================================================================
[REAL/REF DEBUG] step=399, counter=400, full_print=False
[add6 / anchor / velocity]
  real_anchor_pos_w        = [-0.1112, -0.365 ,  0.88  ]
  ref_anchor_pos_w(offset) = [-0.0532, -0.2409,  0.8271]
  obs_motion_anchor_pos_b  = [-0.1389, -0.035 , -0.0323] |norm|=0.1468
  obs_base_lin_vel_b       = [-0.0334, -0.0019,  0.0232] |norm|=0.0407
  obs_base_ang_vel_b       = [ 0.0011, -0.0117, -0.0234] |norm|=0.0262
[motion command]
  reference_q_head         = [-0.2773, -0.2026, -0.0565,  0.0813, -0.2124, -0.0163]
  reference_dq_head        = [-0.1658, -0.1701, -0.0371,  0.0072,  0.0152, -0.009 ]
  anchor_offset            = [0.006 , 0.0789, 0.    ]
[q / dq summary]
  real_q_seq:  min=-1.3540, max= 1.2016, mean=-0.0058, std= 0.5661
  real_dq_seq: min=-0.4571, max= 0.4847, mean= 0.0011, std= 0.1590
  ref_q_seq:   min=-1.3800, max= 1.1389, mean=-0.0343, std= 0.5602
  q_err:       norm= 0.5058, mean_abs= 0.0762, max_abs= 0.2567
  q_err_top8:
    01. left_ankle_pitch_joint       real= 0.1080, ref=-0.1487, err= 0.2567, target= 0.0432
    02. left_knee_joint              real= 0.2008, ref= 0.3791, err=-0.1783, target= 0.1707
    03. right_hip_roll_joint         real=-0.0715, ref=-0.2124, err= 0.1409, target=-0.0849
    04. right_shoulder_yaw_joint     real= 0.8423, ref= 0.7099, err= 0.1324, target= 0.7310
    05. right_elbow_joint            real= 1.2016, ref= 1.0766, err= 0.1250, target= 1.0948
    06. left_hip_roll_joint          real= 0.2017, ref= 0.0813, err= 0.1204, target= 0.1838
    07. right_ankle_pitch_joint      real=-0.1278, ref=-0.2352, err= 0.1075, target=-0.3207
    08. waist_roll_joint             real= 0.0881, ref=-0.0163, err= 0.1044, target= 0.1025
[action] norm=7.9132, min=-4.6406, max= 1.6668
[target_q_seq] min=-1.8353, max= 1.1107, mean=-0.0573
==========================================================================================


==========================================================================================
[REAL/REF DEBUG] step=449, counter=450, full_print=False
[add6 / anchor / velocity]
  real_anchor_pos_w        = [-0.0679, -0.3178,  0.8375]
  ref_anchor_pos_w(offset) = [-0.0081, -0.2312,  0.778 ]
  obs_motion_anchor_pos_b  = [-0.1075, -0.0113, -0.0541] |norm|=0.1209
  obs_base_lin_vel_b       = [-0.0747,  0.1519, -0.0049] |norm|=0.1694
  obs_base_ang_vel_b       = [-0.0522,  0.0362, -0.8756] |norm|=0.8779
[motion command]
  reference_q_head         = [-0.6758, -0.6193, -0.0404,  0.1145, -0.2246, -0.0177]
  reference_dq_head        = [-0.4127, -0.4521,  0.044 ,  0.0242, -0.0389,  0.0145]
  anchor_offset            = [0.006 , 0.0789, 0.    ]
[q / dq summary]
  real_q_seq:  min=-1.0306, max= 0.8235, mean=-0.0241, std= 0.5126
  real_dq_seq: min=-1.4005, max= 1.2839, mean=-0.0173, std= 0.5251
  ref_q_seq:   min=-0.9344, max= 0.8691, mean=-0.0324, std= 0.4874
  q_err:       norm= 0.3714, mean_abs= 0.0559, max_abs= 0.1737
  q_err_top8:
    01. right_hip_yaw_joint          real=-0.2692, ref=-0.0955, err=-0.1737, target=-0.1165
    02. right_ankle_pitch_joint      real=-0.2413, ref=-0.3677, err= 0.1264, target=-0.5783
    03. waist_yaw_joint              real= 0.0839, ref=-0.0404, err= 0.1242, target= 0.1240
    04. right_shoulder_pitch_joint   real=-1.0306, ref=-0.9344, err=-0.0962, target=-1.3737
    05. right_elbow_joint            real= 0.7740, ref= 0.6813, err= 0.0927, target= 0.6364
    06. left_shoulder_pitch_joint    real=-0.9417, ref=-0.8550, err=-0.0867, target=-1.2035
    07. left_hip_roll_joint          real= 0.1955, ref= 0.1145, err= 0.0810, target= 0.2640
    08. right_hip_roll_joint         real=-0.3048, ref=-0.2246, err=-0.0801, target=-0.1654
[action] norm=6.5135, min=-3.5882, max= 1.9377
[target_q_seq] min=-1.3737, max= 0.8787, mean=-0.0807
==========================================================================================


==========================================================================================
[REAL/REF DEBUG] step=499, counter=500, full_print=False
[add6 / anchor / velocity]
  real_anchor_pos_w        = [-0.0829, -0.3677,  0.8047]
  ref_anchor_pos_w(offset) = [-0.0244, -0.2329,  0.7475]
  obs_motion_anchor_pos_b  = [-0.1297, -0.0413, -0.0795] |norm|=0.1576
  obs_base_lin_vel_b       = [ 0.121 , -0.1762,  0.0199] |norm|=0.2147
  obs_base_ang_vel_b       = [0.0874, 0.0874, 0.0128] |norm|=0.1242
[motion command]
  reference_q_head         = [-0.8209, -0.809 , -0.0365,  0.1433, -0.2343, -0.0104]
  reference_dq_head        = [ 0.0218, -0.0133, -0.0015,  0.0226, -0.0016,  0.0111]
  anchor_offset            = [0.006 , 0.0789, 0.    ]
[q / dq summary]
  real_q_seq:  min=-0.9196, max= 1.1055, mean=-0.0108, std= 0.5105
  real_dq_seq: min=-0.1636, max= 0.4740, mean= 0.0183, std= 0.1289
  ref_q_seq:   min=-0.8209, max= 1.0853, mean=-0.0116, std= 0.4995
  q_err:       norm= 0.3185, mean_abs= 0.0455, max_abs= 0.1418
  q_err_top8:
    01. left_ankle_pitch_joint       real=-0.2561, ref=-0.3979, err= 0.1418, target= 0.1777
    02. waist_pitch_joint            real=-0.1034, ref=-0.2222, err= 0.1188, target=-0.5190
    03. left_shoulder_pitch_joint    real=-0.5940, ref=-0.4824, err=-0.1116, target=-0.7728
    04. right_shoulder_pitch_joint   real=-0.7059, ref=-0.6050, err=-0.1009, target=-0.9483
    05. left_hip_pitch_joint         real=-0.9196, ref=-0.8209, err=-0.0988, target=-0.6266
    06. waist_yaw_joint              real= 0.0275, ref=-0.0365, err= 0.0640, target= 0.0276
    07. left_knee_joint              real= 0.9508, ref= 1.0146, err=-0.0639, target= 0.9078
    08. right_ankle_pitch_joint      real=-0.5324, ref=-0.4692, err=-0.0632, target= 0.1110
[action] norm=5.7783, min=-2.6182, max= 1.9632
[target_q_seq] min=-0.9483, max= 0.9877, mean= 0.0049
==========================================================================================


==========================================================================================
[REAL/REF DEBUG] step=549, counter=550, full_print=False
[add6 / anchor / velocity]
  real_anchor_pos_w        = [-0.0809, -0.3543,  0.7995]
  ref_anchor_pos_w(offset) = [-0.0337, -0.2406,  0.7494]
  obs_motion_anchor_pos_b  = [-0.1084, -0.0395, -0.066 ] |norm|=0.1329
  obs_base_lin_vel_b       = [-0.0641,  0.0451, -0.0083] |norm|=0.0788
  obs_base_ang_vel_b       = [ 0.0224, -0.1172,  0.0021] |norm|=0.1193
[motion command]
  reference_q_head         = [-0.7688, -0.7712, -0.0383,  0.1694, -0.2329, -0.0103]
  reference_dq_head        = [ 0.121 ,  0.0899, -0.0018,  0.0286,  0.0106, -0.0097]
  anchor_offset            = [0.006 , 0.0789, 0.    ]
[q / dq summary]
  real_q_seq:  min=-0.8894, max= 1.1325, mean= 0.0031, std= 0.5064
  real_dq_seq: min=-0.3252, max= 0.6412, mean= 0.0277, std= 0.1709
  ref_q_seq:   min=-0.7712, max= 1.0720, mean= 0.0040, std= 0.4890
  q_err:       norm= 0.3924, mean_abs= 0.0580, max_abs= 0.1719
  q_err_top8:
    01. left_ankle_pitch_joint       real=-0.2610, ref=-0.4329, err= 0.1719, target= 0.0664
    02. waist_pitch_joint            real=-0.1027, ref=-0.2562, err= 0.1536, target=-0.5190
    03. left_hip_pitch_joint         real=-0.8894, ref=-0.7688, err=-0.1205, target=-0.5629
    04. right_shoulder_pitch_joint   real=-0.5557, ref=-0.4443, err=-0.1114, target=-0.7591
    05. left_shoulder_pitch_joint    real=-0.4311, ref=-0.3300, err=-0.1011, target=-0.5615
    06. right_wrist_roll_joint       real= 0.7430, ref= 0.6421, err= 0.1009, target= 0.7013
    07. right_ankle_pitch_joint      real=-0.5679, ref=-0.4751, err=-0.0928, target=-0.1901
    08. left_shoulder_roll_joint     real= 0.4401, ref= 0.5308, err=-0.0906, target= 0.6797
[action] norm=5.4576, min=-2.3029, max= 1.5991
[target_q_seq] min=-0.7591, max= 0.9426, mean= 0.0021
==========================================================================================


==========================================================================================
[REAL/REF DEBUG] step=599, counter=600, full_print=False
[add6 / anchor / velocity]
  real_anchor_pos_w        = [-0.0904, -0.3335,  0.8149]
  ref_anchor_pos_w(offset) = [-0.0157, -0.2545,  0.7628]
  obs_motion_anchor_pos_b  = [-0.1053, -0.018 , -0.056 ] |norm|=0.1206
  obs_base_lin_vel_b       = [ 0.0393, -0.0001,  0.0512] |norm|=0.0646
  obs_base_ang_vel_b       = [ 0.0937,  0.0533, -0.2525] |norm|=0.2745
[motion command]
  reference_q_head         = [-0.6169, -0.8138, -0.151 ,  0.2452, -0.2217, -0.0212]
  reference_dq_head        = [ 0.1714, -0.0862, -0.464 ,  0.0873,  0.1487,  0.034 ]
  anchor_offset            = [0.006 , 0.0789, 0.    ]
[q / dq summary]
  real_q_seq:  min=-1.0338, max= 1.0944, mean=-0.0228, std= 0.5466
  real_dq_seq: min=-1.3407, max= 0.5185, mean=-0.1048, std= 0.3880
  ref_q_seq:   min=-1.0288, max= 1.0433, mean=-0.0337, std= 0.5527
  q_err:       norm= 0.4525, mean_abs= 0.0634, max_abs= 0.1936
  q_err_top8:
    01. right_ankle_pitch_joint      real=-0.5488, ref=-0.3551, err=-0.1936, target= 0.0371
    02. right_elbow_joint            real= 0.2518, ref= 0.0616, err= 0.1903, target= 0.1019
    03. right_hip_pitch_joint        real=-0.6343, ref=-0.8138, err= 0.1796, target=-0.5966
    04. left_ankle_pitch_joint       real=-0.2674, ref=-0.4336, err= 0.1662, target= 0.0235
    05. right_wrist_pitch_joint      real=-0.1162, ref=-0.0047, err=-0.1115, target=-0.1553
    06. waist_pitch_joint            real=-0.1114, ref=-0.2125, err= 0.1011, target=-0.5190
    07. right_shoulder_roll_joint    real=-0.7619, ref=-0.8461, err= 0.0842, target=-0.9669
    08. left_hip_pitch_joint         real=-0.6999, ref=-0.6169, err=-0.0830, target=-0.3139
[action] norm=6.8470, min=-3.8490, max= 2.1268
[target_q_seq] min=-1.4881, max= 0.9327, mean=-0.0376
==========================================================================================


==========================================================================================
[REAL/REF DEBUG] step=649, counter=650, full_print=False
[add6 / anchor / velocity]
  real_anchor_pos_w        = [-0.089 , -0.3533,  0.8228]
  ref_anchor_pos_w(offset) = [ 0.013 , -0.3004,  0.7761]
  obs_motion_anchor_pos_b  = [-0.1056, -0.0219, -0.0612] |norm|=0.1240
  obs_base_lin_vel_b       = [0.0139, 0.048 , 0.0327] |norm|=0.0597
  obs_base_ang_vel_b       = [ 0.0682, -0.0128, -0.098 ] |norm|=0.1201
[motion command]
  reference_q_head         = [-0.5223, -0.801 , -0.4039,  0.2679, -0.1369,  0.0101]
  reference_dq_head        = [ 0.1136,  0.065 , -0.0369, -0.0789, -0.014 ,  0.0253]
  anchor_offset            = [0.006 , 0.0789, 0.    ]
[q / dq summary]
  real_q_seq:  min=-1.2610, max= 1.0258, mean=-0.0875, std= 0.5972
  real_dq_seq: min=-0.3804, max= 0.1868, mean=-0.0247, std= 0.1240
  ref_q_seq:   min=-1.2811, max= 0.9837, mean=-0.0935, std= 0.5866
  q_err:       norm= 0.5146, mean_abs= 0.0714, max_abs= 0.3096
  q_err_top8:
    01. right_ankle_pitch_joint      real=-0.4804, ref=-0.1708, err=-0.3096, target= 0.3929
    02. left_shoulder_roll_joint     real= 0.1950, ref= 0.0400, err= 0.1551, target= 0.1526
    03. right_knee_joint             real= 1.0258, ref= 0.8829, err= 0.1429, target= 0.8385
    04. right_shoulder_yaw_joint     real= 0.9945, ref= 0.8753, err= 0.1191, target= 0.7649
    05. left_hip_pitch_joint         real=-0.6409, ref=-0.5223, err=-0.1186, target=-0.3648
    06. right_hip_pitch_joint        real=-0.6849, ref=-0.8010, err= 0.1162, target=-0.4377
    07. left_wrist_roll_joint        real=-0.6433, ref=-0.5300, err=-0.1133, target=-0.6372
    08. right_wrist_pitch_joint      real=-0.1108, ref=-0.0010, err=-0.1098, target=-0.1195
[action] norm=7.8456, min=-4.0958, max= 1.7441
[target_q_seq] min=-1.5963, max= 0.8385, mean=-0.0938
==========================================================================================


==========================================================================================
[REAL/REF DEBUG] step=699, counter=700, full_print=False
[add6 / anchor / velocity]
  real_anchor_pos_w        = [-0.081 , -0.3915,  0.8265]
  ref_anchor_pos_w(offset) = [ 0.0365, -0.3071,  0.7484]
  obs_motion_anchor_pos_b  = [-0.1176, -0.0505, -0.1032] |norm|=0.1644
  obs_base_lin_vel_b       = [ 0.001 ,  0.0474, -0.0457] |norm|=0.0659
  obs_base_ang_vel_b       = [-0.0192,  0.0788,  0.2269] |norm|=0.2410
[motion command]
  reference_q_head         = [-0.6738, -0.8624, -0.4327,  0.2044, -0.2474,  0.0667]
  reference_dq_head        = [-0.2521, -0.1295,  0.1075, -0.0688, -0.1202,  0.0441]
  anchor_offset            = [0.006 , 0.0789, 0.    ]
[q / dq summary]
  real_q_seq:  min=-1.3340, max= 1.0207, mean=-0.1084, std= 0.5688
  real_dq_seq: min=-0.4310, max= 0.8958, mean= 0.0354, std= 0.2993
  ref_q_seq:   min=-1.4575, max= 1.0441, mean=-0.1178, std= 0.5774
  q_err:       norm= 0.4505, mean_abs= 0.0653, max_abs= 0.2537
  q_err_top8:
    01. right_ankle_pitch_joint      real=-0.4892, ref=-0.2356, err=-0.2537, target= 0.0527
    02. right_hip_pitch_joint        real=-0.7306, ref=-0.8624, err= 0.1317, target=-0.4293
    03. left_shoulder_pitch_joint    real=-1.3340, ref=-1.4575, err= 0.1235, target=-1.8019
    04. left_shoulder_roll_joint     real= 0.0989, ref=-0.0198, err= 0.1187, target= 0.2241
    05. right_shoulder_roll_joint    real=-0.9162, ref=-0.8030, err=-0.1133, target=-1.1196
    06. left_knee_joint              real= 0.9426, ref= 1.0441, err=-0.1015, target= 0.8880
    07. right_wrist_yaw_joint        real= 0.0955, ref=-0.0000, err= 0.0955, target= 0.0922
    08. waist_yaw_joint              real=-0.3410, ref=-0.4327, err= 0.0917, target=-0.3511
[action] norm=7.9164, min=-4.5645, max= 2.1281
[target_q_seq] min=-1.8019, max= 0.9610, mean=-0.1200
==========================================================================================


==========================================================================================
[REAL/REF DEBUG] step=749, counter=750, full_print=False
[add6 / anchor / velocity]
  real_anchor_pos_w        = [-0.0861, -0.3896,  0.7872]
  ref_anchor_pos_w(offset) = [ 0.0385, -0.2747,  0.7438]
  obs_motion_anchor_pos_b  = [-0.154 , -0.0294, -0.0776] |norm|=0.1749
  obs_base_lin_vel_b       = [-0.0156,  0.0479, -0.0025] |norm|=0.0505
  obs_base_ang_vel_b       = [-0.0149,  0.0213,  0.0831] |norm|=0.0871
[motion command]
  reference_q_head         = [-0.7459, -0.86  , -0.2603,  0.1231, -0.3314,  0.0445]
  reference_dq_head        = [ 0.0781,  0.1028,  0.0296, -0.0383, -0.0571,  0.0001]
  anchor_offset            = [0.006 , 0.0789, 0.    ]
[q / dq summary]
  real_q_seq:  min=-1.5080, max= 1.1729, mean=-0.0633, std= 0.6161
  real_dq_seq: min=-0.1243, max= 0.5139, mean= 0.0317, std= 0.1186
  ref_q_seq:   min=-1.5870, max= 1.1210, mean=-0.0803, std= 0.6068
  q_err:       norm= 0.5169, mean_abs= 0.0793, max_abs= 0.2530
  q_err_top8:
    01. right_ankle_pitch_joint      real=-0.5905, ref=-0.3375, err=-0.2530, target= 0.0063
    02. right_wrist_pitch_joint      real=-0.1779, ref=-0.0004, err=-0.1775, target=-0.1826
    03. right_wrist_roll_joint       real= 0.7784, ref= 0.6038, err= 0.1746, target= 0.7299
    04. left_elbow_joint             real= 0.6139, ref= 0.4480, err= 0.1659, target= 0.5844
    05. left_shoulder_yaw_joint      real=-1.3042, ref=-1.4158, err= 0.1116, target=-1.2099
    06. left_hip_pitch_joint         real=-0.8511, ref=-0.7459, err=-0.1052, target=-0.6260
    07. waist_yaw_joint              real=-0.1558, ref=-0.2603, err= 0.1044, target=-0.1905
    08. right_hip_pitch_joint        real=-0.7572, ref=-0.8600, err= 0.1027, target=-0.3783
[action] norm=8.3776, min=-5.0873, max= 1.6643
[target_q_seq] min=-2.0312, max= 1.0359, mean=-0.0648
==========================================================================================


==========================================================================================
[REAL/REF DEBUG] step=799, counter=800, full_print=False
[add6 / anchor / velocity]
  real_anchor_pos_w        = [-0.1332, -0.4247,  0.8062]
  ref_anchor_pos_w(offset) = [ 0.0339, -0.2693,  0.7573]
  obs_motion_anchor_pos_b  = [-0.2069, -0.0296, -0.1039] |norm|=0.2334
  obs_base_lin_vel_b       = [ 0.0851, -0.0569,  0.0697] |norm|=0.1238
  obs_base_ang_vel_b       = [0.032 , 0.0043, 0.0277] |norm|=0.0425
[motion command]
  reference_q_head         = [-0.7012, -0.807 , -0.2161,  0.1227, -0.3105,  0.046 ]
  reference_dq_head        = [-0.0252, -0.0409,  0.0331,  0.0086,  0.0288,  0.0139]
  anchor_offset            = [0.006 , 0.0789, 0.    ]
[q / dq summary]
  real_q_seq:  min=-1.5078, max= 1.1453, mean=-0.0350, std= 0.6264
  real_dq_seq: min=-0.1457, max= 0.3789, mean= 0.0309, std= 0.1119
  ref_q_seq:   min=-1.5336, max= 1.0216, mean=-0.0445, std= 0.6004
  q_err:       norm= 0.5598, mean_abs= 0.0845, max_abs= 0.2852
  q_err_top8:
    01. right_ankle_pitch_joint      real=-0.5953, ref=-0.3101, err=-0.2852, target= 0.3913
    02. right_wrist_roll_joint       real= 0.5831, ref= 0.3883, err= 0.1948, target= 0.5496
    03. left_elbow_joint             real= 0.8368, ref= 0.6528, err= 0.1841, target= 0.8916
    04. right_wrist_pitch_joint      real=-0.1427, ref= 0.0002, err=-0.1429, target=-0.1426
    05. right_knee_joint             real= 1.1453, ref= 1.0216, err= 0.1237, target= 1.0305
    06. waist_pitch_joint            real=-0.0589, ref=-0.1794, err= 0.1205, target=-0.5190
    07. left_shoulder_roll_joint     real= 0.5591, ref= 0.6747, err=-0.1156, target= 0.7831
    08. right_hip_pitch_joint        real=-0.6924, ref=-0.8070, err= 0.1146, target=-0.3428
[action] norm=8.3194, min=-4.9367, max= 1.7199
[target_q_seq] min=-1.9651, max= 1.0305, mean=-0.0047
==========================================================================================


==========================================================================================
[REAL/REF DEBUG] step=849, counter=850, full_print=False
[add6 / anchor / velocity]
  real_anchor_pos_w        = [-0.3505, -0.5279,  0.8049]
  ref_anchor_pos_w(offset) = [ 0.0284, -0.2831,  0.7581]
  obs_motion_anchor_pos_b  = [-0.4131,  0.0744, -0.1718] |norm|=0.4536
  obs_base_lin_vel_b       = [ 0.4336, -0.0259,  0.1328] |norm|=0.4542
  obs_base_ang_vel_b       = [ 0.4879,  0.098 , -0.3121] |norm|=0.5874
[motion command]
  reference_q_head         = [-0.7236, -0.7838, -0.1895,  0.1259, -0.2756,  0.0405]
  reference_dq_head        = [ 0.0378,  0.1307,  0.0466, -0.0121,  0.0354, -0.0239]
  anchor_offset            = [0.006 , 0.0789, 0.    ]
[q / dq summary]
  real_q_seq:  min=-1.6310, max= 1.1773, mean=-0.0350, std= 0.6691
  real_dq_seq: min=-1.8285, max= 1.5893, mean=-0.1560, std= 0.7584
  ref_q_seq:   min=-1.5851, max= 0.9912, mean=-0.0404, std= 0.6218
  q_err:       norm= 0.7137, mean_abs= 0.1065, max_abs= 0.2940
  q_err_top8:
    01. right_shoulder_pitch_joint   real=-0.8626, ref=-0.5686, err=-0.2940, target=-1.1604
    02. left_elbow_joint             real= 1.0533, ref= 0.7700, err= 0.2833, target= 1.1400
    03. right_ankle_pitch_joint      real=-0.5860, ref=-0.3110, err=-0.2750, target= 0.5226
    04. right_knee_joint             real= 1.1773, ref= 0.9912, err= 0.1861, target= 0.9847
    05. right_hip_yaw_joint          real=-0.1800, ref= 0.0005, err=-0.1805, target= 0.3255
    06. left_hip_yaw_joint           real=-0.1365, ref= 0.0388, err=-0.1753, target= 0.0044
    07. right_elbow_joint            real= 0.9785, ref= 0.8253, err= 0.1532, target= 0.8831
    08. left_hip_pitch_joint         real=-0.5712, ref=-0.7236, err= 0.1524, target=-1.2271
[action] norm=10.0449, min=-5.1763, max= 4.2692
[target_q_seq] min=-2.0702, max= 1.1400, mean=-0.0290
==========================================================================================


==========================================================================================
[REAL/REF DEBUG] step=899, counter=900, full_print=False
[add6 / anchor / velocity]
  real_anchor_pos_w        = [-0.8991, -0.9168,  0.7036]
  ref_anchor_pos_w(offset) = [ 0.0221, -0.2955,  0.7827]
  obs_motion_anchor_pos_b  = [-0.9833,  0.1524, -0.5008] |norm|=1.1139
  obs_base_lin_vel_b       = [ 0.4045, -0.2033,  0.0215] |norm|=0.4532
  obs_base_ang_vel_b       = [-0.2802, -1.0834,  0.2269] |norm|=1.1418
[motion command]
  reference_q_head         = [-0.6543, -0.6776, -0.0846,  0.0883, -0.2582,  0.0263]
  reference_dq_head        = [ 0.0228,  0.0671,  0.1219, -0.0571,  0.003 ,  0.0056]
  anchor_offset            = [0.006 , 0.0789, 0.    ]
[q / dq summary]
  real_q_seq:  min=-2.1422, max= 1.5217, mean=-0.0565, std= 0.7591
  real_dq_seq: min=-3.0833, max= 9.7785, mean= 0.5309, std= 2.5111
  ref_q_seq:   min=-1.5882, max= 0.9325, mean=-0.0238, std= 0.6139
  q_err:       norm= 1.4874, mean_abs= 0.2172, max_abs= 0.6830
  q_err_top8:
    01. right_knee_joint             real= 1.5217, ref= 0.8386, err= 0.6830, target= 1.2547
    02. left_shoulder_pitch_joint    real=-2.1422, ref=-1.5882, err=-0.5540, target=-2.5288
    03. right_hip_pitch_joint        real=-1.1908, ref=-0.6776, err=-0.5132, target= 1.9495
    04. right_ankle_pitch_joint      real=-0.6967, ref=-0.2716, err=-0.4251, target= 0.5226
    05. left_hip_roll_joint          real= 0.5011, ref= 0.0883, err= 0.4128, target= 0.1846
    06. right_hip_yaw_joint          real=-0.3616, ref= 0.0242, err=-0.3857, target= 0.3165
    07. waist_pitch_joint            real= 0.1801, ref=-0.1605, err= 0.3406, target=-0.5190
    08. right_wrist_roll_joint       real= 0.3872, ref= 0.6778, err=-0.2906, target= 0.4655
[action] norm=13.1262, min=-6.4392, max= 4.6261
[target_q_seq] min=-2.5288, max= 1.9495, mean=-0.0156
==========================================================================================

